"Tenure_Months","Avg_Monthly_Spend","Support_Calls","CLV_Target"
65.9512290882412,495.183480940759,2,11751.3103789766
67.5323543441482,230.476934090257,4,8367.54763163485
21.3159069698304,355.953544452786,1,8597.82127266337
59.9617814507801,446.756938695908,3,10742.176094937
46.5639318414032,420.39654713124,0,11252.3021217285
37.8558123882394,372.522301003337,1,9469.16169854963
53.29777033953,330.513587556779,0,52208.6698636036
10.5613284038845,424.581568464637,0,8049.0665189201
47.64645261853,96.6278007999063,0,7292.13738833882
51.0595996666234,194.57898914814,4,7593.1522236515
33.4996661136393,152.044404260814,2,6944.45807010326
52.0569698673207,79.9013708159328,0,7193.10231233706
67.3617295478471,291.500935554504,1,9346.27272870202
19.1354465282056,343.155307024717,1,8540.13517177944
33.8227904005907,20.8175024390221,1,5413.63667383808
67.7410311156418,404.442186765373,NA,10529.4242231689
70.4540764153935,115.156575553119,0,7995.00256457141
9.34160267747939,340.037810690701,3,6211.47358986826
34.724792790832,398.112468197942,2,10516.135054265
40.7836249833927,477.047106102109,1,11665.5147474161
65.186228498118,203.685237169266,0,8629.42443498831
10.8484219084494,272.661287076771,NA,6475.05624775362
71.2113127533812,206.40997517854,2,8814.17669887223
68.213444511639,83.2292481139302,1,7038.56232238979
6.85306662507355,407.704840898514,2,7501.38001056833
37.5090366888326,349.399850256741,0,9721.58999123915
28.7044461644255,160.687284357846,NA,6925.96395316144
65.3074072946329,221.575497537851,2,47058.2199183618
32.7348435951862,372.92530592531,1,9473.46416669592
60.3563024597242,427.914197854698,1,10835.2385053734
53.3692888617516,57.1830025687814,3,5899.02743250344
58.5849150300492,156.254842206836,3,7454.36571451233
28.5556880799122,72.711194679141,3,5210.56479761672
49.6470507876948,126.530815139413,3,7453.81120103221
1.28033205447719,42.5863680243492,3,680.812051185563
60.1370416979771,49.2210311815143,1,6593.72150514627
1.5207244285848,276.142494082451,2,3753.59482956295
15.7437870705035,67.183803729713,0,4577.96377542005
65.3686999536585,220.806260220706,1,9760.11394833841
44.4362836848013,77.953472957015,1,6850.03406900676
27.9487060781103,464.15874119848,2,10679.1174184684
31.939782533329,24.6221684291959,1,5459.33911871463
3.65760333323851,252.001376226544,1,4932.90773423549
70.1213338777889,383.467759415507,1,11148.1609771393
31.6543386713602,457.804466560483,0,10849.7152315875
68.9879383617081,393.185257613659,1,11281.3423879034
64.0305982907303,487.58051328361,2,11712.1806571212
46.4384926322382,97.7987857535481,1,7339.38504064593
69.938629335491,169.63283341378,2,7617.66431055124
44.9375127204694,231.131069995463,NA,9011.88640703016
24.6733320001513,332.554127909243,3,8466.3697936085
25.6191256227903,351.487457789481,1,9065.68470712628
29.2924642111175,115.560904704034,4,6029.46269132606
56.7131870740559,403.830470666289,2,10365.7549841449
3.76449086982757,389.475128315389,3,6175.52556542468
54.1644724181388,336.487525291741,1,10532.4677197552
49.086654943414,87.2597395628691,2,7517.08223927344
13.1597674577497,340.770572982728,0,37661.4727642891
19.5372454314493,93.1203847005963,1,5618.02813324814
37.5233183607925,297.381818629801,2,8590.97499705008
48.9681164908689,314.542517587543,NA,9547.39086109014
70.7800210521091,92.3478300496936,4,7236.95443295856
54.9276429961901,277.365796305239,1,9030.40706343408
41.2206781099085,294.307725355029,0,9225.02326470562
61.3279700183775,309.718151390553,0,10558.2018450721
14.452649413608,423.851276934147,0,8660.15725563693
20.2613496440463,273.266472890973,1,7533.12990203312
59.7992524518631,137.893728092313,NA,7910.09800379534
50.2175422476139,163.292613662779,2,7783.42960688823
18.0786765147932,426.150991879404,2,9282.94542117391
4.05220451741479,235.137555785477,2,4859.19586909577
10.9740156822372,354.750112481415,3,7484.46820216387
16.3633644690271,474.752437286079,0,9965.58981332544
35.0372980583925,295.080913119018,1,8748.11123270667
15.0161343021318,256.57340310514,3,7209.14878510859
52.0742644749116,258.683888539672,4,8917.43280243945
1.55981645011343,64.9615686386824,3,1138.75518044673
27.6597874877043,480.175008177757,2,11067.320312147
37.5229472899809,115.6055489555,NA,6592.85006012444
1.11150934942998,275.766408927739,2,17496.5092412045
42.2938841781579,84.9301183223724,0,6727.28711015142
12.2112697807606,135.538979358971,1,5035.0227228644
26.4910097159445,108.337345682085,1,6408.86833054188
46.8398633666802,337.067237384617,NA,8874.70803615754
56.0834587472491,69.7468674555421,1,6389.8058476494
41.0189257508609,154.519524164498,2,7476.33522341055
17.5929413014092,22.0743959769607,1,4962.2504422418
7.38861666084267,128.22060123086,1,3835.7967820483
7.07845660974272,379.171151146293,1,7858.67640769194
22.6705042321701,33.6780585348606,0,4552.05833848031
48.3872825417202,377.785474024713,1,10013.7531033803
1.01696165720932,318.10444701463,1,3210.68561990593
15.8084669429809,212.509532608092,0,6618.08754229972
67.2454230415169,184.48270726949,0,8545.97134104426
66.7207771514077,132.605641260743,1,7956.87287667739
53.1206953714136,386.674363203347,1,10330.0008333743
24.6481108227745,120.004980042577,1,6139.24868287011
37.5694964181166,127.89583209902,4,6695.24523882124
53.8221998887602,334.378650076687,2,9402.10389262909
44.9603060430381,258.415621481836,NA,8429.19545518941
45.4634194611572,303.016851767898,2,9712.93703352972
16.4181965747848,227.73400824517,1,5649.13857397933
16.3762790788896,338.411553949118,NA,8337.02410783518
28.6150970342569,319.620645567775,2,9090.36311110599
67.9143541308586,260.926425941288,0,9998.87245759414
69.3451689775102,163.074751235545,1,8054.91944266146
53.5297248242423,371.377530172467,1,10662.8808098484
53.0604593062308,425.026240721345,3,10843.6385992892
39.0390515897889,340.070966370404,5,8822.50441759474
1.16138059203513,262.256648279727,1,3492.63316664735
44.2345591308549,361.608533896506,1,10071.7022832984
60.412910719635,488.308925814927,2,11655.9018563688
54.3581019516569,351.218782700598,2,49119.8938078116
33.1439416515641,497.81909070909,1,11018.7645276358
39.041089561535,476.831433586776,1,11319.4757533793
39.1537453671917,385.522005073726,0,10106.5670575391
1.09803989389911,89.938279427588,3,378.680829246477
26.2522827219218,104.110573977232,0,6274.38771890688
44.4614494007546,468.446850888431,2,10966.4974113031
59.8548912692349,250.300293788314,1,9345.81435926941
26.3272619543131,197.173305861652,0,6788.4758215275
30.1550939334556,176.19550909847,0,6460.45420925065
41.7167888248805,247.56543982774,NA,8068.0410097558
42.8671595535707,466.883611641824,2,10784.9445672626
52.0956677573267,275.509493201971,3,9206.22938051298
29.0430862102658,459.929959960282,NA,9624.56579557226
66.2634789687581,176.959564052522,3,7686.55212458413
69.34249084373,165.99444784224,3,8000.11800041568
17.5801703126635,22.5572538375854,0,4276.33064879195
52.439329599496,251.612662561238,1,8782.34053906594
65.1580512847286,201.039663217962,1,8098.37966826363
43.8466600175016,86.0612231865525,0,31870.4032608752
45.8370182225481,267.92229089886,4,8184.89245650099
67.5543953254819,405.581786073744,4,10088.8337904324
61.3842752985656,39.7420975938439,1,6705.85069041682
42.1672838332597,362.413217835128,2,9544.99782834797
59.3196785976179,360.233416520059,1,10124.8362078219
9.07402124558575,449.83746804297,2,8949.75631293926
55.2800508651417,152.077919915318,1,8010.65062631165
45.2765554608777,84.7064723819494,0,6458.19009257494
11.5397090760525,464.554575569928,0,9595.34310479603
6.6987771273125,328.671229146421,1,6545.35289402193
33.9489381439053,310.133345387876,0,8836.38705630046
56.3351394634228,165.393328145146,4,7698.27554844739
53.0804851285648,123.257347680628,1,7393.01003752796
59.0233615525067,413.463803045452,1,10935.4471135612
13.0815361691639,291.969451531768,2,7059.64104954467
68.0751431123354,454.173193536699,2,11741.0046874675
21.847292737104,308.785122074187,2,8529.20507451667
11.5841157236136,116.357561349869,2,4713.19353853583
52.0758799810428,413.181491270661,2,11267.9356334161
24.0101026261691,335.056047774851,2,8254.38574826892
56.2954743956216,230.082904174924,0,9607.49893370587
29.0053111289162,86.1078281328082,2,6212.62958059285
49.1800936220679,30.0834975764155,3,5759.62523831695
56.0835780347697,359.979774653912,1,9409.76113242127
14.3387021254748,66.4917294308543,3,4333.12446009732
3.06509314267896,60.4175149649382,2,2066.08794738545
10.6356795914471,113.91352634877,NA,5291.26476174265
49.291656647576,492.960255220532,1,11812.6497377595
67.3724297177978,339.220508188009,1,9557.55370482709
40.0850799900945,494.342833608389,2,11377.6952042541
43.7254027153831,206.184701472521,2,7563.98717044333
14.9866086570546,410.687637589872,1,8208.62997942846
39.0017993501388,149.353236891329,1,7555.26522136028
13.7484574886039,249.196220003068,2,6962.42687909593
33.083941103192,115.561230815947,0,6475.29768251411
23.5107879766729,378.139405474067,0,9848.85060587552
9.2484015985392,289.315938912332,0,6683.58522349471
14.2132531299721,123.599337823689,1,4690.30056852004
52.8108368618414,114.687026813626,2,7490.69977806468
30.2429170561954,47.6935965195298,2,5216.21584204007
30.3975274036638,185.765207409859,0,7405.64902012521
35.1020191591233,318.58487110585,3,8491.10971635304
31.3521070580464,103.335020840168,1,5786.15856399119
10.6908155696001,22.830216884613,2,3804.61317505478
59.5522378515452,59.6143508329988,2,6286.17820944477
43.053601220483,111.20310138911,1,6661.4771958972
57.4021854123566,418.523753359914,NA,11187.0413655238
55.6013022256084,210.823314525187,2,7332.2381770498
66.1820056252182,65.0414215773344,3,6394.22290058316
62.2467141707893,447.12648563087,2,11974.000711185
23.5052418839186,273.97209636867,2,7821.34588393783
19.4075008949731,416.421379372478,NA,8472.27252944442
53.7009180877358,156.778105311096,0,7836.71489868501
54.0626392934937,393.525492250919,5,10225.7181924139
66.1711864157114,89.5640090107918,3,6752.78767152273
57.3165758533869,128.99690348655,2,35733.5619751775
10.4664028962143,309.10559900105,1,7115.91285866588
21.4302324040327,448.30781519413,3,10012.7949118044
14.8220062109176,329.828397594392,NA,7665.54703815939
56.6717661686707,227.671837881207,2,8874.46756835659
10.1499234829098,450.562205612659,1,8035.95945641354
10.1653391302098,473.872620984912,2,9761.28985329637
6.12997090118006,321.197411753237,0,6882.58854385911
4.77219332708046,59.8486533015966,2,2613.3536207364
38.7630849857815,233.569061756134,0,8247.59348470754
8.97388515784405,193.568381741643,1,5021.28331806176
53.7663281003479,497.778676189482,1,11477.1520683958
52.9233988872729,259.687482193112,2,8988.52553824658
63.8433557807002,143.72204143554,NA,7033.50288891772
37.7148849442601,367.730847969651,1,10028.7521285897
61.4870999346022,95.7853921502829,3,7362.21902244327
32.4385350469965,171.419589072466,2,7124.95322353623
12.2094871299341,162.217059470713,1,5284.62478348275
32.4050493570976,346.146972663701,0,9624.68986073599
69.7090903734788,238.899345099926,0,9151.97083796123
35.4057429905515,29.3056676909328,3,6112.28907485532
18.9245492003392,368.427298516035,1,8933.15921013498
19.4379885932431,176.992513537407,3,7018.7324293081
39.4831318026409,337.394388988614,1,9218.74575622596
47.1411844703835,190.429889522493,3,8226.10133903176
24.885758393677,239.787248149514,2,7886.6301723713
5.32743198634125,300.792901962996,2,6173.74006396276
33.0430703652091,114.004807844758,2,7123.64258073689
60.5516073745675,144.298402443528,1,8258.14907899473
41.7992507372983,437.695015184581,1,11191.9388583171
26.0878767960239,77.2488090395927,1,6269.97101258555
39.8672515547369,413.715389110148,1,10106.0113557112
64.3830201614182,294.648396186531,1,9958.4607536529
35.7893305113539,132.519853487611,2,7263.95355243146
13.1858800349291,295.529813207686,0,6666.24209122068
39.5552005749196,381.866733208299,0,10598.1797466193
69.2642064080574,69.3819281086326,0,6758.55537959752
23.2715513657313,343.364340737462,1,8151.55172691317
59.2565329154022,74.3297091126442,3,6673.66605938311
22.8008624315262,428.979065567255,1,9051.99986966925
14.1672042622231,211.496728807688,1,6104.5946925027
4.4326211491134,288.546247966588,0,6035.06319865192
18.442864456214,253.036334402859,2,7241.74642550507
25.9285914720967,80.9220752865076,1,6268.11830738811
12.290589105105,422.509279362857,0,8943.78010372116
22.5909577722196,398.656605482101,1,8675.74675908022
2.24593105888925,338.490363284945,3,4515.7445919756
71.7552402247675,131.882017366588,0,8056.39006595209
58.1119251989294,477.802191972733,1,11556.2975725917
7.14722272451036,356.468418501318,1,7490.50768024288
62.7652621476445,300.804040282965,4,9479.11072340004
40.3755962993018,477.384060509503,0,10832.1361464037
30.917867949931,457.687332592905,0,10419.7259000409
5.80221415543929,57.4278014153242,2,3534.00839244681
40.8620949131437,52.4261965230107,0,5816.25381402648
6.02125449315645,471.605840213597,1,7652.08717910032
16.0088276583701,100.297228246927,1,5489.34281229923
40.0230493552517,457.758993171155,2,10900.3867082781
35.2206828338094,100.792446732521,0,31166.3418192759
12.3223596732132,163.28379701823,2,5508.05417772215
11.620108650066,38.4932352602482,3,3902.47517352273
36.4483745067846,212.384772785008,1,7535.81280113823
67.7801063416991,314.15319852531,2,10040.1428178924
24.7304241878446,138.274199552834,1,6093.93415799545
14.3788374003489,31.0534915328026,1,4134.01568854217
20.14984865929,156.422805041075,2,6479.00856215545
38.6828295453452,410.188488103449,1,10191.140504929
2.52296622516587,365.080824904144,2,4901.16935276882
57.7119818315841,274.196836985648,1,9167.80324126971
8.83379211486317,108.481877073646,2,3689.6773371338
39.3256782926619,342.378621771932,1,9305.62688156686
41.5576067203656,223.772153742611,2,7821.08039383529
44.9455598341301,289.599404372275,2,10253.1787300746
51.7546122383792,232.538422830403,0,8906.71364024426
9.7543410861399,467.872717343271,2,9007.84770989811
23.0845229318365,241.535786241293,1,7587.25229322959
68.1474805460311,321.912068910897,1,9883.77802448644
36.5017815597821,294.555930383503,0,7859.84522653535
10.60136543517,348.365245349705,3,8146.94192790652
62.7173052581493,473.513446487486,1,11583.617318906
15.5585224586539,36.2187871709466,4,3806.72155541436
66.6782582586166,176.420111469924,1,8064.87215456875
63.9595054741949,406.240103207529,2,11342.2414574438
10.6770035922527,122.403961420059,1,5219.26182610743
56.7598103932105,209.404666349292,3,8799.7330852914
33.1845424056519,397.233228571713,0,10131.7126653492
10.6377117773518,30.5248714983463,2,3666.90406315918
63.8506936163176,331.137234568596,1,10008.3741482468
24.9066613495816,295.993074066937,3,7451.75010657284
23.6684621751774,304.736674576998,4,8106.89345913942
29.6685798466206,304.574428647757,1,8505.07624505191
35.0144887999631,366.913209073246,4,9183.41535317229
27.1210292358883,381.073226481676,2,9744.41974235176
34.0640303012915,57.9129217192531,NA,6471.80344658269
4.54234285536222,369.993135593832,2,7491.55996558948
14.302326523466,430.964518934488,0,9348.17848888753
70.768818373559,361.903873495758,0,10694.0342864995
24.3074589406606,344.026892185211,0,8551.16499986693
13.1407437266316,488.709787204862,4,9314.75922262346
35.6660975096747,418.053073175251,NA,11066.1766586561
2.32680622907355,474.695094451308,1,6768.58539917592
25.1034409431741,151.878688447177,4,6940.53110706336
3.10609966609627,295.581545308232,0,5157.9275425691
62.5732350773178,35.7161407545209,3,6417.23221030799
52.95123957959,233.005972318351,2,9542.49704459299
23.3835165733472,170.712211206555,1,6687.45950273502
28.4382348363288,129.24383547157,3,5691.44576144096
24.6036653274205,107.477071397007,3,5524.61087713076
7.37423595180735,419.798312932253,1,7511.80166695108
54.7509477776475,493.704365380108,5,11464.5791435356
43.8107633013278,111.052607670426,1,6673.53477791521
11.3233980520163,183.023551702499,2,5787.80520939742
3.30874132551253,241.25764798373,3,5039.47216026615
35.3475380532909,219.018076509237,NA,7185.54261085351
32.5644364787731,426.070618368685,1,9834.32880234041
5.28737688669935,430.929993316531,0,7566.583505243
24.2529275664128,236.761881783605,1,7877.07527909564
63.3684623581357,371.592878587544,0,10832.9748402517
67.0729469247162,344.463919922709,1,10384.0185752419
28.8446704468224,379.782823994756,3,9928.98152305154
12.2781210134272,480.427438244224,3,9119.40120826879
23.7162796754856,497.973012961447,3,11164.327487672
22.7945590382442,490.56989222765,2,9772.38292183914
8.6545990658924,291.663938201964,2,6649.52804525344
70.5327355421614,459.680266194046,2,12061.9959844265
36.2801433957648,486.378257796168,2,11478.9079311752
7.60830170661211,482.445282302797,NA,7752.26810158395
16.035929730162,308.068854026496,1,7508.53263884906
67.0655529829673,114.107762314379,1,6804.96873307855
22.0760948804673,54.6941746771336,3,4902.44847520481
47.3784956689924,215.669488199055,1,8075.17793004837
64.9760039313696,26.2233617156744,4,6570.69607990907
71.3465013203677,494.871170893312,3,12205.9450025168
31.553658714518,376.184801310301,3,9273.30540985059
28.9581614800263,406.072022691369,0,10466.5310890395
11.0755315774586,96.2416802719235,0,4704.28904769158
20.8662754404359,412.577800229192,4,9634.42611357001
41.1023778025992,268.035028502345,2,8857.16360946601
67.3949048852082,449.621527977288,1,11875.8579759533
26.4464103006758,481.865345910192,1,10957.7529489648
60.7825098445173,387.401213794947,1,10461.5279026572
52.2910542194732,325.171018242836,1,9172.65966770105
54.3022552407347,477.642174512148,NA,11547.6524474865
66.6031801048666,205.769049376249,NA,8146.9578798107
1.16884558391757,139.546040594578,1,1447.13263838118
12.3905239612795,33.0277609825134,0,4084.23372161992
29.3483795421198,188.647257983685,1,7458.45829453327
48.9476899907459,121.600356511772,2,7339.03509984393
35.1064131585881,170.791524909437,0,6652.66568867778
38.9018434335012,155.569625198841,3,7156.05660405971
23.5034611672163,161.198894940317,0,5961.56354677823
58.8477889029309,381.477136425674,4,11190.4011367751
21.7475860083941,222.02704038471,0,6906.37508798229
30.0483784843236,349.094949811697,2,9768.10822862443
7.45519984373823,476.102671585977,2,8391.07492025219
57.7003612995613,262.673798054457,1,9383.26616604028
26.5447527279612,110.987480953336,0,5929.00947288234
3.87461794866249,294.329303503036,1,5510.25979138857
3.91713012987748,343.228879459202,1,6310.0124242774
68.7648309245706,205.58057423681,1,9324.18227875557
27.5072283863556,484.019692949951,2,10329.0791486518
58.2557963964064,265.787400268018,2,8461.00749949408
65.6141896375921,37.7038510888815,1,6137.90138055296
32.2454111133702,311.390573866665,1,8897.13736553437
41.9198917150497,411.969749480486,NA,10451.0100075058
6.23041345668025,343.203829973936,6,6152.4954002075
12.6885450028349,95.1301578804851,2,4772.51820801818
53.5322450872045,483.774689137936,1,11551.4434560566
34.7754819034599,463.520876467228,1,10617.0452316586
49.6719876818825,83.8707092404366,2,7563.09334804049
68.557560939109,398.54269977659,2,10958.6858936502
36.3199786168989,466.336561366916,1,11373.9962340799
34.4055444886908,329.657070487738,0,10310.5045664004
40.7736284544226,379.545411169529,1,9486.44580965874
47.3282185578719,240.161323659122,4,8212.49241172643
20.8497184119187,49.3440376222134,2,4947.07152175948
70.5734388544224,36.0373072326183,2,7099.79224714264
46.7143516691867,207.618524357677,1,8026.11981259225
42.3630689398851,110.329275913537,1,6969.0809885583
44.7268428422976,146.989887319505,1,7437.32549791314
66.6849609080236,116.304003559053,1,7745.53086030698
28.6916255662218,104.196735359728,1,5928.2586773461
21.4422976358328,450.197261683643,1,10930.5967121284
7.44225349440239,49.7783305123448,0,3151.82429928318
23.8644071859308,217.343402542174,3,6942.80414605829
54.8371779920999,169.096188209951,2,8002.20406905161
8.41331800306216,226.7411095649,2,5888.22943335387
51.4297275347635,179.192272163928,NA,7392.97704653069
69.6198942374904,134.351783581078,0,7916.72799128735
15.3058770608623,199.107868112624,0,5922.00088453427
8.70269446843304,255.534673407674,2,6478.80079645415
4.93355469359085,29.4301313534379,3,2079.40100009799
59.9103695708327,34.1657059267163,2,5898.78545373129
42.2650407168549,341.876187026501,0,9716.12065439986
34.3765586460941,415.783258266747,1,9693.00825265449
26.9160025203601,390.690735839307,0,9712.48691812793
20.8888485373463,388.047681041062,1,8893.14750135849
43.5798257030547,396.863272599876,1,10072.9267306374
59.1184425174724,460.537556856871,0,11007.7644987196
7.94609191152267,394.193417951465,0,6848.76115412337
69.4219563514926,221.882852651179,2,9267.01718363972
12.9802874806337,298.139689080417,2,7927.03109529448
7.11192181776278,402.895670980215,2,8080.00670808445
62.1459593947511,465.917799919844,1,11652.6287429536
38.2601327446755,74.39039722085,0,6418.2060508377
47.6335721451323,111.387789361179,1,7173.79921084939
17.2958754692227,390.159927792847,1,8722.76478351281
52.2070482312702,72.7930884435773,1,6903.40490602744
35.8432780446019,320.753310918808,2,9349.72051929264
69.5331470663659,323.483517505229,0,10623.5521885233
65.3929161138367,435.976933911443,2,11768.5156451652
40.1387874770444,341.758312992752,2,9271.1479127425
6.36753606516868,426.414212249219,3,7727.63053726582
2.61170079978183,129.28532063961,NA,2748.93727048196
37.4400064751972,83.9466671645641,4,5526.63514832454
45.7815567660145,267.008223347366,1,8476.69671512855
30.7327853275929,347.700163461268,2,8996.82267818273
63.4278821072076,320.849415138364,1,10081.6852834781
8.66708218422718,486.603744849563,0,9568.27095058464
70.5997874443419,330.995381474495,0,10686.0954891112
19.8126308228821,160.473703406751,3,5606.05720597127
6.98370414832607,408.62538151443,3,7759.38376815037
28.3994094759692,392.162079028785,0,9361.99658967076
9.86760372738354,415.851275734603,NA,8784.23882469756
42.2903497398365,287.332700714469,0,8683.28218522499
18.0506221761461,23.6356584355235,5,3627.04144612724
52.254040091997,243.264383226633,NA,8685.96845232615
11.3609370379709,479.842568039894,4,8678.151395341
11.8515526913106,387.070814706385,2,8579.45197169765
19.4048095860053,344.386860057712,2,7961.31606151524
56.2299244648311,421.437390521169,1,11207.8260347882
31.2791072777472,156.42399828881,0,7435.81233656689
5.26343186758459,169.055383987725,1,4279.17670712175
9.1531101281289,83.6027365550399,2,4305.07311941885
35.2757397112437,306.047960296273,2,8579.93985310728
70.5213244576007,412.296475507319,0,10876.8323067738
58.6176918717101,391.222088821232,2,9667.23119348278
39.5468100137077,321.718626432121,1,8906.21216420049
6.13806317746639,71.2366212159395,0,3734.67196866884
34.1204524720088,432.561531439424,2,10315.2524130902
25.1333008611109,465.251653976738,0,9996.71305579974
49.9842209652998,248.457038067281,2,43090.1185889606
37.5051734163426,105.676949284971,0,5738.42961641433
37.5595341082662,213.824850022793,1,8228.59702716139
39.7315191351809,487.390760183334,1,10924.0063892392
32.7694704348687,494.000306129456,1,11012.2186505979
6.95582366595045,276.59530594945,2,6192.97318828199
67.0394921146799,30.0202561169863,2,6127.9917718203
2.16782122338191,155.30253842473,3,3310.83481753645
30.4005603583064,332.993486374617,0,9240.36481540126
17.1153026293032,465.393536910415,3,9716.5542069479
8.07448170147836,331.909828111529,1,7340.1317854475
35.2875951319002,280.368587747216,2,8878.18945164422
47.1591356717981,341.38828907162,NA,9694.87424403412
66.4144142654259,478.61192908138,1,12885.0523312489
26.7447283046786,361.580438092351,0,9027.23362436216
61.7145842947066,183.138125389814,2,8805.77377130642
22.364336758852,207.736631073058,4,6212.50648537691
34.0620321857277,164.474130757153,2,6862.76273615355
11.1338772098534,441.560480594635,2,8522.39000612673
58.3480485477485,218.603551499546,1,8263.61337649423
48.2723418576643,23.3880372345448,1,6039.25440275615
5.39780957368203,59.1577713564038,2,3298.83493648304
31.5957153516356,120.918314792216,5,5802.36270230216
29.1767107816413,341.889917142689,1,9206.63983974047
50.4839293495752,237.238599844277,1,8882.67575190706
47.811695193639,225.436363629997,6,7945.26814944679
29.9219003859907,291.116436198354,4,7870.80973199595
22.7913356467616,42.3075693845749,0,23781.7212181646
19.1126214992255,335.746325552464,1,8013.81649403651
48.7523388883565,357.791602052748,3,10031.3962540872
64.5019337844569,374.575574696064,2,11257.8759484311
61.0472670914605,286.221240796149,5,44310.5836858472
28.89603184117,51.541304141283,1,30764.3179795992
6.61258833948523,294.774397425354,1,5855.73665911597
59.8180370458867,261.468848623335,0,9046.00730344226
6.17531956639141,238.370557762682,3,5260.57199820418
9.14815010805614,355.96119556576,0,7419.8729218963
46.4388831765391,215.900876782835,1,8319.3542437314
23.7602002131753,455.665169395506,1,10453.968450622
14.4012163574807,131.133577339351,3,5693.23223923248
28.96190452273,238.299309127033,2,8013.56211851962
62.20384713565,399.701910167933,3,10089.8407252272
25.7017098644283,473.651026040316,0,10317.3648299258
1.10180679080077,393.289477527142,0,4723.54701720135
65.7011962127872,206.793288104236,0,9036.50632067874
68.5723648741841,430.92328902334,0,10886.5647680439
35.8552477934863,250.448854528368,1,8003.46223104846
33.9192717871629,90.4046117514372,2,6436.91675361329
43.3495153230615,290.54902382195,2,9322.62958650394
65.3296179664321,96.7385749146342,0,7546.43293887204
13.2830837094225,167.695962898433,NA,6465.89813480476
56.7975564461667,399.224798381329,3,9584.27159247598
17.5383413070813,386.232895515859,3,8723.33792389564
41.9704228411429,423.573120012879,2,10461.1073367067
60.702269364614,62.8090693056583,2,6311.98643597927
10.3864681567065,174.743342921138,2,5183.66966004672
64.6082744598389,258.919308707118,1,9355.77265065832
32.9597512225155,109.371558316052,2,6840.96604132849
64.484120186884,161.317502558231,0,8286.38191701974
18.6467078183778,318.638139776886,2,8273.12772823525
6.94236584822647,160.238739326596,0,4457.77173905447
4.45351630239747,72.3264160379767,3,2630.5803587892
70.5669265592005,440.108228810132,2,11450.4042301553
35.3759096213616,352.33990997076,1,9534.35754647953
61.0229054091033,429.752293005586,1,11435.5814459197
30.5568459217902,477.882655002177,2,10589.7515891085
35.7433205409907,473.591103926301,3,11054.3083910682
14.0134350438602,29.5975717157125,2,4220.92484014054
54.900464220671,210.064762569964,0,7986.73094665254
22.6651744802948,146.978216469288,3,6288.61159084407
12.7631555448752,266.203413680196,2,6130.98364903113
3.32944914977998,385.469419695437,1,6075.47203013673
10.6918697829824,48.9828697964549,1,4158.19320574415
13.5766852111556,467.842096798122,0,9005.11846684371
37.8887919823173,187.491979710758,3,7356.24653023689
58.5895757402759,217.662988863885,1,8580.60622090876
9.19070288934745,481.350309252739,2,8854.46808684463
64.4329468489159,274.914998672903,0,9194.09332453047
41.8500545583665,182.48573269695,0,8031.03623102289
11.4066399950534,322.762272283435,0,7811.2944759725
65.0992115414701,78.4346076101065,0,7048.73403479608
18.9631753293797,450.784960389137,1,9894.32496847822
11.69242961891,268.020138666034,2,6369.81195716907
55.5668483495247,408.543316088617,0,10937.923896158
17.3387565060984,448.979630991817,1,9871.19629539088
22.6833522883244,202.195912115276,2,7007.08319231483
37.8184424645733,47.4973284453154,1,5975.71979938129
24.7565763401799,185.951416753232,NA,7481.28467796001
11.9648827458732,211.912221312523,1,5866.26828311254
19.9122393741272,311.114825345576,0,8531.01359906636
25.9035777915269,346.422612890601,2,8929.91564417043
42.0705448940862,119.331851527095,3,6446.44379697402
58.4107274613343,488.484379500151,0,11934.8909051051
67.262192360824,33.2297308743,1,6461.20358623521
60.2042969642207,149.15713544935,7,7501.790444691
10.0171969898511,165.137731395662,2,5402.38610280886
47.1112305573188,469.122460559011,2,10475.497041262
50.014967687428,311.003066860139,1,10159.8898024357
3.27518253563903,179.621817544103,1,2981.85504216122
66.3547296405304,288.637693189085,1,9930.97734715365
34.97129098,92.6078037172556,1,6043.58018671053
19.9229610674083,239.555731490254,0,7790.12321522074
61.8122608542908,81.5970239043236,2,7124.04862953525
17.2693999214098,49.5634555071592,0,5422.30698678583
57.2282280044165,218.00384555012,2,8415.38500908229
46.921015083557,282.384756654501,0,8189.3632976968
31.1277630378027,255.708116441965,0,8132.84279919553
7.74984702887014,310.376140624285,NA,6838.39820970175
1.24620697950013,199.224701225758,0,3207.88111091006
38.7104904963635,489.830624237657,1,10793.4280044164
38.22580523137,429.75268047303,1,10415.7080618615
16.1361743768211,23.8282411545515,3,3975.66008255558
51.9021776791196,296.079515516758,2,9878.9681761003
69.2553939102218,93.8054902851582,1,6733.35209602238
37.7969285733998,239.772589989007,2,8549.23483807686
13.3914895830676,322.365524731576,0,8223.10741012645
40.9403495765291,151.233228929341,3,7037.38938197622
54.9073300473392,70.8592718467116,0,7200.85793412523
48.3549649636261,66.792795881629,2,6623.8225443599
16.9659775488544,483.190661817789,2,9559.335374868
25.5553331330884,32.0178891718388,2,4767.49507422006
23.7080549530219,450.392708107829,2,9144.42688116506
65.247786231339,300.558600723743,4,10106.5755145698
15.143084987998,338.014596514404,0,8651.22442346803
49.3483741772361,264.851106144488,0,9534.71231958291
10.7637608638033,138.648579716682,1,5121.62933394335
8.5966227685567,458.66101603955,0,8498.28114831755
7.59301710035652,294.703561961651,1,5815.85609060591
66.0678758185823,314.964903146029,2,9635.83928144852
20.6712909454945,276.833097077906,1,7402.06706993197
63.8913652882911,397.922091707587,2,10264.625609545
55.8733901171945,387.019959799945,1,10702.1918487788
57.4486377681606,267.846379689872,0,9101.44249391899
15.6028251098469,165.782774165273,3,5989.06017621711
4.4217259301804,119.161323830485,NA,3149.66793034418
3.75593111407943,232.303393371403,2,5396.92009887918
21.204763219459,314.698117896914,0,9391.87471907832
25.7654981056694,332.873047813773,2,9267.953606363
53.3591861047316,323.835953734815,0,9811.52362457415
18.8681142677087,366.277705691755,2,8860.41692651849
37.7380272191949,119.288968928158,4,5915.63411966065
54.9205753097776,205.902398526669,0,7946.01380760205
46.1620014838409,254.495486840606,3,8323.48957550884
15.4797886614688,168.784250766039,1,6710.96177700228
71.5062150279991,489.100175015628,1,12084.5325959953
1.02875807881355,414.708229340613,2,5188.40264543442
15.6664717798121,82.1085457503796,4,4692.77658153435
46.0159944347106,246.219900511205,0,8559.36601415492
2.22771959379315,466.166564971209,1,6775.16723536347
2.89821846433915,89.8328811302781,0,2621.20779790852
44.1566822498571,216.888837516308,3,8565.97514267755
41.5084360439796,59.4205087050796,1,5673.63546224079
18.4555877035018,466.818158142269,3,9718.55153488791
66.2862811353989,412.804981432855,0,11234.4453221449
48.7273503183387,115.807688273489,3,6864.98994384743
46.8269811905921,320.795218423009,3,9063.02183237204
15.7882672809064,247.333355210721,3,7093.89391536745
35.1238592395093,324.179503694177,3,8337.71109406111
71.0428194114938,318.650450445712,1,10420.3715029511
71.5115091886837,446.693973168731,1,10789.1916147051
33.0049565972295,238.485301546752,1,8628.05018280132
51.7542638150044,456.488974019885,2,11478.4527197965
23.4758744898718,377.584761865437,3,8985.58658194715
60.1918168049306,383.889243975282,0,9781.78605812295
31.8122662897222,228.194968439639,NA,7793.68924998184
71.7154503315687,36.8097388371825,1,6455.4332030243
58.2125961463898,445.589250288904,1,11810.3132539362
35.5231938867364,183.080749362707,1,6799.18789394737
39.2528120661154,292.476732581854,0,8369.50375867377
25.2138334929477,38.0414916947484,2,5007.7233476717
4.69310791604221,382.718276791275,NA,6589.69460884088
33.5693410353269,439.621424637735,1,10194.9304847267
36.369117917493,76.5923049673438,2,6035.9479159632
21.076259993948,138.351018242538,2,5927.21528697917
56.1276008496061,142.469123825431,3,7240.81251734479
22.5735460922588,23.9510596171021,0,4692.48975698803
37.6041339202784,433.776810728014,1,10483.2772704308
34.9345048973337,217.31649428606,1,8225.70755779929
55.588507944718,353.383452892303,2,10812.8726196852
12.6389487530105,173.151645883918,2,6090.53757162084
32.3659646422602,234.054823331535,0,8042.59570361819
38.1619445513934,407.628052383661,3,9573.57816430411
34.8612623927183,239.209956862032,1,8461.32552341542
38.2496734310407,182.796407602727,1,8144.54271316109
49.6512055508792,391.925865486264,0,10486.7936910258
25.9772335705347,488.455803468823,1,10571.233118067
60.613821255276,217.496989741921,2,9064.066208853
66.4558721010108,345.119684264064,2,10310.4784353947
8.54798311670311,274.339910708368,1,7319.03088372281
15.6635531864595,81.7063676193357,0,5086.85928424554
35.5516467376146,43.9455376565456,3,4937.60663556463
23.9913636907004,37.8571966663003,0,5644.0095750249
34.4916886759456,481.745214574039,2,11036.7780579673
42.6122836477589,186.59530069679,NA,7561.006766436
16.9004508936778,393.513106592,1,8360.85517091844
53.1161101250909,126.405235789716,2,7626.1769079756
11.6843710327521,402.740844264627,NA,8757.32220740495
50.5262890490703,188.93833655864,2,8059.61097514122
19.7516612452455,33.6129482463002,1,5399.52116966582
31.279009480495,329.208905547857,3,8389.40498946478
52.214683707105,256.010225713253,1,8987.89733610218
34.6874912062194,147.710849456489,3,6692.52559820398
25.0396742252633,183.821160756052,3,6942.70170260123
18.0820418577641,53.0593124032021,3,4856.20500165995
16.3544371305034,60.4884950444102,2,4670.76416006417
18.1861264517065,474.712299928069,1,9348.39954082628
41.1082317847759,387.929034754634,1,10148.3412417159
51.5923343119211,480.286609195173,2,12070.6021097932
8.67485845438205,447.882996425033,2,7629.41748590622
37.8543870213907,496.070256009698,0,11188.0411393596
61.5055144662037,159.226341880858,1,8190.52099507584
51.7388678891584,395.321004763246,0,10225.8408910059
23.2926996247843,216.493065953255,2,6709.71633324386
9.22301711165346,200.860275290906,4,4938.06217538831
41.8252887928393,479.120991900563,NA,10936.6499594821
60.0274064652622,262.689157612622,1,9338.29686470455
37.9441228110809,43.7557382881641,3,6478.68888483968
50.2747830322478,83.6240381002426,0,7101.31780741845
36.4931832537986,390.381700769067,3,9456.94729412164
26.1453883084469,413.010746538639,1,9528.83079679981
69.5010952898301,200.84116242826,0,8337.86630484284
66.4805490456056,40.7938073948026,1,6396.97219565745
15.5260821711272,237.967699579895,3,6392.36765333398
68.7981082249898,66.0126462206244,0,7704.31800821432
63.0534910988063,149.89197332412,NA,8171.06370233889
50.5114830310922,468.380110934377,1,10716.8540944667
37.3941587232985,434.534100368619,2,10777.1564048746
35.1379725930747,499.585083276033,NA,11646.2547016431
15.3278655398171,82.3211892694235,3,4689.82526289954
8.11628415831365,281.739278584719,3,6765.2109856797
34.553810098907,419.42154917866,2,10283.3309448929
23.1647550140042,484.836180843413,1,10688.8765572938
55.8403506644536,461.699270196259,1,11345.652062573
64.9762540946249,95.3727383166552,4,7581.58394663242
24.8012791732326,44.1590360179543,1,26338.7246390329
59.500041494146,419.536819010973,2,10855.521917798
16.6223330476787,82.3479182645679,5,4890.99825991903
55.3947854244616,204.12768855691,0,8426.97590894741
40.8102574266959,367.002803124487,3,9565.00765499661
31.065343181137,47.9115743935108,4,28097.5750749699
60.5384549666196,101.339861117303,1,7190.60369809954
21.3997617161367,203.393582589924,0,6866.72388740326
34.4211697487626,137.415826395154,1,6640.12967662837
56.4399618678726,220.133913569152,1,8035.30197769638
6.87289544777013,177.455562949181,4,5263.69913961846
29.0107460673898,81.4544817060232,1,5667.81797719761
7.79195992089808,195.315718539059,1,5171.27985280862
10.4666597545147,306.191985532641,1,35656.4672839267
16.6999586413149,384.411020465195,2,8376.41842413482
20.4624874144793,278.774999082088,1,6966.59369730202
22.2332067282405,151.161162890494,3,6345.74536496748
27.6098608497996,469.274685196579,2,10617.910965158
35.8931269703899,277.08717379719,1,8497.41593150909
63.3807862666436,437.921955883503,0,11260.9863274006
54.159817840904,389.402815848589,1,10239.2694821568
68.8182076432277,355.666394419968,1,11296.987687085
24.5663351276889,49.6322908252478,1,5178.89803517785
59.5155585424509,387.127631269395,2,10560.7263500657
10.4192422211636,137.702111415565,2,5010.78268805015
9.85347662004642,76.4989721402526,1,4157.47597695419
52.6957895364612,406.423301883042,0,11779.9109749524
39.9378788259346,491.777910776436,2,11227.6698181674
44.2047363084275,189.567331895232,1,7422.43212954249
9.72921573882923,61.5131497383118,2,4076.36540598016
63.2268636242952,22.698093727231,2,6730.75958835354
60.8067659104709,231.037098802626,2,8326.43894127528
4.28288476145826,113.839475922287,2,4016.36395583921
51.1983013304416,47.8539547324181,4,6187.8803766093
38.9701649146155,400.523591265082,2,10027.7310620552
68.1274636173621,169.988998807967,1,8618.88078126469
65.7541285126936,180.722903348505,0,7886.43976791896
33.374474670738,492.999984771013,2,11570.6074467653
55.3519539805129,184.578672684729,2,7798.79358595054
36.8581651449203,353.254209421575,1,9195.66556962676
15.3809422873892,232.184857726097,1,6574.93751314111
51.9168492837343,194.671254679561,NA,8072.93509801227
55.533464473905,386.755131334066,1,10187.9340864765
51.1527702128515,392.338137887418,1,9510.69451086049
14.6053136684932,169.606944508851,3,5815.64606510389
22.1508858746383,145.004640594125,1,6630.35327955205
24.0843199128285,347.815043143928,3,42810.7335432993
41.6032126736827,367.834555804729,2,49829.0518302706
63.6568983101752,364.030243307352,1,10803.0755610531
63.2743397268932,230.009087435901,1,8495.16620360324
28.3955301353708,93.9847139269114,1,6728.86558977915
53.3818229946773,71.7082979530096,1,6400.38028076582
57.5386748514138,248.159496709704,1,8976.80122613287
52.4154637141619,466.606181263924,1,12165.4105451183
28.3661398128606,161.687942668796,2,6851.54481534651
22.1688120646868,237.672073319554,2,7288.57863094014
5.08045182004571,337.589236162603,1,5935.02793405885
48.8322004617658,219.46805998683,1,7903.25050664774
15.0574268114287,51.5560985356569,1,4367.54383794984
45.3826608343516,69.8825171589851,1,6287.85628776236
10.8109816785436,470.296920649707,1,9779.40108073622
27.4885749656241,470.802662670612,2,10195.0353052986
23.3003781307489,457.208796441555,3,9450.98904312133
58.8781278885435,89.3893583118916,0,7469.5933475143
27.1505848846864,115.834186598659,0,6406.20199963047
32.2147329617292,337.723179869354,1,9206.65503591239
32.1731199498754,140.705112405121,1,7393.24373093285
43.7298082865309,421.414539888501,1,11033.3141011699
29.677392476704,107.268977686763,0,6842.59072027109
69.0405979501083,475.011200606823,4,11554.3749660002
69.9245254211128,233.934533409774,5,8611.56622665725
65.9314896485303,434.110060557723,0,11458.5987759332
6.88403329183348,167.922656722367,1,4478.27964102289
34.8570323805325,443.011839874089,2,9967.22570077766
25.0786038795486,281.523872278631,3,8068.64978303187
48.8139427925926,325.865704342723,2,9470.09897237238
46.1905021092389,34.5830726251006,1,6065.03352437111
62.008746130392,216.463648825884,1,9161.58386357319
68.3281941637397,290.233759433031,1,9443.75881812962
41.7516616785433,87.2478850930929,3,7130.02696897464
39.0041029416025,262.980009540915,1,8374.4962116612
67.8603054445703,291.247129179537,1,10033.5456208472
64.3572158042807,46.2715449556708,0,6348.18513882805
30.1317500467412,360.410448126495,1,9442.51108528496
4.55218306742609,312.18350559473,3,5414.12981318587
56.2571199201047,92.6595795154572,3,6561.77067473753
66.7432586667128,270.517712011933,2,8844.8620354072
27.8008817622904,400.789992175996,1,9690.25355526395
18.3893906180747,216.235104613006,1,7166.70632791768
7.22214950411581,171.613729707897,1,4856.36332616888
28.7687032737304,257.4692568928,0,8022.45788157881
13.9618611934129,331.486401967704,1,7662.73254249993
10.4873597100377,331.933984868228,1,7684.17270797618
19.2798668516334,261.105240322649,2,7792.03513018027
40.2805403952952,325.088265389204,3,8267.25191165345
11.5129186296836,194.157153442502,1,5693.90426195562
69.365674512228,179.845492988825,0,8869.36177526001
68.0611243986059,39.7846258059144,1,7327.36592589665
71.452291382011,439.98306710273,1,11814.5442391874
51.1409505156334,268.911204487085,0,9076.47925407646
10.9952632593922,253.005924858153,2,6675.41075997346
1.63776631536894,82.8995960205793,1,1721.80327316905
49.7411832383368,234.07478377223,2,8679.62373437193
49.3664916141424,124.273560903966,0,7524.98237597806
66.1432726564817,417.23505910486,1,11796.1519724706
29.997906208504,405.10920252651,2,9904.20565061117
30.9931966967415,422.917434573174,4,9666.09983149099
39.1497258108575,481.335874609649,0,11686.5444634192
30.3688988781068,136.042190380394,0,6432.28645259255
7.9327707553748,404.539356939495,2,7641.86378617323
27.9990024643485,97.1976657211781,3,4904.18744057978
15.0580410032999,160.607844702899,5,5572.76162966786
52.4767200711649,135.302167348564,2,7616.39997263523
1.78164191008545,308.356197848916,5,3377.6383180459
66.2389009620529,77.5242667645216,0,8235.81164330249
64.9162401231006,316.48260820657,2,9484.62697552704
54.5449243765324,37.9712675511837,NA,5737.38108126897
68.5864488687366,320.364633686841,0,10054.8678818555
45.4166835495271,318.536239303648,2,9465.9750242935
47.5724869994447,252.472951374948,3,8346.98226664726
28.0776688482147,232.309697791934,0,7988.95187471344
5.6580001055263,80.5408236384392,5,2709.86727911592
50.052540380042,375.076088197529,1,10563.1788833985
10.0513545812573,361.967592611909,1,7755.97081058565
21.6836148188449,259.682244732976,0,8486.63921801157
45.8876832495444,152.709267884493,5,7223.71340553672
28.6917038403917,336.219184920192,NA,9051.6157977228
6.00022185174748,77.0708718523383,2,3466.96271871864
62.3136780951172,168.764813691378,1,8343.55980927346
28.3485047002323,317.992074750364,0,8509.53416477501
48.6239694976248,100.880212411284,2,6433.93904922256
2.5049374604132,232.314123660326,0,4508.44604331795
43.2612420122605,395.242144688964,1,10327.5579696726
20.6131224425044,181.643746830523,3,5825.90008454852
29.3380102561787,392.81959451735,0,9396.11041820693
11.352895495249,77.4378462135792,2,4414.90344439037
59.509802721208,39.9126003682613,2,6879.092246483
10.9691016678698,172.595878764987,1,5640.80069869883
65.5423735743389,408.721612021327,3,10875.808996154
64.894661612343,416.126999668777,0,11067.74783783
14.6567970283795,38.2801211252809,1,4096.96272251638
38.7926087297965,413.26718930155,1,10090.9441014097
38.0708565774839,251.254272609949,1,8551.88188619649
12.3838369005825,128.695859164,1,4985.31683457876
37.8892582550179,186.304922401905,1,7662.16668077397
16.9397491556592,88.5672433674335,0,5187.16415686983
20.987351315096,235.545067042112,NA,7356.30087689918
36.7618181717116,59.209249317646,2,6325.19866129444
12.2862060656771,434.48605876416,2,9095.88921915099
66.3647824905347,279.574695564806,2,9430.01003554554
36.4310916361865,70.255923345685,1,5739.32757132613
44.6894294752274,444.135217405856,1,11159.569112863
53.8190922637004,209.752849154174,1,8449.78910347712
44.7940929674078,79.7777351737022,1,6155.6144538379
67.0400142620783,497.439034767449,1,12578.8121861142
6.70687108975835,464.576851539314,2,8580.05937828994
2.99660456646234,53.4381920844316,1,1910.29081346921
39.4485212790314,439.718573912978,2,11661.8415250626
18.1253823896404,147.423108667135,1,4759.44999923475
46.7834640583023,319.709224626422,0,9863.18805031762
27.8193127422128,252.141061536968,1,7722.04440859033
4.32661175448447,271.351046636701,2,5330.5126135544
4.41797544853762,298.035877980292,NA,5185.25039311951
69.3618311595637,433.153232112527,1,11358.503137031
17.0791392850224,162.517292313278,2,5761.50248226818
1.80894344463013,159.357202164829,1,2900.47765542342
16.5117703115102,209.651436395943,2,6704.66415806245
4.97156737465411,167.948011308908,4,4313.12848793146
17.6830224231817,433.208177164197,0,9667.21314244893
29.5914351721294,225.06649941206,NA,7547.57032884769
2.01561495917849,225.576165728271,2,3519.74807823526
26.6851849535014,215.236188285053,3,7954.49059948627
42.4994815264363,307.667648755014,2,9456.76299620856
44.0113554173149,294.933557249606,1,9092.16001969292
19.7240215365309,329.186334423721,1,8923.25971553659
48.9355560727417,420.654924213886,0,11064.0246426469
67.4422413341235,335.844122804701,2,10107.2115821044
1.25498985382728,280.894015729427,1,3203.00841482788
56.874953416409,350.633032843471,3,10107.5217835616
58.2922534300014,42.7664501965046,3,6518.32118821362
6.18572530313395,270.456515401602,2,5522.85222134382
41.2569505586289,405.309480279684,2,9844.16167443153
39.2825500681065,134.846420362592,2,6392.60122690539
10.7749360182788,486.023064926267,4,8648.6779086902
20.6196180745028,248.847913704813,3,7653.95814883211
25.9808889825363,23.0388868227601,0,5349.76027766393
58.7091717785224,100.480608083308,4,6543.73252424123
13.1794357150793,463.930712528527,1,8702.42885332093
38.0025085806847,277.85812985152,1,7577.17897367732
55.2882218123414,352.019665278494,2,9668.43774291864
21.5016509634443,194.699462801218,1,7029.73814812247
32.0112604389433,382.682743221521,2,9113.20793567668
48.5310038032476,237.392641678452,1,8694.13663559565
3.62158853630535,156.980539001524,1,4407.20024818018
40.8058907859959,85.2148134633899,3,5420.5522136589
67.1992098393384,417.275373712182,3,10970.8689182254
31.858196927933,206.508382186294,2,7079.83168223033
67.472515799338,400.889143832028,2,11311.3640236813
70.4594865904655,86.1992102116346,3,7118.9263658614
49.0501224955078,262.951252572238,2,8936.3608943378
22.1770915708039,184.397206492722,2,6731.83864682927
15.7859910151456,430.050101689994,NA,9291.55839367415
23.6416464529466,356.418079920113,1,9053.29063696323
61.6606227597222,384.199645631015,3,10103.9067967157
5.33525338605978,305.598873458803,0,6691.36850233207
13.9252734989859,247.29886110872,2,7329.80170739857
35.3523986726068,411.441835984588,0,10224.999587168
25.0181337688118,461.789659187198,1,10198.2498114107
58.7487515630201,349.862619265914,4,9171.88060727991
62.8007060803939,362.173954509199,1,10522.1139751625
2.36045079817995,281.400740556419,1,3663.71914310521
59.5571209364571,221.293137706816,1,8604.57043901732
29.4900631625205,423.649417348206,2,9364.26798322765
48.7161384650972,51.3973731175065,0,6123.41476554208
9.42572730849497,443.990644216537,2,8427.756053381
34.8261281016748,367.796423397958,NA,9849.44326348927
66.6991374264471,58.8072304427624,3,7266.93760972756
41.8135932597797,68.2215757668018,1,6147.99301439813
65.805362155661,410.644700005651,2,10922.7496721474
54.6264366174582,78.7413944303989,2,6653.34685457973
45.8009946146049,395.217631533742,1,10182.2086061818
57.4038661827799,116.975255087018,1,7255.91077724272
66.5717988247052,416.903262138367,2,11385.6195179836
12.6772854907904,30.3902874141932,0,4877.03955054613
14.6947600503918,107.229027077556,2,5745.47929914888
7.93262925022282,253.534519411623,1,6003.1406157377
59.8667670725845,496.160160861909,1,12226.3491453649
58.2163410075009,108.197810128331,0,7161.07455876331
20.8281690287404,22.2751408815384,3,3918.64806011375
32.8811001132708,76.7149267345667,0,6367.37885139464
45.4373882163782,261.314209103584,NA,8807.33107942297
27.3354205507785,176.924506239593,2,7524.3450691879
28.1446453360841,282.564046122134,1,8227.40191798357
65.928142225137,361.660433746874,0,9937.18611105535
28.7111405814067,231.440818421543,0,7927.16025956822
5.99085692176595,277.798812687397,1,5312.75357881083
51.2329693653155,390.911218561232,3,9848.61813930467
50.2027737880126,367.736290171742,NA,9902.04640062605
7.8264576040674,283.690947294235,1,6210.39686132289
3.62012929748744,138.539396040142,4,2641.34623270662
29.466748585226,124.768818505108,1,6891.5561190181
1.81914299051277,327.962423227727,1,4855.31982422051
41.3202621291857,461.952833719552,1,10657.9640402234
68.0914447372779,470.00188793987,3,11333.2109864427
25.3744545858353,204.518072232604,1,6713.90101118356
18.3593778712675,90.0307437777519,3,5286.1913982257
39.4590653965715,370.061036162078,2,10105.9587900935
9.35701083624735,253.635603040457,2,6016.22931122558
27.6185003179125,141.220430023968,NA,6779.59241820628
24.2532892972231,417.341907136142,1,9563.24650764432
68.251608335413,89.4074935093522,2,7310.94562508778
65.6508187751751,305.382739491761,1,10287.6636891865
55.1335747991689,150.709245875478,0,7514.30594105152
54.8233190502506,471.490676775575,2,11509.0992941421
71.8928492406849,89.7401490062475,NA,7702.27189214656
42.2084997380152,457.252861559391,2,10731.8057029959
16.1431768815964,357.44963157922,1,8421.0913901819
10.4821847872809,152.778023630381,2,5317.56650092136
57.2520444456022,48.9536150544882,1,7032.81923173625
70.7153144490439,358.9092849195,0,11062.5427935446
70.7254642697517,98.6797523871064,1,7314.45767053102
9.90648673125543,104.865489415824,3,4641.86688856418
44.8982452226337,265.211461372674,0,9510.23733388574
61.9312630998902,182.503941431642,1,8027.48701742024
10.8965150462463,40.6976823881269,1,4538.73653051718
27.0272170233075,424.712547883391,1,9393.55103162519
12.1562461305875,167.272995077074,0,5395.2282166218
32.7966282325797,251.080996319652,0,8303.30565359193
35.4970951294526,202.50200804323,6,6502.45009109769
68.4644158671144,335.849216654897,4,10097.7850242282
65.2375254877843,457.213451080024,NA,10701.1962372138
67.7516938264016,403.099924325943,3,10563.992709413
55.9180198006798,211.223481111228,1,8089.73509606
7.54697998613119,86.8465994670987,2,4247.47558359792
2.15328350313939,164.185843244195,0,2680.92779788881
24.6791806758847,154.310339130461,1,7079.50811093777
18.1715695555322,141.72585632652,1,5625.75006190386
57.2370209957007,395.456534549594,0,10681.0028929465
36.2434796753805,342.86828584969,2,8968.17661462946
37.4854154123459,238.105159774423,1,8623.85069243636
6.14053338463418,199.852294325829,2,4389.43702297694
25.5048760822974,151.180777437985,3,6668.43680783724
54.6990708317608,160.782478414476,2,8122.82908521493
28.3434522389434,246.274381540716,1,7721.16054189253
1.49139383248985,207.134736552835,3,2264.82704774366
52.0091853463091,31.933547668159,2,6400.41482637394
40.5448225915898,431.175036467612,0,10339.5845060256
5.97586648422293,87.1138880774379,5,2871.99537157707
25.6949737067334,471.938934139907,0,10258.2235945349
30.3233943753876,288.838469609618,0,8210.27814407679
23.127519123489,144.836332760751,NA,7012.90174318973
53.3673257422633,39.1404938697815,2,6481.13660982667
28.5721601557452,263.929481692612,2,8131.25952922513
44.9791237486061,258.315390124917,4,8178.67879543905
45.2714300153311,198.991612456739,1,8427.18380782563
57.9712755084038,293.728882856667,0,9208.08915884987
47.4388235472143,484.818841926754,3,11222.9194553601
49.2411713784095,59.2598222568631,3,6697.4072434193
30.1635924584698,366.877143755555,0,9138.97657324508
48.0909731173888,396.515771746635,NA,10582.7668613059
2.92536221072078,37.9936302453279,0,1758.4205632539
58.9309564896394,116.605537831783,2,7158.78975651402
6.32803731551394,179.410282671452,4,4498.87268620976
64.9685357490089,292.143106684089,2,9491.1549207659
6.02873366861604,25.246983319521,3,15420.2432017886
14.5697602180298,60.9449459984899,0,5000.1242349874
56.1619766168296,242.223483398557,0,9276.19886289937
15.4224787608255,235.958595275879,0,7273.81755129577
29.667280247435,384.450819641352,2,10031.1559099813
32.6788245984353,436.688631363213,5,10061.1418318769
44.0469782813452,109.054392799735,2,7047.94177034938
41.9276477347594,384.407081417739,2,9880.54542881156
5.22498042136431,67.9195814952254,0,3248.81992911017
13.9692210317589,126.123328916728,0,5683.10475603583
22.024637986673,449.793381690979,2,9700.68847806039
27.7016151212156,405.814189761877,5,9202.23884313889
51.62981186877,100.335241407156,3,6929.28520153381
9.88554960582405,492.711063809693,3,9663.51096897727
31.4755738903768,412.64182176441,0,9568.76370607646
3.15676973504014,232.79391810298,1,4229.19691734388
33.245975528378,300.68248257041,2,8816.72438263259
57.39587702672,445.521147549152,2,11348.9489130095
34.4606312375981,409.206724949181,0,9654.30054977871
17.7836623585317,376.531831659377,2,8339.91656560364
63.9794861834962,424.14069455117,2,10678.8396289381
9.94264774466865,215.170253552496,1,5909.06724068405
20.1211093266029,438.962337262928,0,10295.6275222612
63.6545284460299,454.98390417546,1,11589.3797359663
54.2869073539041,448.05314514786,1,11183.2258697413
7.9361988499295,23.9862287417054,1,4196.37638814792
58.905258129118,315.755075439811,0,9660.4575906554
61.9459050479345,238.265280500054,0,9094.10472549583
9.318168283673,292.729900814593,2,6526.81173803451
10.755198529223,451.709749512374,1,8520.68814789453
39.9262468214147,101.451408825815,1,6890.31087733432
5.19110516249202,388.101113215089,5,32092.5347190152
36.1821536733769,74.2692669853568,2,6414.25596814246
1.52664413792081,387.757751569152,0,5124.48651903442
61.2288187965751,151.420377716422,2,7732.24803104494
5.45498955738731,473.214416392148,2,7697.8098246036
59.2090012191329,234.071993045509,1,8700.25804774961
39.2945808824152,280.057837516069,3,8718.58693656105
36.4304270248394,97.6421415060759,1,28335.090261838
2.57813977822661,352.665699347854,0,5252.84789890474
40.340612555854,402.691695466638,2,10291.8673907075
52.1127298071515,391.321562789381,5,9685.4950422728
17.735781280091,122.378931045532,2,5975.26217588462
58.6434573645238,117.730120681226,0,7113.32530844063
30.9246466914192,323.958399705589,1,8589.26803869448
41.1086491092574,385.28384514153,0,10106.939283936
11.7700457072351,407.824267037213,2,8283.27268761264
14.8302629208192,417.88274217397,0,8958.081558254
12.8415955866221,76.9140367209911,2,4718.31332614742
60.292779623298,155.044690519571,0,8238.33156756951
8.88656634557992,426.47408798337,2,7467.20566493598
20.0329775705468,72.0748415961862,0,5742.30253007921
57.6921488926746,28.3984206616879,3,6661.16184183259
22.2239879816771,218.439013510942,0,6971.2384438725
62.5973814271856,303.613706752658,0,9093.68875670865
3.79905054415576,267.831598594785,0,4560.44195276048
25.1274692122824,468.654212579131,2,9494.66505157282
22.981322778156,145.045956447721,5,6066.0626514432
10.1912116610911,361.137171983719,2,39347.9886059466
27.542248431826,100.711054429412,1,6671.70144081245
34.0125596537255,413.538736030459,0,10381.9884575651
4.30918141105212,380.051371790469,3,6821.1424488922
71.1136501459405,159.198046475649,1,7984.0425373134
65.5001154576894,106.310257278383,0,7151.62860391784
70.536700414028,316.300128474832,2,10086.7463356331
13.103527177358,313.904953934252,1,7661.06278964773
4.03414055821486,435.545052662492,1,6389.40751663256
11.141097840853,327.063896283507,1,7815.90269697281
26.6012397496961,64.1116688027978,1,5345.55091852193
39.6538590248674,436.341033279896,5,10211.5376435569
67.5551599161699,424.042077660561,2,10802.3514346403
46.123969478067,257.835587188601,1,8995.58328522913
35.4170037424192,58.0988830700517,3,5599.68552826087
7.09863215312362,30.3922415152192,2,2536.02685945772
68.0888362815604,168.304077684879,4,8066.50492707063
25.6166777985636,371.206915415823,2,8460.20013851729
27.2235818547197,497.906682938337,2,10654.9074726182
45.3145607525948,238.441585898399,2,8389.50325855059
52.645813603187,353.699538595974,4,10870.5069698749
15.0528957371134,473.435243777931,1,9852.96711831909
42.798779205652,242.628123685718,3,7736.96427543404
60.8456988544203,359.236498996615,2,10423.9248520912
71.9559112926945,421.353015489876,NA,11230.8101723098
1.8121157058049,43.4116151183844,2,1300.89977098015
59.3145613514353,213.770963326097,2,7843.1630566963
15.599291679915,279.517424590886,0,8147.40856422366
9.08014443470165,371.823800802231,4,7594.31506615783
49.8540821154602,90.0248473882675,2,6593.39240470781
20.3802536791191,195.295689925551,0,6054.37155790575
59.4450614196248,29.59377348423,NA,6641.86622856497
46.7521445543971,24.4427625089884,NA,5401.84443526421
38.481061944738,402.080502398312,NA,9627.30715409271
3.03421873529442,347.203970216215,2,5848.30857561976
21.3890727872495,32.5261588394642,1,5178.52262749599
3.52643052046187,166.16356369108,0,3732.9903487513
64.7486247082707,475.203439109027,0,11301.087731097
10.298794490518,155.896885097027,1,4327.34917329545
4.6525303053204,192.17743229121,2,3852.17221849301
26.8402031201404,260.727133341134,2,7584.85965008953
50.3791355933063,147.347071394324,1,7158.06113564501
64.3539483246859,456.939817368984,0,11858.4258116872
18.3436098496895,106.676368415356,3,5016.43418671681
28.8296141829342,315.766078084707,2,8820.37946654099
45.0309984132182,42.9969224706292,0,6705.15657842326
41.0792853850871,404.022265039384,1,10143.2598262082
3.93951155012473,337.564036920667,0,5566.1015636932
34.6712874942459,372.966328859329,2,9120.4515185435
68.3935715772677,40.8836942538619,1,7032.76537292015
18.0635254953522,279.421890676022,2,6870.96555965079
49.1480608561542,320.279417447746,2,10126.4919133289
65.8536850740202,379.485553875566,3,10646.6661390497
4.2362883547321,91.7771551012993,1,3550.11979376945
10.6863263186533,233.597689978778,0,6061.4618091594
8.12515054713003,355.660046413541,2,6953.94618389304
30.0854776636697,70.7722105830908,1,6033.91514451465
69.8662970098667,390.515102781355,0,10980.3713922728
26.8429102327209,325.252607576549,1,8973.27019605191
52.4680003616959,304.305480085313,0,9516.75245770008
50.8903898722492,25.4570436477661,1,6026.77669843082
2.76183660887182,29.598397500813,2,2383.17304909436
68.1658963670488,97.7673161774874,1,7602.85198160429
38.8778971415013,52.7928960695863,1,5093.39304282109
50.4379507880658,248.605022802949,0,9151.26972030901
4.21328269178048,491.945433393121,4,7387.77281161922
66.0765714589506,229.347878657281,0,9053.84167788618
3.33193969004788,475.062405318022,1,7947.45810863879
56.1881041049492,181.813131012022,5,8401.37109313493
38.3560660798103,256.315167285502,3,7455.25135608174
19.8946537387092,422.512812502682,0,8945.67131259791
36.8504616275895,416.50261387229,NA,10483.4323454668
38.8071631793864,88.3503656461835,2,6090.86153143479
7.16778679541312,75.417216680944,1,3568.97081574999
66.0077015131246,22.1499771624804,0,7042.21737060707
41.0445866356604,375.795736722648,3,9596.91409919242
5.20536736096255,395.570017583668,3,6454.52342195539
48.7635242920369,122.30936113745,1,7078.04522758489
45.5399101206567,268.634347096086,0,9259.48538859764
6.172734816093,112.019666731358,2,3970.55409620726
32.0770588468295,239.265841916203,0,8375.06926736001
46.5493929639924,272.759925313294,2,8126.25742273085
58.5078335865401,186.95154465735,0,8393.69244314293
28.8144610144664,375.929354988039,2,9629.27734527382
55.9130192301236,41.9848267734051,1,6990.70821414461
63.0110538855661,156.62750095129,0,7000.10718138985
44.9002312705852,101.77756164223,1,6514.96908181969
26.3991270649713,152.02940557152,1,6957.56661868017
67.1902243613731,353.152568899095,5,10258.7499103825
53.8757800210733,426.917942613363,1,11145.4839611099
5.51332740369253,263.602922968566,1,4982.00555841674
8.68244904861785,477.698521018028,4,42226.3244218368
59.1332303017844,57.4220361188054,3,5644.17023508601
57.3084625992924,270.850649029016,2,9130.51892249763
5.05459957267158,368.065948411822,2,6250.15758154657
65.4410638534464,68.1437891349196,1,6413.54422944221
52.2363415665459,396.405172646046,2,10558.2463697695
65.0921966219321,235.981854386628,1,9725.41960877679
39.0357128286269,234.296482428908,2,7474.49648732537
25.7462928313762,370.45354437083,2,8768.34649895095
60.1638298134785,256.862248182297,2,8949.64160652177
57.1133583704941,71.4803805947304,1,6542.66054850915
38.7300432848278,461.889523640275,1,10510.1240582261
56.2890470530838,135.296952910721,2,7713.31408415146
5.14348520734347,333.689133487642,1,5957.98923537709
33.5258402687032,444.445209130645,3,10237.1039994868
2.58550386503339,446.597065739334,2,6976.06615101806
53.5321269237902,488.255458883941,NA,11674.2653755704
51.1073330738582,251.370984576643,0,8275.08063423441
1.40517356968485,66.1663516610861,2,1628.66003017019
34.4234786301386,466.637605018914,0,11123.5148044219
43.3282519753557,171.842302754521,1,7702.83266190261
21.1635450664908,245.520962662995,1,7372.6849884254
4.92056962870993,286.90591275692,2,5286.98624945811
27.8290746139828,413.899862281978,0,9625.66505962882
38.6458955435082,325.215020217001,3,8702.58547339177
18.8194429259747,195.262578390539,1,6088.59724473104
68.0301409694366,250.45830193907,2,9348.42818681115
32.0616672355682,87.5549798086286,2,5508.145913755
50.7757433403749,134.378509111702,1,7570.87002584178
13.4852003285196,424.031708799303,3,8350.66646128001
18.1802124124952,410.007519908249,3,9318.40144158115
2.68150598555803,494.797842316329,3,7530.93413971099
24.3427444570698,370.127305723727,1,9138.17313798788
30.3294912141282,198.683977052569,2,7460.43626639373
8.72157345432788,264.981767162681,2,6339.02155818216
61.4957104735076,465.95076225698,NA,11007.0970164439
1.64325564075261,297.666074559093,1,4538.88616449005
69.8532105439808,215.054585300386,2,9060.27070000804
58.1299151489511,121.705759614706,1,7091.23147200342
36.5738200307824,414.619932025671,1,9876.03016506281
67.3267188754398,255.997454151511,1,9431.32386195429
34.2175078140572,97.4166321009398,0,6033.67279550436
37.2793525021989,360.748231001198,5,9326.7430552984
60.0877475682646,312.123258262873,5,9642.99739757445
12.4061214327812,72.9695792496204,4,4145.59798152765
38.0166682705749,126.816617138684,0,6921.4690204806
31.7832389874384,282.355062365532,NA,8202.53887438634
24.5590839970391,62.3214789107442,4,5025.29560126328
32.8096863147803,81.9480945542455,1,5891.39499429446
3.92288257880136,377.011509425938,3,7288.11670820831
18.2788476033602,443.860456049442,NA,9625.55664381764
8.32504556840286,474.206001460552,4,8920.39926535967
26.7822972943541,143.402490094304,2,6264.34093578982
47.6996843109373,123.296056762338,2,6993.96844976071
31.1778156582732,120.044451877475,NA,7698.36297558288
6.12567426916212,110.423142947257,1,3611.69468211648
49.7870245927479,115.179535374045,3,6686.70597264888
61.5478079922032,88.0373467132449,1,7079.52472595272
62.5724462522194,353.815208859742,1,10792.016504929
7.32481202087365,175.244276858866,0,3889.4226507454
1.92570604057983,202.716713733971,1,4136.97710786717
31.0511809785385,378.647181726992,3,8959.70302339494
70.1013499945402,154.970668032765,1,7643.93568830552
36.4338342242409,385.682367756963,1,9784.52430408046
71.6203349160496,55.0515849515796,2,7131.10061197463
36.1366093475372,342.128276228905,1,9045.9209648839
9.73552769515663,461.210056170821,1,8097.8002270713
40.7873890700284,392.599686682224,1,9977.81299692317
17.9897694063839,375.427272841334,3,8671.12948018395
52.4927874687128,173.39770000428,1,8267.85088869111
56.8079450568184,324.542355164886,2,51049.5461963863
32.9345138778444,227.091055586934,1,7693.29230465755
34.3046742603183,179.63666010648,2,7843.75267106495
29.5320616932586,381.150225773454,2,9931.14055900603
65.068661356112,29.9930491298437,0,6438.16648717288
41.0218770920765,206.784231513739,3,8117.70814887465
50.0607640279923,165.336881391704,3,7976.52580876526
24.5914708233904,100.697412490845,1,5359.34674193105
7.73535154527053,315.34644022584,1,7361.82734869787
67.5911715226248,60.3947209939361,2,6813.7450019182
48.6423535295762,123.851979896426,1,7413.90421532565
2.06458050268702,498.323742859066,2,6832.39025179303
9.03107755631208,80.4253362119198,1,3889.73021671457
61.193150885636,41.4042854309082,2,7078.47350124753
32.7241803719662,451.449687108397,1,11075.1943165368
29.533507641172,265.613109208643,1,7737.74387156742
31.6872083509807,44.4637794420123,0,5711.07342339288
48.1159133838955,487.262121550739,2,11673.1371885358
13.9482220804784,95.8622213453054,0,4389.48808167199
60.5220519572031,403.446689248085,2,10615.8298225273
66.1334812273271,94.6526048704982,3,7314.74256188915
57.6793754904065,224.709776006639,2,8440.29538164361
36.7169960015453,112.153084166348,0,5932.98200993738
19.0666242907755,357.486624270678,2,7918.29817449831
48.3744259390514,404.340897388756,0,10301.3651063482
67.8180556099396,482.175580263138,1,12081.0474750609
70.6340330797248,43.0471425876021,3,5875.90456201801
4.71310644573532,296.095810718834,2,5878.68685014215
28.1507210151758,221.960945501924,1,7995.30933883281
58.2386086615734,156.631220728159,2,7550.31635530494
39.9000266275834,185.68369563669,1,8035.40703409619
22.6169810325373,464.832470081747,1,10545.2807114112
29.5636426841374,455.540625937283,1,10439.4390612057
2.95930083282292,485.210304968059,1,7205.98227223077
61.2785517906304,403.609140813351,1,10840.3808142897
3.20339288888499,97.9622620344162,1,2070.84169553239
47.3127200407907,151.18993639946,3,7523.58782280299
43.3757184403948,386.650207228959,2,10228.8060881163
23.1953837049659,415.132877789438,1,9536.31534340626
71.0706171232741,284.700116589665,NA,8524.51740133717
59.8538126726635,89.5362650230527,0,7329.17999558126
44.1479730375577,384.103310517967,6,9916.68913214392
10.8059971430339,61.6494439542294,NA,3960.25764833566
62.8358285187278,356.383171081543,1,10790.9997430887
41.9732297512237,417.886650934815,3,10551.0098972334
57.7412525194231,256.072176359594,1,8581.62495110708
3.00193063193001,282.853435240686,0,4659.68700654361
19.2013995668385,341.310969367623,0,8439.90817098618
54.7304508555681,36.8403596058488,1,5949.51295011101
59.9263296492863,74.2582710459828,3,6312.35111683663
38.1835696629714,350.14571134001,1,10109.2156662708
46.2935689075384,58.4465213865042,1,5891.49323456446
35.6412980044261,171.567477360368,0,7523.40452416801
42.3105404586531,386.944674439728,1,47687.9793045041
8.12627161177807,187.977921664715,2,5195.53221130387
60.754591770703,276.454831063747,3,9404.81085988044
29.5770651090425,448.765614852309,1,10810.1039033964
55.8549275796395,234.868930317461,NA,8004.82589740227
68.5535073785577,177.466141693294,1,8072.8812795294
19.8482977089006,42.494723200798,1,5250.38815459627
59.8801223817281,206.877130381763,4,8457.14024051753
47.4099376508966,156.564375609159,1,7451.63538822015
57.6945707798004,149.723818823695,0,7898.6958251711
14.2167532830499,296.580438166857,2,7145.026452454
54.5842378139496,322.153560146689,1,10050.6550902559
53.2503461607266,170.41717402637,3,7846.94900796529
54.3767881533131,350.584552697837,2,9963.49611274966
24.6156283977907,275.548139475286,1,7673.49599489985
5.08595232036896,384.797340035439,0,7168.33401205918
48.883496773662,331.924747675657,2,9501.69622749817
3.95148229086772,258.504503183067,0,4422.65949719124
46.6929752661381,233.752169795334,2,7988.22919373718
22.2719199920539,173.877092897892,1,5966.66081278151
28.9336067158729,339.45262812078,2,9294.23829547684
66.5688026184216,23.6951622366905,2,6987.27635501286
49.2244633559603,213.909312225878,3,9053.21193527807
51.9457878808025,426.438075974584,0,11897.2046136529
51.9167000916786,200.052152983844,0,8024.05708836537
17.2002161846031,424.055743515491,4,8454.87755940499
30.0229497440159,211.859205774963,0,7395.32235638121
41.5490913668182,372.567872963846,1,10469.9537421612
63.4409605721012,374.504919722676,0,10321.6970640541
43.2221399068367,176.685454361141,0,7486.37934964785
66.1883053486235,401.213833503425,2,10604.6095153389
25.9482445705216,409.269315749407,0,9684.46364604971
19.0331769362092,495.315582640469,0,10627.021088491
51.7019198194612,436.34756591171,3,10249.5576107861
16.5114046793897,98.1094628944993,1,5274.74588116058
32.4789613992907,303.732057437301,4,7763.84547888347
50.4311004178599,135.027740597725,2,7715.43147242234
48.8187940884382,251.447489000857,0,9194.50195669319
13.8182813874446,375.325101353228,4,8149.10780358451
52.9539075302891,33.2088934630156,1,6160.10872954657
24.185971758794,475.642030574381,1,10796.106652685
26.0221459832974,469.17561724782,3,10465.4773400947
57.0185160136316,447.210834287107,1,10863.181770889
26.8821319232229,308.189458660781,1,9543.14206850736
21.1044263630174,173.598830364645,2,6204.17423761514
19.5039912082721,333.739862889051,1,7951.39496276549
2.91130412020721,139.430048242211,1,3350.33985329063
47.5967814337928,424.360738731921,0,10993.3951948149
54.0213731180411,478.445665873587,0,11786.0315516288
45.8113310534973,238.18962264806,1,7923.4294271534
4.87078505801037,470.511695854366,4,7657.9206559504
38.4372253844049,107.551500461996,4,6519.09754824845
7.23184571485035,300.76744209975,1,7374.44510817317
20.190414566081,211.758884899318,4,6336.33208301645
1.09034950216301,478.639631271362,1,6069.41007699743
51.1625187110621,93.6872062087059,0,6683.38856506567
57.5927053701598,258.470600619912,2,9102.54852118915
10.5347941876389,376.616718769073,2,7466.98780301218
43.5382640198804,119.219379127026,1,6192.04921123634
26.5041719102301,214.688685499132,4,6169.4567058038
49.1425837306306,250.312678776681,3,8892.73368590844
26.9810350316111,236.074689440429,2,7606.04290069521
57.8629461897071,275.287995152175,1,9444.66168834816
71.0791495533194,199.041758701205,0,7960.09944566764
35.3115099489223,48.5267040506005,2,5670.492141291
6.58780538174324,435.454955585301,2,7892.48163968661
10.5463090206031,227.319736927748,1,6821.9699047697
64.4978274405003,71.1109228432178,0,6824.2657500125
51.6618074069265,182.12079256773,0,8422.66896060539
63.0658741551451,226.799347251654,2,8726.41145403268
65.1680158262607,350.426336228848,2,10642.5436695815
34.8882970677223,50.3844619169831,3,5699.04055378901
5.74127957387827,162.862519100308,5,4138.22705615618
52.1114122883882,254.762943759561,1,8821.19679263087
20.3069609038066,348.884100019932,0,8738.24484907995
24.1872047381476,258.113604523242,1,7810.43977963779
28.3385235120077,357.978217415512,1,9143.44614290058
24.4803814103361,328.582111857831,0,8680.9629141043
7.99920233269222,207.19904653728,0,5945.43261218084
42.2636931117158,263.476496823132,2,8503.20273468451
54.6896379264072,251.671322248876,4,41441.9531928342
37.7072946806438,377.065120302141,3,9631.75189030796
20.4913315039594,495.862022936344,NA,9873.09189438479
32.5678620275576,257.749935090542,1,8905.47747979396
64.5880457693711,470.812445133924,0,12900.5294671722
66.4110628745984,279.285450838506,4,9235.13836786301
38.0148859503679,471.199334338307,0,55570.8588594606
55.3762721533421,459.486898817122,1,11042.3835480643
55.4372280598618,271.121592260897,3,9099.2299366895
60.5143086002208,403.973925486207,2,11193.8431800272
67.7932280020323,116.247763223946,2,7831.95103407565
31.0177669669501,466.183408685029,1,10642.9785697123
43.9362481194548,363.70016887784,0,10541.9385403604
16.6340454258025,386.640054956079,2,9363.59183063949
62.0031084395014,272.638452537358,0,9337.81935977852
66.8661868372001,167.745456583798,2,8287.77515540745
42.4241337028798,499.918996952474,2,11882.4341417568
47.777990501374,275.857882872224,1,8895.27737409372
5.63690145593137,32.8093783184886,1,2940.82185961541
18.3628770324867,42.0956701785326,0,4428.15065324369
37.1344884708524,221.423827558756,0,7726.80640603475
37.5609649799298,299.667276740074,3,7779.50197034577
55.2200974300504,466.907723583281,2,11143.863386051
20.0174575136043,235.566077791154,NA,7110.55738704323
49.8296046336181,28.6062928661704,1,6532.71376208131
40.5985135806259,425.826186314225,2,10027.6897319279
31.5993389911018,210.832350663841,3,7375.66853194693
62.1249681303743,358.095072433352,0,10324.4699261453
8.92850605910644,322.801208905876,2,6804.09236842915
23.45765801589,436.86144374311,NA,9830.52421084773
53.6102404291742,218.276818320155,3,8892.93577768698
39.8094512131065,495.124777331948,1,10905.2840989918
13.7596855752636,104.349075332284,0,5455.43778412229
49.3956035550218,115.880190171301,1,6862.88316061306
8.4775141957216,236.650106087327,2,5394.13385275638
21.4893852274399,240.1154255867,3,7521.6550885359
52.4078417110723,456.626182980835,NA,10604.3704081782
4.22277223225683,248.946774788201,4,4367.61774330898
8.7264473810792,62.6124523207545,2,4205.49314024253
30.6515885638073,154.397545903921,1,6844.00064108061
43.3533251013141,462.291999384761,0,11833.8498542694
15.0015996401198,480.700731985271,2,10714.1821868684
36.5785215559881,413.434130549431,1,10339.9215963951
59.5552502747159,103.309183456004,3,7374.29474804577
7.53586396295577,71.8887133896351,0,3937.50886423915
34.3990411201958,221.848142966628,0,7744.07201962938
63.5467053719331,52.020212225616,1,6464.71297049177
31.9367373953573,324.890803396702,2,9324.86340012126
20.6425640275702,266.612576507032,1,7932.05913741644
5.05655606323853,293.52581705898,0,6142.14166026485
63.8297545402311,314.084328450263,2,10158.9269436213
11.4998661845457,241.845281086862,1,6012.2205239927
23.5340853286907,443.470368981361,5,9120.27780934875
49.3237348736729,214.279632866383,1,8380.97017346518
21.0664703336079,252.811273597181,2,7621.5425123601
31.1566899970639,263.983014337718,2,8586.66254938169
35.6156699336134,338.188637234271,NA,9908.26216407585
18.1405091250781,158.590071499348,0,6323.17728829685
26.5706736780703,452.645022161305,3,9611.01949441934
5.90998454531655,170.068609900773,3,3924.77723811905
26.6093614015263,441.986304298043,2,9639.04681037145
70.7915200814605,411.687607578933,6,11287.6566261188
14.4944683518261,401.899767108262,2,8795.19193907737
62.9043592489325,467.117169238627,1,12313.9555743504
8.99350532656536,320.959801785648,1,33869.9276833982
14.7803083951585,100.004400983453,3,4919.08433128853
52.8411172782071,331.22239023447,2,9980.33257192262
20.187600977486,246.202132441103,0,38023.9089858405
15.914459178457,445.010341629386,2,8820.71979682143
42.3599319723435,386.790294758976,2,9466.36677985191
6.9881477903109,435.110663659871,2,6959.5023224576
34.5053153245244,319.208521023393,NA,9302.25204833749
22.7103801525664,248.227785639465,4,7501.9501090303
64.2398836170323,468.270566947758,2,11660.8169764272
16.0224994199816,328.299789577723,5,8414.54058024674
37.9928202717565,155.006604492664,3,7126.69064835119
2.00546037754975,478.27022973448,0,6584.46674677994
38.4039781372994,179.170271568,0,8090.37132431383
28.3740285597742,466.113944165409,2,10813.2388890011
1.10890325764194,351.421753056347,1,3989.46236483587
41.213226772612,98.8271741941571,0,6791.49065521004
32.7956404406577,191.047988496721,3,7582.98975172445
44.7278741768096,464.585439749062,1,11556.3527923623
4.56513983127661,489.164423421025,3,38972.28196015
47.3448740118183,243.579480312765,1,8094.90789467518
23.9338944149204,166.905713267624,0,7430.27794764496
12.2500345385633,47.7297628670931,1,4285.68091148558
16.0430741203018,326.832452379167,1,7799.15975353065
27.4343939984683,452.913848459721,NA,9880.09288168649
48.831848566886,417.489430308342,0,53340.6117265884
12.1216898616403,276.155712455511,0,6373.23402745057
29.6674255381804,91.5872345864773,1,6015.60561774133
19.642720230855,419.954950362444,2,9701.54590200543
25.8215530903544,436.231328807771,1,10925.8470684099
9.03507125820033,487.402982451022,2,43680.6384915759
21.8292609471828,58.2287497073412,4,4847.98646878896
10.3799396611284,432.752263993025,2,8765.74010139891
33.5321631685365,106.89202696085,2,6284.61088553071
53.2285821062978,193.674444444478,2,7871.27979787383
4.82329012663104,492.445819377899,1,8036.15865799296
28.87534549064,234.241436906159,1,7844.54110290033
60.7502699454781,431.716239973903,3,10144.0713012709
29.2494016145356,97.658655308187,1,5878.57530263995
33.40227800305,110.366690382361,2,6439.13914832372
69.0283216508105,118.698328062892,1,7876.42882838467
56.0884735013824,30.9757644683123,2,5819.8295184776
34.8469865892548,350.128192938864,0,9288.6199947881
70.904450797243,22.275568805635,1,5884.51274783724
21.9884362078737,203.534803576767,2,7063.38687644196
13.8750984666403,487.759198918939,2,9851.44785160248
55.8513861321844,377.510154098272,1,10434.5153608613
62.821311363019,455.915777683258,2,11492.6155119383
23.2256843717769,402.757326997817,1,8446.13625520412
65.9128161096014,122.87593845278,3,8022.40422086774
65.9727738427464,328.097877018154,2,9899.74991846383
58.3323867872823,61.8360625579953,1,6501.5444850817
26.0514272344299,185.637034028769,1,7025.61811738104
48.9656897105742,489.13351174444,3,11647.3348271107
20.0916794289369,52.1963452920318,1,5656.28880609414
68.9988529880065,409.963458701968,0,11426.1195251368
9.61784974602051,281.902436465025,1,6228.30181204834
23.9311931212433,137.791249603033,0,6384.55398624481
45.6438224287704,91.8453038856387,4,6476.46305871875
18.176994195208,230.485725030303,1,7081.76172429558
66.9409224030096,375.609670206904,NA,11106.8094134928
43.0889051193371,470.611105002463,3,10957.3256878791
26.6250862276647,394.492666982114,NA,9243.97881667678
44.1934384941123,421.630798019469,3,10999.4790527326
43.822517552413,319.521977603436,3,10302.5944257121
63.5512281972915,82.2949443012476,3,6795.16275732718
45.769544912735,91.8122056499124,2,7013.20311672474
62.476954128826,318.130071274936,1,10352.7226312108
66.4985590972938,128.039986863732,0,8200.28869896485
41.3832941774745,428.456936366856,3,10263.313064567
54.0096902477089,169.536752104759,1,8183.9871791133
28.8293837576639,397.527699917555,1,10203.2455216493
11.0456929348875,288.091077320278,0,8255.7148009934
68.1034270497039,408.406095504761,0,11392.2820758737
18.2481815689243,495.572501495481,0,10331.5866309638
2.57944324566051,155.138581581414,0,2903.55210321573
17.1733959824778,105.733610726893,1,5439.20532862646
17.7892112946138,366.131674833596,1,8893.87387358839
40.4966823239811,27.4442031234503,2,5947.43824327854
48.0521219356451,487.969077080488,4,10901.5851181114
36.3881960520521,236.999902240932,1,8137.2733695607
9.20570494816639,43.2854561880231,2,3215.98636153603
46.6913456425536,116.319733150303,2,7123.74252800038
45.5276836291887,70.4779371619225,1,6509.54691208361
19.1390960551798,27.1573974192142,2,5039.55807415722
17.7385876942426,467.48248141259,NA,9883.65888508496
26.0864014560357,111.668130382895,1,6534.82753940219
22.8115330440924,485.795805603266,0,53783.0631351969
55.7241321029142,190.092151015997,1,7872.08779736688
17.2164485116955,467.51877874136,0,9282.50207988543
33.6833066728432,84.8901747539639,1,6177.91114312077
60.4998865968082,430.014292523265,2,11992.2596793352
19.2088396796025,386.191663704813,1,9272.65110089623
33.686580930138,327.388524934649,0,9413.68914608798
60.2329415082932,412.623609118164,4,10954.7134942686
24.449155008886,261.158838793635,4,8044.64335592802
36.8822699028533,198.87885440141,1,8373.46762725891
55.7883664490655,447.550916261971,1,11688.6726551842
13.7582218234893,53.2281233742833,1,4987.93116011138
71.4854368148372,55.5180649086833,1,7384.45529826027
68.9000164167956,367.424561940134,1,11219.7206292814
37.7271775431,477.656024768949,1,11540.3262730757
9.61819398705848,114.228927865624,1,4026.49863838024
40.9769839048386,229.328038915992,3,7720.80141199188
3.65918171079829,117.580495662987,1,3161.16605473701
68.739377635764,464.318013004959,2,11709.109234264
1.86090307845734,288.447357043624,3,4878.31044787515
41.9409926128574,200.027572214603,NA,8060.66463714248
53.7187363139819,98.9581014215946,1,7489.77308965404
14.3953744759783,485.784777477384,3,9421.29248296193
22.0923051387072,204.376394599676,3,6870.30343389816
32.7360523235984,253.089677728713,3,7898.18179595165
28.7924717254937,125.773231461644,1,6386.81511903449
47.6500801593065,180.713218562305,NA,8480.16228110831
44.590391821228,333.23633570224,2,9618.51522804505
52.7453480625991,381.469746604562,0,10671.929133095
23.7508518141694,115.371708609164,1,6019.11946766479
11.2379624815658,157.163366638124,3,4975.31371882885
4.82768098521046,115.712855756283,3,3369.09746979078
68.8117996419314,291.917793080211,2,9164.32339705789
2.81766677228734,100.665351822972,NA,2454.03741858791
66.3741828794591,472.94295001775,1,11566.6642388242
27.033196888864,262.115880809724,4,8166.62404281818
50.585870834766,42.5933444499969,2,6800.69528719605
41.4240166326053,446.147467717528,2,10271.4037996678
21.1647906920407,114.453246481717,0,5434.3761252203
1.80726422811858,109.776407815516,1,1911.03557131008
30.9174133646302,291.740669719875,2,8423.98935568111
44.6147669102065,301.435946598649,1,9265.56059470376
1.33763140835799,485.58628115803,0,6582.5589405011
48.1155499008019,142.819720730186,2,6917.81456008956
9.21137216337956,403.66497837007,2,8073.21929661646
65.0629151889589,86.3281859084964,0,7043.41755039782
8.17091407370754,137.564604505897,1,4460.73259541097
41.1444974888582,433.948331512511,3,53513.2896687041
18.851648787735,316.570442281663,NA,8053.38381169569
42.2649088988546,156.608449332416,0,7779.06044122283
68.6291830774862,333.609042949975,0,10016.9091507397
52.6367950136773,474.785992726684,1,11577.2498743998
29.7246582556982,240.347149111331,2,7700.76392976117
35.9578727022745,138.101603761315,3,7140.19658812046
48.7219648240134,275.247746482491,3,8820.99917032347
34.244488151744,377.316071018577,2,9309.30741213227
21.9976835695561,93.9179620146751,1,5950.93953397594
39.7778976140544,435.991795361042,2,10766.9942798384
53.1868190427776,329.450196400285,1,10140.2816030499
55.784608263988,492.248825989664,1,11907.4514882255
58.8219191492535,96.9524291157722,1,6840.13757427342
24.6521262628958,117.437490224838,0,5622.38614307838
64.2783641908318,423.120744675398,1,11662.5060929889
22.9179411989171,274.61691159755,0,8367.38198585226
50.6125838004518,75.7877621799707,1,6711.22701034164
14.7367188737262,416.152738146484,2,7871.40224050182
70.346239554463,425.497735962272,4,11047.6048016452
13.0055732610635,167.816475220025,2,5989.48322091318
13.1002968428656,453.53795658797,1,9004.80173052356
45.5944187482819,367.534054741263,1,10164.7491375748
53.1278830231167,443.998171277344,0,10872.0242439375
67.6770401715767,180.013284608722,1,8587.71816115596
55.5490309663583,498.200672492385,0,11471.7102172933
12.8078419792,81.6972567141056,2,4384.74049066785
20.9009559396654,33.3527569845319,1,5354.19541665143
31.1938651031815,26.0660335049033,1,5284.25650663925
60.4478383900132,126.060629598796,1,8133.78312504944
11.7568355400581,354.366823919117,2,7895.20219632434
48.275618263986,35.5251514911652,1,6634.42988682396
59.0839443053119,195.780992396176,0,8441.19322978366
48.8268978702836,266.436918415129,0,9302.08891121205
27.658861852251,479.403447955847,4,10546.0658423885
63.7878540547099,70.059839785099,2,6721.49950907619
41.5433220728301,83.4224956855178,0,7229.58530317621
34.3662914719898,316.841568797827,0,9463.91622511207
46.1624249247834,170.050438046455,3,7159.02644631708
53.5824544709176,254.817650765181,2,9305.34351050177
11.3573093980085,399.325985834002,1,8144.89018784485
29.8546329033561,27.3502833396196,1,4275.49504134537
33.538544472307,210.580584779382,3,7407.27122580166
40.6353956751991,343.453072234988,3,9007.7410888046
30.0879862557631,349.878221340477,0,9141.60479932583
71.8664879384451,453.976519778371,2,11419.0148287495
54.2695289673284,457.730070911348,1,10406.1621176568
14.3798758927733,146.990893259645,4,5161.45059171006
8.72069924673997,492.921364195645,2,9348.7536506971
53.8108548123855,52.525205463171,1,5834.54720993983
9.170476695057,269.835906215012,0,7142.25828469639
71.8452442130074,444.430753923953,2,12156.74743333
56.2466730212327,116.474504545331,1,6963.50615942108
29.9809958303813,302.798460051417,0,9652.29038693962
20.7545643800404,86.7421268671751,2,4950.28880364762
68.9254069209564,467.752019949257,1,11920.0299211444
19.0717723506968,160.327945239842,2,5988.4764353352
9.5275404471904,148.862980268896,0,5671.43030654669
39.694296006579,180.736757181585,0,7189.25449663853
48.8205191122834,123.701173253357,3,6831.85829501938
27.5776444908697,74.215120896697,0,5270.71208778474
11.4452299708501,436.222912147641,1,9126.32034239861
69.7994257581886,368.005262427032,2,10813.4518760637
5.91581240855157,469.213326089084,0,8245.36016257351
43.7695049615577,462.925607785583,3,10601.9178357751
14.835652828915,72.6770323887467,2,4328.37065435029
41.0563435978256,177.81193844974,2,7542.82816022001
11.4797517727129,372.066981494427,2,7366.25879869975
59.5105740400031,91.5643982589245,0,8050.91727662798
24.3963395168539,357.865936234593,2,8445.24639021514
34.8030305595603,68.6479755863547,1,6018.68411588276
14.4746342226863,316.112890280783,5,7061.97903153519
37.880001057405,394.109609872103,0,10077.2392457678
36.1514975905884,297.822934612632,2,8723.43469414579
11.0581093011424,266.035340093076,2,6813.59533672089
54.4829353832174,158.07111222297,3,7262.80437694769
1.77566285454668,33.6317490786314,0,876.284694546856
13.6352987445425,168.941372558475,1,6161.44742418343
9.07101330230944,236.362191736698,1,6848.6065838576
39.1059154190589,61.8921672180295,1,6429.76390202138
39.7251380463131,260.06288126111,2,8621.50858526274
2.48543370282277,499.572917670012,2,7236.09341458999
11.7020038310438,115.710387118161,1,5009.0414684328
40.4999641689938,453.712274692953,3,9924.98328163742
54.5714787936304,73.2703580334783,0,7107.47012365762
47.9552792645991,310.878568775952,0,9334.3092991851
55.3717610649765,176.134115681052,1,8154.024057432
11.1417844383977,433.4016796574,3,9117.9531797138
42.6091218837537,135.795119702816,0,7202.21818901704
51.2160882139578,164.06518664211,0,40526.4270132806
30.8265702475328,140.01668099314,5,6038.7226248874
71.3536995188333,362.537536099553,1,11214.7509560155
7.10728937550448,25.1066086813807,0,3814.37473729251
39.9871880318969,224.607460126281,2,8337.10489013516
27.886598871788,231.509827189147,5,7589.4273046816
28.5281575913541,331.592691093683,2,8924.08579439067
24.0969628361054,417.733157947659,2,9736.84441358654
71.748418816831,299.461286105216,2,10003.5185734011
53.9949748029467,440.592098757625,1,11102.3838754576
56.3650871443097,156.356822028756,1,7603.52319753479
65.231574700214,490.8688191697,2,11835.9064896431
48.337474629283,400.201483666897,1,10731.5401977878
50.1198318987153,310.211336426437,1,9339.94937229404
68.1709292060696,409.641796350479,1,10378.1755253649
10.2015316516627,90.2714713662863,5,4362.80188065442
68.4902293493506,144.055531658232,1,8062.96484298321
68.6373616619967,352.297566272318,5,9800.37151150767
7.23754005739465,168.35859335959,2,4695.4664678085
60.9124203685205,434.864084608853,2,11344.4417010935
54.7557160053402,346.942726299167,1,10725.7489669804
42.7788894497789,485.785531401634,1,11791.9230399025
22.6551814228296,79.5067640021443,2,5192.14140711235
1.97092824382707,399.867174364626,2,6602.33860780086
23.9466602955945,288.43736436218,1,8643.82105940148
13.0624490086921,462.531296797097,0,9600.55202082945
16.5320365438238,155.90929120779,1,6130.68606160113
34.5591958742589,341.470777951181,0,9213.70005775298
1.57011465285905,110.952775962651,NA,1924.98247213253
56.1501592339482,68.3420507609844,1,7028.0974995544
57.1909081200138,124.187713898718,2,7311.08788862225
9.45036029722542,113.367807231843,4,4514.25174987745
14.7474070091266,49.0944190695882,0,4280.27294802164
71.9530748417601,485.80106575042,1,12612.4719917787
65.1294294376858,141.714736782014,2,7729.20230986668
1.37824127101339,384.469183161855,2,4163.68897254825
52.3890707055107,209.296563714743,1,8167.52340051097
29.8786794391926,141.034879609942,3,6597.07202792047
2.62720948341303,402.376595251262,0,6520.44688376809
29.2296411474235,135.287793949246,2,6023.92063937784
13.6050821046811,91.8562500923872,0,5040.7215780676
19.001893436769,105.727369338274,2,5445.17061496338
65.8687779705506,470.234436690807,2,11533.7539838565
27.615541504696,288.327374458313,1,7957.47593209525
22.2833254064899,369.968402609229,NA,8351.676682243
55.7463978559244,212.617743983865,1,8573.60578478577
2.01648336439393,128.683973178267,1,2052.76311422233
14.5595403555781,103.114624507725,0,4937.91947222676
71.9507314767689,495.556659810245,1,12570.984389713
2.32302086707205,446.078784167767,1,6311.24146250771
51.9695667305496,58.1180300191045,1,6647.48257766925
39.1520795407705,263.555123992264,0,9074.59730057012
28.7941054487601,447.530585564673,3,10193.6811252245
36.4484536240343,392.34758362174,1,10033.1552866387
71.2847728552297,67.0032738521695,3,6663.47416104797
36.1289358835202,188.935729004443,2,7142.069108312
70.3441862254404,374.604620449245,0,10529.2737187126
54.1025338608306,293.331214636564,1,9548.17056996663
49.599848008249,281.248530894518,0,8486.10474584997
36.1270371521823,427.673825547099,0,10680.475743258
4.87072817492299,153.122876472771,NA,3541.56622738948
56.4608967285603,380.188186354935,0,10681.0500736708
25.5865837524179,107.582470476627,0,6660.51952959381
2.57454642350785,416.825418621302,0,6626.50625759186
45.2169925535563,307.754972539842,0,9301.40903680425
10.2031515880954,36.2612968310714,2,3845.08702678317
13.7692233035341,262.262764722109,2,6218.13336596527
46.1829880534206,293.756515197456,2,8852.93065986213
12.9799976430368,362.561179772019,1,7988.38186298481
26.7078414657153,223.494248613715,0,6537.00998587725
16.6856398407836,366.073043756187,2,9120.72663541326
59.7605245746672,143.735329769552,0,7991.76379499916
1.25863453722559,460.804537348449,0,6293.89843601995
12.1836273444351,158.001093044877,1,5537.84684001563
67.5415029167198,470.61389952898,0,12160.0136678724
55.3460463387892,477.49182138592,1,12413.4932621568
59.3359559220262,88.8809244707227,1,7102.22328745592
18.8778776603285,339.966365136206,0,8611.22292362666
9.34645635378547,472.644166350365,1,9142.17115652428
10.4320362210274,232.405152916908,3,6158.5236731905
30.7745617150795,240.829402580857,1,8186.41547635544
26.9769482272677,416.547789536417,1,9746.66900093447
11.2789142047986,346.283556446433,0,7665.10539569214
37.9094123907853,160.498858168721,1,6816.13637487751
53.951116801938,317.951712422073,2,9463.82756699553
8.79460674291477,286.503583975136,2,6332.55045674499
27.2417758135125,279.232026487589,1,7977.40187945739
16.7926618899219,464.495482034981,2,9808.16336750578
64.6851519111078,171.552941687405,3,8130.61193072121
8.55076354416087,197.459611222148,1,5055.18204514519
60.5689706848934,186.076366901398,1,8118.84506594171
61.0212358466815,121.807949766517,0,7730.90400120807
2.91107298410498,469.664843119681,3,7078.12443293687
55.339722678531,160.037815384567,3,7686.34295779958
20.5125919918064,497.97094039619,0,10264.726310545
11.7147965249605,90.4045255854726,0,5446.48275372129
8.00754174706526,428.700489550829,2,8248.322076541
51.5061678078491,307.873029187322,3,9063.43912531572
33.3914518340025,421.430567651987,0,10817.1717005562
29.3387293205597,321.676131412387,1,8661.58019178863
44.7326659942046,237.984799332917,3,8932.5097196453
10.4266777879093,405.877037383616,4,7999.08366765508
6.7255540844053,78.2984325289726,2,3176.29574913588
48.086812452646,482.820124477148,1,11680.2311225894
57.3414038249757,277.65155673027,1,9799.14555936372
27.5090168560855,461.612077057362,1,10088.3984154468
57.7209877087735,279.806908369064,1,8926.06941999963
58.5539536697324,70.642506107688,1,6965.16859163116
62.3877576126251,288.016220107675,2,8721.01305843904
31.0152404056862,489.056822471321,3,10589.2093954089
7.80692483461462,257.522632963955,2,5742.65573954664
63.6641830152366,286.584777571261,0,9933.30636814038
21.4955569680315,461.423428580165,3,9101.47257892094
22.6626837747172,187.76028521359,1,6225.05276507808
58.9434674130753,473.252943530679,1,11587.6304805774
42.6690768727567,484.758677855134,2,10890.8610831445
48.0543835218996,424.121720604599,1,10947.9425889452
46.7537088806275,339.673167057335,2,9535.31955074119
17.2071529787499,130.892382599413,6,5010.21951488878
44.3042616096791,479.962591305375,1,11926.5222186654
35.5303989786189,284.61296826601,0,7942.77436042038
42.1813586200587,251.668181717396,1,9491.05262222874
58.6997127211653,466.361229866743,2,11597.0868627198
36.1318850261159,131.534417159855,0,6668.41934005991
6.82435956085101,376.380826197565,3,6655.53900342712
33.9297946623992,31.8326634168625,6,4641.94800700501
43.4843963312451,137.469303719699,NA,7594.42749417739
65.8853669865057,437.648137547076,0,59700.3074217863
4.40975877665915,202.965254932642,3,4081.70983435435
59.0847723584156,109.878886640072,3,7584.31659230797
7.22278272313997,94.8778476193547,2,3994.79352717753
20.2387239786331,407.946071624756,0,9156.37718615928
61.1662599144038,409.276082403958,1,11514.0813967846
66.2283084748778,282.90381103754,0,9986.57178637045
6.8249443275854,160.920294784009,1,4215.7408514676
40.5871126460843,347.212071157992,2,9858.37358624232
4.03377104131505,424.930439144373,1,7626.03661557267
19.5231264738832,450.731820240617,5,9281.12541848228
14.3454615587834,459.669033661485,5,8774.56047509768
41.2866194942035,170.588464029133,NA,7747.46302858557
5.66338645946234,417.098565846682,NA,7925.85914238281
32.0659468737431,174.659799598157,NA,7117.65514132768
40.2702797013335,185.026125945151,1,7838.56130888506
39.3542563491501,216.014173068106,1,8724.8838871825
19.068983789999,87.0192110165954,1,5269.2106411411
12.7276893283706,430.643917955458,1,8738.65266794234
52.6724565271288,123.946800343692,1,7064.52685072235
15.6372080845758,172.385532669723,0,5760.03801901428
42.6390523558948,279.871060103178,2,8245.10779865426
65.8617644065525,226.562888175249,3,8937.40454695094
15.6946286435705,195.153486356139,5,5855.00539171429
60.0590181706939,397.797569707036,5,9850.98966346067
22.9325209904928,437.401414997876,NA,10052.7546986859
14.3779961389955,395.328859835863,0,8500.6848689025
37.8450749409385,262.847296968102,2,7719.06666998643
14.0665290497709,397.864232212305,2,8273.4517569275
16.9237456999253,27.4480695277452,2,3944.71359301275
68.9885953026824,269.389233365655,0,9551.56285402218
14.7111177484039,409.331484772265,5,8744.18203125975
70.0028887756635,393.033375069499,3,11186.1202042698
67.0812752963975,485.944996215403,0,12334.999510578
16.51617930457,314.027978479862,2,7465.41662739175
26.5068817338906,167.386566065252,1,7018.45712616509
7.84482760122046,146.445062160492,1,4315.26177918028
62.5788368133362,328.654620349407,2,10232.3988318606
71.6910339316819,482.91894633323,2,11937.9744298507
41.62010499998,212.35003951937,0,7978.49361508857
42.9475051043555,34.9905744940042,5,5804.95007891697
50.7235520579852,80.5921464785933,0,6998.66565760957
41.7590860372875,404.524184688926,3,9382.75831655672
12.5929829864763,168.295278139412,7,4324.73327725313
38.6544812363572,324.175762459636,1,10098.0648239038
36.4434750892688,230.406478494406,2,8033.02573058522
66.3177685278933,264.361358806491,2,9804.88133483901
33.129336319631,187.416258938611,0,8069.17261665008
31.1025727237575,149.82435349375,NA,6926.4619299697
6.47027090494521,316.251529641449,2,5874.99110999918
66.871769182384,210.669794380665,2,8061.78006262754
23.22935776948,60.7170036062598,1,4383.19275055285
30.300305660814,482.96723537147,3,11241.655115891
29.0297965125646,423.475703857839,0,10104.7740835166
50.2222989036236,241.454474404454,2,8921.20871647806
43.0456904873718,105.708358623087,2,6629.93192105427
11.6986837664153,188.148260377347,1,6351.47040758772
25.3121172518004,222.612960450351,4,7237.59693741615
41.3053582478315,111.139331534505,1,6938.85135182096
54.9556936153676,346.085485704243,4,9653.70035162489
63.8392617523205,168.846033662558,1,8125.51131415115
53.448036693735,400.028727948666,0,11138.7619181869
31.8920592265204,243.877741955221,2,6839.87936400404
2.45322461752221,49.5056354627013,0,1597.97057950468
64.9115107101388,61.8924543261528,1,6460.63258775391
9.8777174775023,105.116709917784,4,4139.53762590331
71.7732437797822,439.240623600781,1,11179.0396619247
5.58822254301049,219.182557612658,2,5284.03778004527
59.7087840754539,278.703288547695,1,9888.00930983077
26.2761677831877,64.8486941307783,0,6051.99757666914
29.5299065995496,465.700356140733,3,10800.7160618099
69.6631650086492,299.280659109354,0,10297.1992212748
39.2285203593783,422.729328908026,2,10723.3433263252
45.7627332415432,216.135593876243,0,7934.98199818732
24.5840201803949,462.260387428105,0,9635.3428030922
8.30743454140611,490.054779797792,2,9715.19142997866
70.9578493202571,63.5798478871584,2,6712.5509258575
48.5279594587628,48.6090658605099,2,6879.35848769381
1.10964510170743,365.073095671833,1,3788.94371070306
26.9779858270194,210.239948816597,2,7203.09307135762
38.7886553800199,192.196553200483,NA,7641.4759950574
40.4279165563639,69.4309205561876,1,6349.63363328792
39.6133466453757,251.031400710344,4,7749.5093991522
40.033204250969,112.40850366652,1,6655.72336282766
42.5003063064069,151.725084260106,0,7769.30810479266
5.45125393709168,467.285341843963,2,39640.8562663816
5.23429828765802,300.875397883356,2,5666.04452860439
64.712050354341,55.8579542115331,2,6539.61172991429
42.5767885516398,277.903544791043,0,9960.31404503666
59.5708028480876,453.575589992106,0,11301.0395300816
41.7845228777733,28.1648050621152,2,5992.37639438804
24.8107423633337,188.418314903975,4,7191.28395028574
64.6100769478362,405.44762801379,0,10690.2526772367
5.88852180098183,378.235017172992,0,7051.82222019375
50.6782038225792,289.444544240832,0,9527.57667736907
4.88314966578037,84.142744243145,0,3874.4441168252
62.6047190148383,99.4686505198479,2,7653.63048308234
59.426416446222,410.348872020841,0,11024.5792995088
13.0101405051537,84.9705178663135,1,4913.94787147567
58.9307846832089,434.851335287094,4,11010.6466772354
32.9852927702013,137.609649635851,0,7001.38307298365
18.8913069621194,56.267075240612,2,24037.9793274723
41.8978612639476,47.1864370629191,0,5426.07923599666
49.537965061143,425.748385153711,1,10754.1062328192
44.1163481238764,286.297928057611,3,8931.04788008014
48.7663646938745,211.873004063964,0,8525.61933079688
18.3168492417317,468.078005127609,2,9766.76428723379
68.6576098259538,463.252579681575,1,11966.253879575
67.0621494203806,296.707591637969,2,9570.64576767449
50.6687730331905,158.820154853165,1,7001.86571039471
20.1945625680964,356.45932726562,3,8410.69842746754
70.108083490748,303.620456084609,4,9566.45458812942
4.77933715516701,53.1247087940574,2,1832.94301685086
43.5085348123685,141.268292479217,2,7519.57287538102
47.6000202982686,49.7012728825212,0,5948.61867910386
55.8592222610023,342.188704498112,0,10385.5146249564
54.0251115816645,108.805184401572,1,7286.75710512511
60.7540239151567,435.438733026385,0,10996.9630863687
59.7487827548757,386.992048062384,0,10875.8727365045
34.288985372521,386.496613994241,2,10250.5119026062
13.2125527146272,110.342075414956,0,5269.36781841067
70.7901942641474,89.447268769145,0,7347.64070197319
29.5388488490134,361.65541946888,0,9434.37632338749
55.3974696581718,446.808492541313,2,11056.9668612931
7.53320520347916,218.445088267326,2,4816.25322235902
64.5738657794427,172.10977409035,1,41406.8195726858
57.8623819379136,331.698191538453,5,9197.78532780844
45.6829722260591,306.71478305012,1,8682.4083920067
46.1535876800772,91.6997310146689,2,29353.4934308642
65.0292577752843,454.560028538108,2,11365.4947853876
59.1901228614151,102.229894287884,4,7201.63809166831
36.4243397244718,322.084456831217,3,8349.54307584489
52.7233083045576,240.089990533888,1,8434.08826318639
56.4478639056906,178.683564849198,1,8273.34648358572
20.2937992550433,220.321706198156,1,6544.18086663615
51.735247076489,341.305708661675,1,10516.6629407668
41.5615539536811,37.6779887825251,2,5517.58643159928
64.2962660968769,180.285426564515,2,8021.32017647809
3.00001044338569,358.109769709408,0,6428.02659762391
49.2088508082088,209.672329686582,1,8476.96737371506
50.1674271731172,32.2909636422992,0,6602.74981431693
41.5438491464593,484.280040450394,1,10841.5637194227
60.1928594796918,182.712864726782,NA,8764.22762602107
21.9314111359417,440.879041031003,1,9819.36847497941
14.5316400195006,270.551560260355,0,7454.26463088824
13.0057818489149,297.403278313577,1,7327.18874383557
2.16004835860804,135.843043513596,1,2614.16772070747
9.1411234845873,64.1316074505448,4,4534.86661191178
5.53696567402221,58.4880281239748,1,2632.1148305601
58.1865588512737,480.775701627135,0,12436.4562441608
10.430847362848,185.605503767729,1,5509.65533461826
7.40628805896267,410.623353198171,1,7535.74733245013
64.3812846734654,238.897968120873,NA,9390.94211699247
53.103017575806,64.425081461668,0,6566.44732937037
36.5986255202442,105.306911058724,0,7028.74703491391
20.6391965355724,413.765673264861,0,9122.70700098372
8.66062412713654,61.9289612025023,0,3552.54176058144
61.1388660543598,389.712800867856,1,11255.485449547
51.4662120097782,75.7379838451743,NA,6816.60058293364
58.1728631693404,378.855090811849,2,10374.3050731846
2.03038093913347,163.318597450852,2,3023.66587270158
19.0074603585526,364.38899513334,1,8711.72243545296
29.5735699979123,176.196184456348,0,7225.42719514045
24.5439852154814,367.723797559738,1,8918.40227003794
62.5651695316192,462.618172317743,0,11863.6963089631
13.4236558366101,350.834814421833,1,7957.6248175025
27.00718741538,67.6530450209975,1,6166.69102286259
2.97326304367743,421.56885240227,0,6019.82056515925
65.1931009537075,331.257744319737,0,10505.4502461328
60.7163964388892,151.97576854378,1,7659.59658855996
69.4226249798667,182.320565059781,1,8229.68803147527
44.7333636013791,299.319323599339,1,9172.84918429727
9.62199948378839,277.756722904742,1,7185.2616229302
66.7008614914957,290.35731472075,3,8914.67762572312
9.8467028378509,141.669502221048,3,4467.66298498176
40.4816469717771,280.417870543897,2,8627.80557230666
13.7969531225972,398.702120222151,3,8490.17717030272
71.1685230005533,108.427346199751,2,7576.07890182884
50.8067087507807,41.2526255100965,2,6974.55550708019
19.083209653385,310.253212749958,1,8136.57647504969
57.6695987076964,289.356079958379,1,9426.69376560247
27.5749122181442,220.5525438115,0,7693.77737786374
63.955337403575,264.992688894272,1,8957.56140157038
10.6941025061533,373.042943030596,2,8125.83125908249
65.1207453524694,430.152647793293,2,10928.0964989953
65.0667181564495,283.90556011349,0,9298.61505283498
61.9873315903824,217.374524101615,0,8970.56772373346
38.7647402819712,132.943585067987,0,7305.77741504027
59.6701525573153,351.326311901212,1,9618.30001007828
67.3919874986168,369.278261959553,1,11184.9020468267
41.1070683677681,334.537726417184,NA,8479.26075931024
29.0104819189291,349.587889313698,3,9353.37996753211
14.2935505921487,144.245218597353,0,5747.32562626193
63.7284688719083,166.925435997546,3,8405.84671162264
17.6047728348058,243.978813402355,0,7458.88396770694
68.0472040441819,194.215505905449,1,9152.52607886806
47.7332808906212,234.488505572081,1,8511.86896385556
12.3267982401885,491.984897069633,4,9613.46485480651
68.7243685347494,436.908173635602,2,10946.2061207566
12.0268864682876,284.395118355751,5,6600.18007835895
68.8755799648352,305.375783741474,4,10176.549360596
47.316583776148,169.501921273768,1,8002.5390583816
2.91996654984541,314.87466648221,0,4789.95975284705
31.0245483864564,154.824105203152,2,6569.8128546759
15.3520144850481,495.416344292462,1,9993.06133448415
45.0233758811373,368.851918466389,1,9689.40544109347
66.4669564177748,337.473948448896,3,9736.53190942928
41.9541145542171,331.338389292359,3,9958.37856696995
11.1984044022392,327.921784631908,1,7029.21989591929
26.9210198367946,367.078584358096,0,9431.48778833201
4.78497833409347,357.213000506163,2,6772.07763884098
9.20518334629014,200.014719627798,1,5712.6010102982
52.5235592187382,470.813089199364,2,11320.5239613706
12.9384087664075,154.317590482533,1,5858.65295100914
69.0498814319726,419.286391660571,3,10889.7731057832
5.29261695803143,47.7175426110625,3,3403.93205200747
70.1166851359885,323.591713905334,3,9724.78958098657
35.9454266629182,376.550672724843,2,9226.77642032542
50.9073985766154,149.895363412797,1,31307.3131403865
52.3920131530613,488.889794722199,0,11915.3129645187
55.2535558107775,326.947320215404,0,9537.05595197932
63.4393181866035,37.4444801360369,NA,6595.33273578755
51.5727413697168,287.007654309273,1,8634.15412306214
18.3955674336758,374.395250678062,4,8849.60119902969
35.9877171306871,35.9154996275902,2,5515.23581623645
54.7930615954101,60.4278206825256,1,7075.8474890759
1.02651697443798,49.5942142978311,3,540.21503201084
6.95217804028653,189.277508370578,2,5354.99162727887
56.1373809550423,37.4604994058609,2,6514.40334660979
21.8401078791358,234.209182448685,4,7120.53743846736
25.6948494103272,462.269414961338,0,11023.3028690181
47.0873517943546,309.318782649934,2,9116.53888113067
60.9047371346969,371.275369748473,1,10000.1342738894
5.90430351020768,188.301106505096,1,5632.14725831227
19.839027402224,24.5001091435552,0,4663.16937225339
51.4327408506069,380.525444634259,0,10858.0131640855
4.62588748056442,346.285454109311,1,6230.39464568434
24.8191385616083,180.935154035687,2,6891.949256775
64.4369891188107,272.215029522777,0,9725.72506860549
17.1901190150529,297.563504315913,3,6783.59914026273
41.6094684742857,211.459935046732,4,7862.38964352911
14.5642120093107,421.602990999818,2,8499.64994960096
71.9831899814308,129.574570730329,1,8631.00559538799
36.6313246497884,420.814804211259,1,10623.628249441
59.2242253054865,69.0636928379536,4,7039.46121038239
46.2339831544086,297.381711006165,1,9108.12774575375
61.5486116786487,406.797911599278,0,11094.7559064875
49.7845098676626,396.827951036394,1,10656.3965869011
56.2035095361061,155.356057994068,0,8059.61959496769
11.4121659034863,439.390945993364,3,8241.4282399789
20.3919110090937,234.745479412377,2,7048.69760264519
19.4898980059661,184.15763348341,1,6074.75763884023
26.2427142625675,366.243403144181,1,9783.2723045788
19.5260790714528,90.4150210693479,3,5151.98730604732
61.7325550522655,357.764081582427,4,10359.1533565069
53.1750067679677,107.360171452165,NA,6890.22726129753
61.6561953511555,186.564015187323,1,8628.8411475411
53.1356931652408,235.304896682501,1,8829.02647056652
52.1231222529896,161.306436546147,NA,8284.62452269269
70.8170885085128,458.004313483834,1,12150.0993994097
12.4968428984284,309.131035394967,1,7591.71341213842
55.3987713733222,221.205672770739,2,8316.60444241009
68.7318147970363,77.2845188528299,1,6994.71219921548
19.8794103937689,131.648812815547,NA,6088.99724361998
7.09446747135371,317.720188386738,1,6332.61211131662
17.2537284241989,349.644493199885,0,8931.5377143937
24.6024961245712,293.054437823594,0,8572.66549517597
68.5777296221349,190.012383796275,0,8819.68842938911
