customer_age,income,household_size,region_score,num_orders,avg_order_value,return_rate,days_since_last_purchase,email_click_rate,ad_exposure,coupon_used,loyalty_member,website_visits,app_sessions,cart_abandon_rate,support_calls,satisfaction_score,delivery_delay_days,preferred_color_score,random_survey_score,store_distance,newsletter_format_score,annual_revenue
56,35903.30519613641,5,3.118638579168832,8,90.46079265927116,0.1301482051720631,214,0.29853997114500497,46.49589558525702,1,0,23,11,0.1710617910896607,2,3.6716060509394377,4,5.085190316125857,2.4613005603426275,27.72299538079973,6.016687873456102,967.3976674885271
69,63051.954538008344,2,7.739913781527625,12,77.43946264033524,0.13975934308207602,70,0.04141543596141525,53.02998516135982,0,1,31,16,0.37348113435104174,3,4.86659998672845,1,7.30079026495016,79.28105616351604,16.68488857475694,6.748876816694736,1319.9448116064618
46,48654.73882073545,4,7.729214818761151,14,96.01530853479181,0.06152032677488464,216,0.21764841836629528,42.57553173663949,1,1,23,14,0.19053079559726285,0,2.561115455954209,4,6.983927849992124,0.20570207285622866,16.858245748616962,4.983550923006316,1231.8155604555325
32,38666.19435603489,5,5.212960476541389,8,72.15636877604831,0.11630221881829297,104,0.24512260161360988,34.760068532479565,0,0,23,15,0.30216266305935646,0,3.719539860419735,2,7.608418524044702,34.39130891837887,7.472265215887063,8.222832210950944,1077.5715561673057
60,50301.4067363621,4,9.760138232792135,18,73.46818345098345,0.10012511501585614,215,0.19268926979910617,23.828594185920476,0,0,17,15,0.26584795849946946,4,2.183695244250533,1,4.5745465488803525,49.45832980456698,24.18796306920174,1.833285217848828,1254.039372845732
25,43776.779945784074,4,1.2555021476265338,12,96.6223999598781,0.1904533374322205,54,0.12092290809146464,34.170137621113106,0,0,24,16,0.38930774345656916,2,2.0652492623918985,4,1.7592292933028209,81.86421885384328,39.77677124722708,3.3441183062403237,1256.5901244818622
38,85307.12452608848,2,0.16947664889580993,8,84.43705033606089,0.09456561417066739,294,0.3015937223563556,45.14136720176117,0,0,21,10,0.19418490075293132,1,3.2966266657262078,0,4.648724439193726,83.85586427461406,48.45937588483972,6.86376357366453,903.1320611896347
56,73224.59635424176,3,7.701582117570959,4,71.76556837688817,0.08108617277112959,330,0.15966202540313174,53.17818768243326,1,0,25,15,0.339086990780196,3,4.917058392132873,6,6.47887249173292,72.49394406104554,25.578154997940796,2.4668386538755724,728.9626124311427
36,59880.41038025074,2,8.071555373648826,7,100.67610752017248,0.041760030131543883,336,0.0514813837300068,65.15568969924895,1,1,25,14,0.2160202592651299,1,2.8125353948806797,4,6.08592086605168,24.719762253989785,9.193530876291733,4.398447446836339,990.3924446490175
40,82199.16208335038,5,1.2020722912057624,7,66.22528564098944,0.10700072434378076,203,0.0,43.31363810304727,0,1,15,19,0.24888947876712147,1,4.750547881266323,6,0.7052205378860743,72.01869343191709,34.46456959034036,9.637335466282927,1018.4785384892826
28,61160.524614714275,5,2.6558283295860607,16,65.46102081965302,0.11464759167594175,288,0.326084951999931,36.77058853599239,0,0,17,13,0.0,4,4.657454080979047,4,0.6495243408219176,24.653919787694168,38.08277579451947,6.258759726865741,1198.6789863863833
28,47080.73698007604,5,0.1755236336662891,5,23.411023778718516,0.03992059059297412,45,0.26166639764711186,28.359278209959314,1,0,18,17,0.5092098571617909,4,2.015050449379979,4,9.65257831155212,21.460819173170165,4.5132877217320075,9.490572346411257,1075.508913261028
41,82846.86115904486,2,2.933086107805647,11,68.92062902845106,0.1226581802030288,317,0.2087973547129169,57.20095426856156,1,0,22,20,0.3550556932826232,1,2.6072776283373096,0,1.5180545503977105,54.71279542305324,42.656817351930215,7.224414032485758,1053.0315650563193
53,68083.65065526988,4,7.731418739186715,19,106.17433357844564,0.11165897618974294,198,0.15597253631491964,70.74791772994016,1,0,22,23,0.22326525140618353,2,3.5732099139767324,2,2.9446246401172194,67.88544438340625,41.636797109797016,7.246667696671729,1376.5618775653286
57,44441.30768510315,4,5.179605277125789,10,38.55414627655122,0.15067228799418822,216,0.1471001585796873,68.99495401934433,0,0,22,10,0.1875344311667006,4,3.0721835376455666,3,7.6763448215616545,5.30517659116806,24.15451164791678,5.918571736902056,918.5931797512891
41,57144.91982874588,1,3.480955931682881,10,60.96159719541565,0.16061840589509518,309,0.09242633515583887,60.648991222208565,0,0,23,4,0.2504351247120659,2,1.3838341194526973,1,4.096770758231749,6.002260112460844,28.460703412177548,1.422085948147268,1010.784659590116
20,46865.726199228644,5,3.717392949063303,13,88.7813711178034,0.10471396468071398,332,0.15685443554401152,59.57814975901398,1,0,22,14,0.37168795348194517,2,4.974792120508633,2,1.814648532600327,78.41706868167898,35.956995121835035,5.197142908862878,1088.530814277866
39,39258.00403553496,4,0.013536257154681541,3,35.102664522145446,0.048181755793395224,184,0.0,75.4643566956401,1,1,19,20,0.11079150744150743,1,4.0106160048451205,3,4.672323823097814,85.94972509654798,34.16065812808011,2.52666200503471,811.5139661246476
19,73892.66321297461,1,2.9980052756523587,7,69.78602772980472,0.05846892097276776,27,0.12639363465314857,54.98122192125216,0,1,23,16,0.28584155807056616,2,2.750776152898847,2,5.689499707633658,60.4440916341894,1.8102629314672443,9.986725543512803,1119.5384659933372
41,88641.24960705196,4,6.464587416379305,9,102.81726431221493,0.18810638315395456,166,0.16890624836489063,59.69194514036258,1,1,17,11,0.4770641872462673,1,3.4726741986651652,3,4.527666092780756,42.88280097068859,6.999329888575803,2.6696194010122056,1049.5095826141032
61,39021.48639271288,5,9.741944438163571,15,120.86051603697979,0.10827446965612803,318,0.26098800471904193,45.188242072220014,1,0,23,18,0.18660536640321956,3,1.3502912690649205,1,9.18946075472109,84.53164795991859,8.96693723328104,2.306858434614485,1169.103250511154
47,68444.53855035856,3,8.470608269838994,12,85.80493131334065,0.18730768897755287,274,0.19600735366266364,29.569349437178637,0,1,18,20,0.3080385038763655,4,2.98120661475844,4,2.846992950995043,72.88170327753302,38.02811856453284,6.2388315512404455,1215.653677118206
55,50240.361463172594,5,0.23594964645529126,7,61.470659635177654,0.1249302409243615,103,0.2794923113875559,39.74226649250636,0,1,20,12,0.5203309815257757,3,4.723329663269951,2,6.61332160699671,57.95941984312686,22.56409458172662,5.109488132196302,1036.099096469089
19,52693.11924352956,2,8.985606046748394,8,60.79742522703435,0.1376867818589224,333,0.334913510511343,49.86261442198017,0,0,20,16,0.3632151629690773,1,4.586403832219913,1,1.1229472140989771,31.975712194876337,27.72962869295443,0.2135291325451416,909.4638769655737
38,51114.09113641696,4,7.83198413298626,14,82.89815938661808,0.14693618081190796,104,0.3058170093824102,50.911780587519544,0,0,22,18,0.3125923820485455,0,2.3495233819325825,4,3.9228545766402654,19.799506165681624,38.86168440787872,1.2953317899246986,1224.2550053299547
50,47040.138454802756,4,7.803761235709804,12,85.61926642330198,0.03884305927952884,245,0.2470509847378557,78.8942878228309,1,1,14,16,0.3506636454909003,1,3.1254714552853553,1,7.409932515849737,41.86730392715157,17.70813118414045,8.110429418275126,1129.2494269547049
29,60727.82441917241,2,4.579957590035715,8,117.15857520116498,0.11534753750562632,305,0.20118626791807842,51.21915751386603,0,0,19,16,0.25991346649902974,4,3.7895340963505872,6,2.2481694058946546,28.682257596021156,37.695621138619885,4.836919551475606,901.2369131658861
39,47535.748253834434,2,3.980052929545028,8,99.41609705074406,0.038150054931896875,169,0.10192119915864409,67.68265166038465,1,0,26,16,0.429963128530344,1,2.3600370676316214,3,5.897710456544126,33.925858773446095,22.672664456848423,1.4601521482301438,1020.9343090488574
61,64056.85238669758,3,3.029157288331926,9,81.68212975776981,0.08575438260612676,116,0.27399440513793166,43.47384137635526,1,1,26,22,0.26006699770997876,2,1.259516872375754,3,1.5343702920906033,51.56310553120325,19.481829200936122,4.652425628357336,1102.628234015259
42,59246.42835826294,4,0.6569485895436578,5,73.29585493481163,0.13200848180615252,141,0.36797473822215293,45.324861713521486,0,1,13,12,0.10408183912640229,0,3.021766626871219,5,1.0270169136137108,16.909395695160978,17.318825938682266,2.531490830824037,907.3201030137857
66,56415.77929700386,4,2.282353634936991,15,140.2942341860442,0.04873330547337737,356,0.23421060396504184,30.064885441648276,0,0,23,12,0.260869689605954,5,3.4065429432933456,3,5.232327489250427,80.61766800738255,48.28229595912676,2.2359146111234374,1153.3194399682814
44,46386.545069376036,3,2.4660363497802464,12,92.53189599991791,0.1279668662263836,125,0.3917259148426123,38.865079806851426,1,1,20,15,0.20332654701232963,2,1.023366400486041,5,6.750109960860287,14.552946171476744,38.826697124739965,9.577252764451044,1227.2280083418705
59,51348.43004147501,1,4.840770697102016,11,66.6249657284491,0.025081550726708216,25,0.04744282919389162,57.904720870456295,1,1,17,18,0.27188059878025705,1,1.3823014941541225,2,1.1336706623448345,48.09936394209524,1.9896010979029395,3.62024526857741,1121.1014590849195
45,71330.86838738635,3,7.4744440659669396,15,75.50754152817045,0.15716599119807845,194,0.08458366152204587,50.113402705912,1,0,15,18,0.2740915940919369,3,1.8291625743766091,3,9.17776252372915,74.59713380804367,47.91335883939188,0.4643110467233913,1202.629896253802
33,67513.75781436572,5,4.7380982839794665,8,62.45090519993799,0.06677814089473263,100,0.2855201507748263,64.14407929845851,0,1,24,17,0.4197423199804907,4,2.3922091479637366,6,2.257722626974669,48.502070768959626,38.996541856606996,9.703266726373027,1195.4272659214457
32,45336.67132802174,4,0.5784444944716061,5,31.909009482992204,0.04864412878906082,5,0.2264290210153251,52.718809225175754,0,0,22,17,0.36952927266643854,1,3.1642048913223215,6,1.1997530815930002,36.102206358863874,8.309561008258523,7.9483957477215785,1048.4770380561731
64,61489.98458143839,2,9.57789800988204,10,86.25301982414645,0.028232204200445962,19,0.3313782176571808,44.71319402543387,0,0,28,20,0.32632654875753964,1,2.175371675038661,3,2.026989083502105,47.489130582275095,4.740568145154539,2.544133065641585,1295.38712457044
68,71270.80685057683,5,9.427243190941123,4,115.6490843311463,0.07103230835811707,170,0.19845283592732604,82.22445295680438,1,1,17,10,0.2997054588667405,4,2.104735257626015,3,1.6957245653184194,84.86706988741405,16.101510589313214,4.088918347053914,913.8352973220713
61,34958.92078317942,4,7.851895431484084,12,47.38885595505392,0.004619409652160025,274,0.11320245774716681,48.591446469304294,0,0,12,18,0.19411419911420053,4,4.477397375252327,3,0.9067465061294899,99.04316982839576,31.584894937957024,8.622895745951284,896.9917968413936
69,68150.40288569902,3,9.913279015642205,11,81.10525191758036,0.07258004304458351,254,0.17864067577949577,67.44501454557957,1,0,13,16,0.08188247623343223,1,1.580202563205705,1,7.978392347787074,63.11432892894355,31.210787768323904,3.5741351932327428,1047.6083961469535
20,50060.643615812296,5,5.444823328002629,5,65.86190441724806,0.15497435126665407,121,0.046731602907626596,43.98186190182984,0,0,26,18,0.3113160011392783,2,2.981840532689441,5,4.95537774744111,79.34440426487008,14.516656132311804,5.674040420065989,890.2528571241991
54,68558.9800288974,4,9.627683502532062,11,90.43005051139706,0.09056442001300831,32,0.08714093269029655,60.643992190753494,1,1,21,15,0.3794641203573659,3,4.811298867744544,3,3.8851944037868282,1.4488686159288666,22.83807395421347,5.348568696646127,1216.4036807293458
68,48551.11265186225,1,0.7560504061675077,16,76.55339686550869,0.04112406920466796,149,0.29724439979180106,63.9202348872753,1,1,17,12,0.2891666116755411,2,3.5000529964641833,4,9.50627926984133,88.03644095245727,11.382617629973039,4.012945486287997,1355.8224801466404
24,32926.76849003221,1,3.656807482613713,19,52.798906911647975,0.11131316582844042,266,0.28727874144696103,53.12737955863371,0,0,19,12,0.24651456772132996,3,3.868821919577754,1,3.7100838706479076,95.40497599279182,3.478355573170136,6.395019018137162,1334.3398791461746
38,35586.86343175256,2,2.253812680067658,8,60.37792572100528,0.10689478879374534,37,0.2363004284806077,14.68275615955097,1,1,20,13,0.3464502165214213,2,2.7249479655624285,3,1.6697272604718938,57.51693417575705,26.331552903917057,4.732907373018863,1142.0131542582274
26,60721.27419992073,4,1.9583308413427003,10,63.39398936031585,0.19783049812928583,177,0.02789224790395306,50.27378691284169,0,0,13,16,0.2916667799375653,8,1.0797286684788783,5,2.7404289192659625,75.38048620602198,18.002565578349866,0.2123049167397284,905.3381055490597
56,63895.83752582223,1,1.4080294889267608,11,106.88636415974415,0.13953605092702032,342,0.16415964244871115,68.45690071639963,0,1,15,4,0.4685744191973961,2,3.5845214734688216,3,2.3896653358859643,51.27447429600749,27.60123918259857,8.143831076479376,974.9573056436984
35,46435.25062343387,3,6.224136415659967,11,105.86518553860301,0.11527990635864226,13,0.07750001113399495,57.91221249541596,0,0,23,19,0.42327283420682843,1,3.5276971257124963,1,4.987412795633048,28.62037404555897,47.37885880105213,1.131557827537193,1297.5727393798957
21,69578.88688166061,4,7.813218557473051,10,73.77304225774606,0.1452533274179774,183,0.31765332537877655,56.687583128438696,0,1,20,16,0.39595080570233293,1,1.4417105458533324,3,2.9150512395457397,85.22479719830129,8.025145273070734,4.640899308913634,1127.958924131328
42,35077.1990659656,3,5.782983994203606,9,104.55606866902693,0.09328094659099688,145,0.14162778664373987,24.16614599063721,0,1,25,12,0.37577341142099036,0,2.848638854498526,3,5.160611721863618,59.68367119959418,1.096138897236811,5.799007909274971,1136.1095501325935
31,59008.80302029025,3,1.4696270958820967,8,76.53632321207652,0.09622934095469003,265,0.09142522892184507,39.193173939874114,1,1,19,15,0.17098325855485427,0,4.661315778662601,4,6.692934249467889,57.9383083791407,4.767032450824134,7.055060541932908,944.7737900363309
67,41834.75700356315,1,8.111237699334708,5,73.46674483099626,0.18294701517157827,88,0.20297961651214247,56.17036446727158,1,0,28,19,0.36629937020525993,2,1.8203393278879005,2,7.772987857132579,65.91322038412063,23.67270650897982,4.107965352879495,1002.0302727192723
26,50222.45838296761,4,6.359547071637285,10,81.1423568110235,0.018221048659187597,46,0.13598455431653883,56.15574915180338,0,1,17,15,0.33763259576465754,1,2.8443950185364413,6,7.101577812672309,85.60031658288484,35.639669460313854,7.355484870305315,1155.4861650341563
43,60710.98006974621,5,3.881657061269955,7,85.69650557247273,0.14839727565704697,119,0.3483743910203707,68.22000170199354,1,0,18,11,0.3606424728391163,3,2.8444127408020816,2,2.0559071645636093,73.19061257709643,29.45741656254226,1.3135008471857024,951.9382809494234
19,47093.799520740715,1,6.74130295536063,9,68.89110414269997,0.09446042621561121,19,0.1265189102465809,47.826998672808585,1,1,12,20,0.34926094868130525,2,4.243045872590553,4,1.1589971924275377,21.112419421574526,25.249835761313605,6.5344554827077905,1073.160078755719
37,54231.66683655262,1,2.5990497924283282,12,80.43731484364446,0.0854255289373324,220,0.06007717407753688,56.08736130010721,1,0,16,19,0.34527625878480656,1,4.298303481317778,2,5.424501591012509,46.682354440731956,18.344193423528207,8.26338927585703,1110.53624985231
45,75094.39213821662,4,3.451922084942105,9,95.74645011293046,0.07235520331531436,233,0.0,50.24561362896941,1,0,19,19,0.5700866469549595,1,4.037077678653567,7,1.9891179120814517,98.02983319862062,16.188734405043547,8.894439728375012,919.5496012092103
64,51346.62195715277,4,9.174858431319903,11,82.59079278412094,0.10768370102820941,94,0.1969213497586585,35.19585895247665,0,0,20,11,0.29238143300480807,2,2.461816636753095,7,0.8493372177151326,55.456071376277464,19.438022580144025,5.795664959538892,1113.5550277611853
24,72535.38168097712,3,2.905045056714204,4,80.8556580424864,0.0978235266747667,251,0.14380698861420738,16.16313003357879,0,0,20,17,0.393633738082933,4,1.2881477000740804,2,5.270943429794172,93.82453534707986,30.970112746444492,3.128951980750373,758.5962160110913
61,43054.397180135726,4,4.699882681579366,16,89.8836042856159,0.07926488066365164,250,0.057109539348827315,56.46514538195115,1,1,13,14,0.2529010189735997,2,2.3979319088960565,5,3.2679418510779543,81.33694863130559,9.219943837411273,1.6335651171362642,1201.8833335688298
25,67947.06266872924,3,8.901411373960146,4,93.33412121717218,0.06486711274416745,282,0.3189226461255785,52.60920812619217,0,1,16,15,0.37906415838876717,2,3.7191648050853585,3,7.561490119385038,66.60234418087589,38.79674206967666,3.4555875287744486,801.5393562594236
64,81623.5293098685,1,7.077213502675274,10,78.74768362774155,0.004733477377453235,232,0.2667245147429242,40.727374368497465,0,1,29,11,0.39393198902324555,1,3.8109862979563056,3,3.1419163054841803,34.936520265975524,29.187408764562406,5.3997437315443975,1199.9108561836435
52,22925.332498090662,2,0.6220322616470275,11,70.51637885843702,0.06380981278241649,46,0.19717821210627703,25.712404152262028,0,1,20,19,0.3364426077135348,1,4.860000837906876,1,9.787171370558138,30.4319347525439,14.188662502959954,1.9633022399156053,1135.4743684709665
31,48046.57116794285,5,1.4730304427897034,7,83.78406606948471,0.07438524268695142,46,0.33643262441708666,59.44609271613107,0,1,25,15,0.46692469423765,1,2.814564925774834,2,7.585231912607081,64.3421065297588,25.556495177752904,9.52514905693093,1159.041758269516
34,68656.0819077081,1,0.07841590771916818,9,48.12072540353401,0.1075615536083421,14,0.2662536033398613,46.01119888706672,0,0,24,18,0.21157239636395825,1,3.5297423317611614,4,0.5769322148886213,43.25612408464108,48.176155696573154,8.971354288729094,1166.1451908982813
53,56954.31920935511,4,6.309217902291634,12,75.7935600899229,0.19815429423407524,85,0.11771440984815677,58.35312083552218,0,0,20,17,0.2512779058331778,2,3.1567634828901268,5,5.088727403562761,79.87536228167271,2.0040849281145077,0.3295719486543125,1227.6158451017282
67,65567.18810056963,5,4.4767342541041835,4,30.568801833714787,0.06920219032432906,319,0.0960779836009234,77.96072795617638,0,0,15,16,0.32123800860234897,2,1.6024742404529495,2,5.626205012141103,76.04567395401959,10.77660940416023,5.619617982303888,714.8111382993981
57,50940.22219926269,2,1.3427485090227553,7,46.48416433126999,0.0488134573126415,328,0.28179815444538614,17.878536795204425,1,0,19,14,0.3880806853484222,4,2.844809888528544,2,6.953027106815977,31.21304867385143,22.970631755260623,7.893087902466132,835.8263155170213
21,61298.8468120935,2,9.579341210567705,13,43.476283011665785,0.06427519543484511,3,0.23963669564673512,39.50598786946454,0,0,20,14,0.3179429521294933,3,3.179340618755977,0,4.977967970337582,70.2728783061762,32.28354636721158,2.45391959934007,1172.3644682746565
19,57664.84146911881,3,5.296597239456199,9,100.94703484906103,0.10766723838010575,28,0.21697477679706617,46.8593658003213,0,0,23,8,0.4285759036510566,4,4.802998424169035,5,4.834435984145732,49.455019009718406,11.399185047988775,5.2389623239274385,1054.271835682011
23,77516.73092489711,5,2.418932941128892,14,80.2796363193865,0.12943177298981365,157,0.11535021971310927,71.82239261219976,0,0,30,15,0.23383101290336805,5,2.4661562176358243,2,3.6793861167761275,32.32921008139971,46.63879347043361,4.05991882409379,1238.624124462952
59,63816.31264951819,3,5.006035711547075,7,54.7590195356733,0.13641726065347715,343,0.2607947567005754,25.453954711902725,0,0,27,13,0.18594215105114453,3,4.920396412431911,2,2.7146138389917374,41.296659276464,32.486028608807466,1.9654626421807642,1034.5822715709976
21,65064.039931128034,1,6.796203327351078,11,89.82132086890712,0.1413853999117133,333,0.12445011168660508,79.03791538520906,0,1,20,16,0.33081283365365044,2,3.1692002960963377,4,9.462002119767345,89.5351867212262,43.994165498865094,6.147373838758226,1079.7116142299908
46,53821.84550816299,5,0.7623921797356448,9,99.77308958733036,0.14846152938059876,332,0.18980133454063222,52.03783852349436,0,0,15,13,0.29228197238863035,1,1.96987697321223,6,3.1759666963437194,35.95176921225405,17.136578582265606,9.93692175406831,829.3104344469866
35,52685.906638912595,1,2.74703815047892,10,90.16971112294748,0.08605581812634151,175,0.344694414638698,48.559990073992125,0,1,15,10,0.354286372035822,3,1.7666575480632312,1,0.6342132458033067,28.739927331945804,41.61874278102485,3.6528726027994485,1028.3391303419114
43,53511.627182705684,3,8.069654908839937,9,76.22579743014828,0.2026570091870604,114,0.1339165764189854,47.0291035517164,1,1,15,15,0.2972597709133496,2,1.566779669040927,2,1.6728473929341225,35.18072207101378,19.532741628072866,5.52379008264467,992.4035471049584
61,65916.78213567445,5,4.596648704026612,13,84.64973236838735,0.0822615739420618,331,0.042701074292713914,43.45605451729957,0,1,24,18,0.2659980209376543,0,2.811731482293812,1,8.572766360412897,21.46184362086917,13.384836850599042,3.2785468162150053,1150.2997146498703
51,53685.232787696055,3,5.465771420322949,14,98.02993066285464,0.10546702881704546,250,0.09474528081298897,65.72175138903732,0,0,27,17,0.29250624282762766,4,1.087705719155693,2,5.866334591233839,54.46349873963287,45.67111161902586,8.769486168024969,1277.1095847436902
27,64346.62285344619,5,4.328160022094693,14,70.61508324674688,0.16479135358863461,59,0.29942988266876236,33.97218868876342,0,0,23,21,0.30288488947931846,3,2.7801811332594615,2,7.787805493770657,14.743643632253223,5.518705308263873,8.646027004236931,1280.193927349879
53,91131.01197968159,3,0.4389994264300512,9,80.59733846515651,0.1283212513993883,203,0.22547311373802095,55.181212724657804,1,0,19,16,0.26950187001516696,2,4.953618768623786,1,8.087815461396943,81.74437864369165,47.20155100676381,1.7877338794797026,919.8037324367988
31,73066.87055147538,2,1.6574977982015593,10,74.85613910787137,0.0,315,0.18711226213112464,44.237275014395365,1,0,12,13,0.27968679536765717,0,3.6804271828890665,4,8.232364392110732,22.558024724562607,23.46724508751267,8.999488742380606,1003.7031834128437
48,55109.647017482384,3,4.455416387418909,8,47.731682946950286,0.10028179151484265,239,0.14909061946884306,38.567998272288534,1,0,24,15,0.259640666301309,1,4.039144484801619,2,5.506137077446088,59.80550275396457,49.638648200807225,1.5150871105606711,921.398497023475
65,78018.20883245918,2,2.0918546540792784,8,98.33136361288604,0.14309823780432435,234,0.24853599075531901,88.78962763525843,0,1,24,11,0.38566651198694063,6,1.4760215628730502,2,1.7712059569910488,12.502549891989357,27.44013803301641,0.9543995962533425,1048.180013146996
32,53878.86940467673,3,0.49979028659678737,8,121.1454372998802,0.0328264860235221,303,0.11508951490097766,56.2857610213019,0,1,16,11,0.31940210045057993,1,2.892403445960363,0,1.4823275223614174,97.84531482143262,38.116920432032856,6.529346157015318,998.0868603293297
25,29428.13197233219,5,8.436496640518238,9,62.5241075751762,0.13753463975644933,95,0.23056655686425961,59.198983169917156,0,1,24,15,0.5256752472168766,3,2.1448924041028556,2,5.739844203751124,45.45754588936472,1.346479800562196,3.85904105869895,1181.9432572674525
31,44878.70533623894,5,9.811925291641158,8,99.25360469772599,0.11950769700067267,141,0.12687454311870433,67.06665171002993,1,0,25,16,0.31607045512784615,2,4.576390111956117,4,3.665143536856764,82.21713407588145,25.336674178048092,5.307405934618707,1007.2295076274625
40,31938.121184612166,5,7.931428739967394,9,63.160124404767984,0.15919602419256867,334,0.11023406147249461,28.67975082022179,0,0,20,9,0.24491425296713382,4,1.72516988805565,3,5.580482412457673,76.86478356499838,37.135220109287644,6.5257078193746345,836.5153871265958
57,54727.297739380374,4,8.53784921704667,12,82.65575630154129,0.06540343388306796,113,0.13625125651749884,76.28437863683047,1,1,15,16,0.5670675374863064,0,2.834933308546968,1,4.984778442378648,71.36930471456789,39.358523977964005,0.5283723779298488,1106.8662210432938
38,60276.27568784328,1,2.419771303170454,6,110.16024547579553,0.14979467077946226,109,0.16245925535160383,12.365642322573862,1,0,12,16,0.3413626377714335,2,3.352190873382551,7,6.021980796975485,82.73648712046098,8.744380547478304,2.929531710909934,782.8013478855603
33,85146.55968412924,5,9.606269755131997,7,69.59122029215779,0.10798041237004158,362,0.1951170164066297,38.46850384942219,1,1,20,18,0.3990124786892817,3,3.0561643663141305,2,0.3211179073656534,10.046360865970582,21.529576568756156,4.609063117688671,931.0262144979206
62,64903.910606462436,2,1.9692570445342839,7,79.70627171216253,0.1883025152026144,345,0.22354557951111145,43.1145249023165,0,1,14,16,0.35921029832024914,1,4.320974111881629,3,0.3283668063012335,67.84971974719622,21.534525947847598,2.6658740980593185,864.009873127722
35,56713.49206786704,5,9.514298103618323,10,43.969940069838465,0.23930249689066627,289,0.0,58.72585047455759,1,0,16,19,0.36230110292977485,0,1.9258126852785615,3,7.215951708485088,26.582723527378114,6.078399616453738,0.48971384285520947,888.8224157065131
64,72441.08371775234,4,9.94819293965951,6,66.71591312107537,0.17691652195262764,97,0.11923494422532352,53.28077399212231,0,0,16,17,0.3535654051352474,1,2.509564441694765,5,1.9312724382271984,78.58716640665898,22.709229876881867,0.8667657323105338,877.1322839026604
41,26832.970364881723,2,7.117228057460487,9,41.874553559985884,0.12402593390541122,335,0.16084300226439607,47.4977788895241,0,0,22,19,0.18979154352239347,4,4.16833718629581,1,6.521984621920564,95.68687598478888,40.547554976104266,8.017478687537334,876.5955952674229
43,63534.21837162849,4,9.81143731791822,15,88.58356239749997,0.21605019980309026,16,0.35050620386083303,49.82003983058414,0,0,24,13,0.33675290475614117,2,3.1122856469472193,3,5.465759107914545,90.14895298426958,15.708856143330364,9.11386759212926,1365.5262171428367
42,71562.9779083045,2,5.695397795671036,9,96.63275117903154,0.13017390208339918,44,0.09199973916178679,35.329654647161476,1,0,14,21,0.16751386961497608,1,2.608469542591829,1,9.817944714046234,11.495222247366609,22.19615157280027,1.5223330243044886,1051.6737014962462
62,37821.20631330238,3,2.595417831760903,11,75.56730226858392,0.054602714323869185,230,0.21627966180999125,27.5415140827374,0,0,26,17,0.28256371635874655,1,1.117770058979326,3,8.354058788830622,36.9552420672821,48.08697556804499,2.4926195729148573,1109.4821864226546
58,77156.31064810394,1,4.369958856656209,7,85.71773934513584,0.09803633465242124,108,0.34950303097358376,60.897674335040904,0,0,14,19,0.22743825434367126,2,4.013541696062438,3,4.1313452133134945,36.43227571975998,2.5536957186865488,6.522494047310696,912.8849191893559
46,65077.44611241621,1,5.93560935378786,6,73.48539089499106,0.1380836093147501,217,0.06870314700527272,60.405591688042776,0,1,22,14,0.3357470185848724,1,4.888728311867041,5,6.16412820093165,12.22962663595306,29.98456662687243,9.542717760924472,970.1170477567667
32,53770.681291487985,4,0.7308156202701499,9,94.81090731748873,0.1412977077810032,260,0.23939752258644026,73.76741562735589,1,1,19,12,0.33341262473382344,3,3.48114803795404,5,1.1728945722547202,9.812605334682745,37.428368497103826,2.995897091332711,1085.0164474368373
62,69491.72799159428,1,6.223432646172461,9,82.58923870250398,0.043736755509617024,312,0.11977281660654797,38.14974354777188,1,0,17,13,0.34811458907651865,4,4.426164882755178,2,3.86386042962381,38.48901349691817,38.28323926752774,8.552136262360012,856.0596036665299
18,94060.39286706594,4,9.811778367622946,11,40.28673288392881,0.045323385677016374,320,0.14953662577107657,60.39222815451384,1,1,14,19,0.3287296572749087,2,3.0675029727797045,1,7.338877410898743,99.20715504965113,36.08096321931817,5.060246444503765,1096.5785804582608
42,62727.99382587743,4,1.9010764978372763,13,98.79961636185641,0.0829345076895076,196,0.11968891660466856,45.74439907452902,0,1,14,11,0.2393174658213601,2,1.9267238616934583,2,6.226715841286536,56.894265106627515,36.596120729953384,9.565586390807804,1157.2215287257225
24,63723.30879450504,4,7.925951162883833,10,72.20914410833693,0.12672718067280953,95,0.12681426915841143,67.85712477790223,0,1,18,15,0.27389965106483205,4,1.0577684169405819,1,4.844713243773579,62.17816286042562,3.8916206179794433,1.362586624281913,1127.9683525344738
26,53109.58650689634,1,9.078987937796194,12,54.59241057583191,0.13312812749399597,56,0.4721912147906493,65.32944165017213,0,1,18,9,0.39203961612544846,1,3.613593070359957,4,1.7652910405266908,47.10189100186823,27.17269433768031,9.736723982079864,1313.2559094614526
41,47252.33445802813,4,9.437015928202207,15,71.22132055311994,0.10706525620524053,32,0.2844455872071666,53.16814098836685,0,0,15,12,0.40678566772943997,1,2.9724353929929785,5,8.031459261575446,66.23305523040229,39.365484511205544,4.40978627829508,1172.2247749337246
18,72455.03724816369,1,9.601356044054473,10,41.9586070290712,0.05827856332411763,231,0.3101737861786209,44.9070476500102,1,0,15,15,0.18532169013734506,2,4.1283925883504065,5,2.7316660441157694,95.66620807447696,5.60918740282915,9.529383904262618,1000.9772897205235
61,47158.74261136699,4,5.214596387214719,9,55.00221377521913,0.18684714715096515,9,0.24919934868364962,64.41398267912392,0,1,14,18,0.14690723674873535,1,3.7787296697412183,0,8.204790816619095,58.86979536143918,1.5904461969565253,4.5869021705151924,1110.098182396819
25,61073.49355829089,5,9.773079079915037,13,82.85899220230777,0.04639709690784802,191,0.03937432115980419,59.703567848848486,0,1,17,15,0.22731106167952878,1,4.951809472826259,5,6.116090627949935,6.5038459721193265,40.91352974838325,5.300821341205781,1121.2418530520185
41,52835.13829852325,4,7.573102071344389,7,84.53423372681132,0.16511703724268806,361,0.23949579703233073,39.73339396870726,0,1,13,12,0.4045207582032251,3,3.041250333648159,1,3.7273142794878744,49.28905691681986,35.90242499075797,8.04775009777321,856.8937533867111
28,67184.69738619588,2,1.616714362369619,16,86.12877668510336,0.13694116417251828,200,0.3072929614507347,30.083019897808537,1,1,30,16,0.4214884030183034,5,2.7086991586920375,2,0.406052219599915,99.27512732519513,21.19811442880769,7.22628500739394,1464.220176880339
68,65004.931579304226,4,4.7690010646797,9,80.06419735526995,0.16401661519358643,334,0.11466005259608886,45.672006489773054,0,1,22,17,0.20752881195988282,3,2.14695875775718,2,2.3241884434437687,38.74027205942633,47.07942519613442,6.1960332041728545,1006.4226114393971
34,75563.0991638685,3,7.18331175372004,14,66.14269753055976,0.07777833535385416,161,0.29653266671611267,72.73120723022313,0,0,12,8,0.3307309353736338,1,2.907445167165098,0,8.890709254881639,59.388123721447215,38.56330663792209,4.1698002358955595,1154.672203897612
25,52349.75401717879,4,2.473403158190833,7,78.9108172107887,0.09286729009553979,87,0.2704336209854079,67.19730738099557,1,0,26,22,0.4834431333140088,2,4.491485912491688,3,8.179743438957175,10.6636763428817,48.425186138722296,7.924383673996058,1029.0174944976834
52,55951.87597059943,2,6.406151835488874,9,71.25585106104229,0.10275212786405218,21,0.38520400448136705,33.31508795494129,0,0,24,12,0.34153114772403337,6,1.169758903166965,1,5.748533129340979,14.118049873656691,46.5364477178259,9.482283332893203,1164.3460804317672
52,45318.54426326539,2,6.666004790466192,9,47.48436803849632,0.07618011196992425,311,0.15822169874863812,32.48363876150118,1,1,25,14,0.4421503285233094,1,4.911600189144755,4,4.663224639621269,87.46814531539626,24.58338654598605,0.09810896943026837,1062.4123212353843
50,53335.60109885833,1,1.6269974380856589,6,64.55170017978824,0.11126292267475493,76,0.09023890177242733,69.12025774519229,0,1,17,13,0.3998726570083098,2,4.973228777231192,3,6.471426793301092,30.034462825161146,37.98073995353474,5.878450964526611,946.3017752343758
22,65659.50739567279,5,5.650853124527563,6,97.79082462338049,0.1789544728035604,141,0.16383718906274544,32.965461428632565,1,1,29,21,0.2089801293772089,4,3.391285514351607,3,4.662481278433015,30.5451273354593,33.79037805157431,8.659809289783485,1120.6730526213812
59,71354.82924968028,4,7.716269109786077,8,111.76588304109889,0.035158307641601355,126,0.34355709931636236,57.639429854630116,0,1,17,24,0.2810018576502922,3,2.3261768147816055,5,6.443048407191403,38.72129960023282,40.76081529453208,6.531125373455573,1056.8661654862178
56,46167.52013733562,1,4.988956645359419,9,93.02550088237376,0.0671394145894455,251,0.017159411915803696,40.75893176995514,0,1,25,23,0.3034754478291848,2,1.8921958732880952,3,3.074040996601579,96.64786729045225,39.596731710298606,8.008292578333368,1009.6618730904086
58,73044.0888015849,5,0.12103116776107425,3,110.87395521984828,0.06171273406468719,84,0.0,74.25567386782524,1,1,18,14,0.310413338802134,0,2.105961582739515,4,8.384972179114751,8.439049603687643,8.508366531628111,8.950611038489853,791.9930568782661
45,80334.56788207426,4,0.09038469079292177,9,81.70777220269916,0.09527908689319763,48,0.20893952789316134,38.44362801293182,0,1,13,17,0.39163289534385715,5,1.2004217060198874,1,7.0191789346526665,81.8764102551335,12.453041058618771,7.5095101585305795,1114.1315352148495
24,66201.52354835552,3,3.570293439700122,7,114.84752169405078,0.09322368655105646,78,0.1557410707225844,67.15042295308743,0,0,20,18,0.34086847622754085,0,2.9004438339334353,1,3.299756284276918,34.15578764659865,14.0208472817008,7.170174013647661,920.8171638896051
26,88151.937188371,4,9.26194068431782,15,121.08976880657161,0.1386157292220353,30,0.20077278931756848,52.77287981090547,0,1,28,14,0.0063799056221884864,1,1.2292970834576233,4,8.306661148234411,84.94680259854749,41.10642940163352,9.647458913639182,1485.4611613412835
25,48393.1620134464,2,2.286767796036088,7,45.33061003927624,0.10168615514606877,285,0.29453117712358656,53.782922813514304,1,1,24,11,0.16871597269072738,2,3.873896859103701,2,4.87342530853179,99.17556495045424,40.726343492530255,8.636846578915726,1017.7799852270095
29,41330.179450328746,2,6.343636888716872,7,84.42986614265665,0.11514416383596512,136,0.14474306538811477,20.445371279728985,0,0,20,16,0.08126190850239567,2,2.4877178221314162,3,1.7463886473746149,34.86674102117478,25.271432000032664,8.153778695827738,920.9602343945637
51,33319.19626643582,3,2.2207587069332058,13,81.72860378175085,0.11992240227560004,140,0.012699416906937933,16.95629970191422,1,0,24,10,0.3175365240655334,4,1.7974589269886527,1,0.7771246200352666,12.935636621235524,29.46078070334414,0.8640336047187613,1273.692791168614
50,82440.66467233775,1,3.216699896595486,13,71.51792368831802,0.11227020306029059,41,0.40444815571999443,46.69151089599029,1,1,21,11,0.3240487649467761,3,3.1794142313441536,3,6.996057476372204,14.437549798292826,41.519185495451595,2.390298831394179,1345.7667251723276
65,69815.48484531087,5,8.48042089601484,6,89.83831076302774,0.1351656530728796,282,0.1002771712561224,53.703590951249176,1,0,21,12,0.3283224958610718,2,4.895037228972055,4,8.651208042080107,75.87408909491859,16.31708643320942,5.567560243250895,885.2245633156743
40,59166.229936343174,4,7.288614422699469,9,80.82250137283754,0.09388383089336275,50,0.09409628779879026,33.12203258393415,0,0,21,20,0.20410717322853836,2,3.780524196073673,2,8.074419885945437,14.492155233813653,3.4587600689018014,7.0956010497481365,1081.8104741880466
41,64199.529394797304,2,0.9539927731321063,8,65.29102159215913,0.1823184198037499,258,0.3103720013722597,33.66959884285487,0,0,23,18,0.3674144005119989,1,2.9669874004166408,4,6.556510302221518,26.04215685346366,24.647225475679193,3.032148933004769,960.115638786341
54,43117.66429052435,1,4.287020209864336,13,79.46789789926036,0.22708099233593962,311,0.1615510878958482,58.422089447392,1,1,33,13,0.3716262496468529,1,4.107657197018025,9,1.4137505560476804,20.439834366207975,45.772140048584916,0.9332811312082334,1288.4706595183206
52,96686.27969425239,3,0.2916976364526447,8,104.0918915873678,0.1353115487383535,360,0.19366101479651893,58.44281720685696,0,1,30,11,0.17448509327948422,1,3.9499058875959547,4,0.9404407597665354,35.567856403098254,39.73294478704357,3.1109918681524773,1161.3098170624721
61,61938.31772962841,2,4.80890146603009,11,83.65076193765351,0.11139955818545305,270,0.2482790124060318,47.933884094181096,0,0,22,8,0.15339617985511275,6,4.566941844231175,2,3.4502962301172535,7.436657514968747,18.9642478523158,7.710291805805191,1111.8341173920514
57,61640.92191907339,3,6.62434011701068,9,92.53909496512264,0.1312291154658622,134,0.3083583103109996,61.70302581779113,0,0,18,24,0.2999868313773062,0,1.81867579037579,5,8.549108903987687,85.6742482407258,4.173796663658999,8.774010293413731,1110.1357760427932
39,70886.49935848037,4,1.1850262359815156,10,74.45893799441818,0.044948345705817794,234,0.16665393068182283,32.3869655641978,0,1,23,10,0.4791782273613359,3,4.435510305034928,0,9.617362703066641,86.01463118009936,32.20905576374299,9.129036483443429,1143.9403415032732
44,67215.13847605069,5,2.8888493890916567,7,89.0412802030323,0.10900527337327075,128,0.35199520059142997,44.66097624369544,0,1,21,16,0.46997427421986426,4,2.2041043481667955,2,2.4136085484707124,41.29328984826898,41.890048997655484,3.7886667914414773,1027.3780988390274
52,63358.26036418697,2,3.9783662550215695,5,55.8157093903364,0.06343376965256958,104,0.0,74.7181640867551,0,1,28,18,0.35634043604480525,3,4.763995711300389,2,7.6209567058172,61.20875690234753,33.58247975627729,3.7253857486019646,1035.9740799624271
18,48142.88316832032,2,9.195310246560497,14,70.00559001160416,0.1254988458620165,254,0.27597872369530774,51.02483194909726,1,0,23,19,0.22700033284199234,3,2.1242605957869407,4,5.738692169072057,64.19515709043047,21.828658573387965,4.067074709717911,1119.4358059346337
52,67072.02535703994,4,9.93255015422964,12,77.94662782868144,0.06368203460114263,95,0.11604724419823427,51.89468771880499,0,0,22,15,0.3886842659488585,0,4.707394172650705,1,0.3180736707794274,74.92581153459288,7.044327045774496,3.7580946942144777,1209.2384824302537
54,88230.3674471255,1,0.44911298995615856,11,54.473281587469245,0.0827611277320552,337,0.33722713166079915,84.5891987895161,0,0,17,18,0.25475757351909584,0,4.85516285785632,3,5.429163499329398,52.06900875440511,45.627937962730385,6.661966075072097,958.6874742010781
64,80181.30069232467,5,7.61007923495392,11,63.39566562215455,0.006401454723847372,217,0.21420444788305454,29.00986751226844,0,1,18,12,0.22324929633261892,2,1.581965429828057,7,8.059404029893551,51.0336045441686,14.521957961915765,3.5832326213199273,976.8710112345359
31,83897.79939959096,2,3.717240664023432,8,86.26223537147783,0.041337715502616605,61,0.13270946679905984,61.946455499631654,0,0,27,11,0.08560331683780056,2,4.897999533051133,1,2.761227833440265,63.13037773282109,11.990064788155008,0.20343936614245828,1242.0392691419586
20,52331.76485353222,5,3.9245818622948003,7,82.59663832576065,0.11774369014680233,268,0.2662841093021633,74.9597941971215,0,0,26,12,0.3102382198347653,0,1.3428918737171291,3,8.97361623970461,70.30483956698775,40.98285661487305,4.3902460068787175,935.5823731185766
18,45155.92769612129,2,7.542649733470227,7,96.12730849315417,0.056557696084078485,241,0.28931883472072517,45.12713110252181,1,0,18,9,0.23701326508626247,1,1.8742711464500879,3,2.3626040687463687,34.66903770292517,49.079776997469,2.241520661785877,858.7953153622373
22,58113.19619850528,5,9.184264321454087,12,67.98977963629672,0.15318869918927885,13,0.26418941228586384,62.89446180282269,1,0,15,19,0.3096430379528504,0,2.776675123491218,3,0.7647313264405431,33.037047326881506,33.34785267849326,0.2880713778461996,1216.709722667796
43,60835.87368433042,3,9.509285945025484,4,81.15204452010482,0.05230554557933439,147,0.09703037603669395,35.269707541836425,0,1,23,12,0.07006423037629383,6,4.97438946284684,1,1.5993930943956403,26.971840409590918,31.615713962202978,4.708429515340482,892.8348675003263
31,76412.87277706423,2,5.771225860383208,11,66.56265178232343,0.12266272506428855,240,0.15159828763779154,39.699014066489724,0,0,16,12,0.3169826672583687,2,2.9542522046615174,1,8.370028687209183,54.88465553127485,16.652112591832065,2.059545591982931,1050.3209654475902
56,34613.030554277706,5,3.571211593005028,8,94.12257098218653,0.061906218551412075,89,0.19959271628785652,55.77449624071451,0,1,21,8,0.0568878836028372,5,3.2016377727139433,2,4.173059190395283,36.01556895557724,2.0002590835713376,4.527418148397341,1069.7335941499116
44,82943.2547919092,1,7.875490858587792,16,103.81492232050495,0.1192734887516763,95,0.19587403473499398,61.97850009665885,1,1,13,15,0.4087940253268552,4,3.777699798094594,7,7.969455636216577,54.03132677076319,10.398095425312771,2.7774998661028647,1227.0650649799525
26,57629.88152131516,3,2.5100138326230024,10,89.66649654505605,0.02326063354524302,315,0.27497454754383477,66.81404768609369,1,0,18,13,0.35218912341350844,1,4.873174233091806,5,5.312330609895951,40.59847658269216,29.637091391272023,6.037088702804332,1047.5087230281688
32,53596.7839507887,3,5.640740288335177,5,101.22388552553166,0.07734085121852209,293,0.0,73.54442880409239,1,1,17,15,0.2721335228575412,4,4.133405600496978,5,4.805591247944314,83.67341825526609,8.414506628986231,9.908773868739594,872.3594758115896
32,44818.434371097486,1,3.5857846152487314,9,80.64999725775724,0.057689335735613245,25,0.23343270545535036,48.98830162167227,0,1,12,17,0.3562719860082079,4,1.8966160176947944,2,8.069131514924653,7.3130239745460734,44.30795453963503,5.47231920711665,1112.6704140552717
43,35177.14992201346,5,6.566310737078761,6,96.11187669990352,0.14416162876544902,272,0.171001864556336,67.90417632758883,1,1,12,19,0.20219257373364474,2,2.2119637226574187,8,4.234876117123759,57.221059360467464,10.219089704791374,6.4689591689277,836.5576981784594
59,72347.55875942872,4,2.403989128935069,11,81.50835485224921,0.12311312322271022,166,0.11614993836160478,44.86542734826276,0,0,16,21,0.30723755156148924,1,1.3905129584340976,5,8.020327310663683,57.56237505871977,26.583118197583175,9.192757577512014,1054.520785438777
30,61099.76950782606,1,1.9159294573482577,10,59.50143866828464,0.03837119726922589,250,0.12575132222304003,63.53136967382402,0,0,16,14,0.37947740384603357,2,3.5778094566589593,4,1.006621649634456,38.371731053869986,26.08864904267095,3.740004177250916,891.0850455055705
68,40650.58650388419,5,9.182390866754371,5,84.93442777397213,0.08984096316895598,87,0.17854623354820365,53.11233196778273,1,0,23,22,0.0,2,1.7229612261568863,3,6.363108155392565,42.10208945631432,30.593335876352874,1.6654844978558303,941.7822291726756
49,40573.818419045754,1,1.018036829495369,9,60.09406612418981,0.06138410786385828,142,0.0,56.685168606228856,1,1,24,22,0.2552775640322476,2,2.029619553917463,5,7.025870565519847,80.01313608829285,17.044269416183912,2.8279728293055326,1075.6529665586902
56,54963.229510648074,1,5.059579077349317,12,126.7825790313782,0.14751285969342715,134,0.129871042920845,56.35261811033056,0,1,18,16,0.29773558698636254,4,4.552454620721509,2,8.990973961417426,28.067371026033484,43.803175852200454,4.027949407145492,1102.3715050322653
66,85035.32287934089,2,2.208527829630089,10,73.31823682449331,0.16357620738269696,279,0.11241851753537067,25.929424853032817,0,1,26,13,0.28037063822542335,0,2.307022701328061,4,2.2432391871619495,87.14037914261628,22.77077526277841,6.450176812558382,1154.1943970531129
69,56106.12972954593,5,0.3892996332566745,12,92.90075710897995,0.02791774267445933,126,0.25327832093226244,33.1381721170884,0,0,28,17,0.44571018262274054,1,3.266586873416668,0,6.0421988009285155,89.63433041346933,35.30752535809213,0.0458802942972103,1300.951553919221
49,37452.85570322841,4,0.3601881829142639,17,79.75173560948811,0.14133514871907404,316,0.11944733174894795,51.53812159726284,0,0,28,12,0.18760988750771151,1,2.590264035156708,2,4.33256563689223,65.0619304402196,32.15963218736845,8.533832147669843,1269.0128660078544
21,56313.85403871084,2,1.7522177210582734,7,55.32773151928188,0.05883519653711453,141,0.178488619982951,24.690813805382472,0,1,13,15,0.2378840756554771,2,1.2961251496236543,3,3.8277165554402903,77.28577137080984,6.7406480728654605,0.7609397304983045,937.9600117429999
47,55909.146453784946,1,8.667703545060002,11,42.02953939870857,0.08735416136403404,356,0.3542276627661302,62.46816654799633,1,0,19,19,0.10841309736915514,3,2.4514553195868203,7,1.0671355521195747,61.29475283544884,31.50932828242796,9.006551489185505,934.2280297228941
54,19546.700355876426,1,2.8247874397702666,8,94.98027910148262,0.10161271145304786,103,0.29943515198154236,63.07333949432213,1,1,20,17,0.45102866512731454,0,2.6322728121437233,5,1.3423333059494225,52.52591137465916,27.984431221073702,9.494345212048987,1082.4504845392257
40,59185.577002232814,1,9.504591705752958,10,110.9868185354212,0.19083030817777363,226,0.2902271399943453,54.90755829316685,1,0,31,15,0.27537098573912,1,4.582804407646073,5,8.369884614476463,96.66777542502297,45.03159909953939,9.90102794112134,1186.422262401858
56,56535.98204686983,5,5.816222929891936,6,65.30392585579283,0.04980751364845574,63,0.15001275695891483,33.18298980863116,1,0,26,13,0.2561591111963293,1,2.297802614585358,3,7.49753432325562,28.265496422746416,44.16295518776026,8.095101844068775,1065.7115591253605
62,70443.09547220127,5,4.366141897687661,11,46.86614960880819,0.1417374861321651,294,0.25430322792896526,70.70208408302773,0,0,20,15,0.2947517317689286,0,2.5169644790482715,1,3.823411302911005,15.415094664311212,8.396784583170671,1.418555259401526,1049.7786857086865
32,87734.34142418018,2,5.800888346694546,9,73.4967453515675,0.04142477959151911,306,0.1766102199546406,80.55815959577536,1,0,19,9,0.3636235828430324,1,4.131587074689338,2,8.284865813896308,28.748536314251528,5.002572133743776,7.061670432251863,911.2229266453503
60,76898.47544321636,4,5.166983852262677,13,61.257659095225335,0.037970320757963284,254,0.18039067893230623,52.20615241168961,0,0,25,15,0.3347363403516125,2,4.035826604846392,2,0.8076618482357845,61.462560837944515,15.43501874133257,2.033212906081765,1144.1027874020094
46,55966.669641677545,2,7.587762537573251,9,66.99368640275814,0.10142317242095776,180,0.24096853437465499,57.65803067676855,0,0,11,11,0.5647884213557087,1,4.193141106593963,5,6.247739170331687,18.518343810114366,49.34402997753113,8.97127835580404,937.9307984015804
53,43402.11136887495,3,2.8249606597285224,11,92.2074739945057,0.10108647454948615,40,0.14030064115790677,53.026079821940655,0,0,24,8,0.34539358884037746,2,4.815082960304016,1,8.681760527142883,90.88140432263141,2.0571150439095205,3.1660592565534476,1217.6882206423868
30,98600.3970487479,1,3.530503916003024,5,78.99073905194324,0.0,264,0.34930031044432036,57.95553783498199,0,0,21,15,0.2534754570830919,3,4.182229993579137,3,8.388642310312495,41.10244006653927,33.97171973907096,3.2679597707504113,867.756446801223
49,60888.27651021732,1,8.940943025332507,9,63.40984882235965,0.1579798144687749,189,0.1839869860402063,48.20661865060406,1,0,26,16,0.2438643262476053,3,2.6304328128715637,2,3.7278275994185983,84.99628782918435,30.81717295820788,9.176532959148666,1041.8271721037502
24,60208.939378694195,1,9.464565131504054,9,91.7700157252239,0.0,8,0.26183605662596654,49.48153640234295,1,1,18,11,0.2607241047583191,2,4.286034067592368,2,7.452338530569891,24.92365445288167,32.682335742433025,0.13231070783704557,1220.8662572188787
68,59638.12369334995,2,8.925582274864745,5,93.33744690151582,0.09270312819433493,104,0.3455600479257298,63.58576400746048,0,0,15,15,0.1498163075370162,2,3.0346985283597534,3,4.274681455198776,31.316835508274753,11.696008598766333,1.9396615148356977,841.0547091683318
39,62971.271411517824,2,4.194479939573136,5,73.25885027910749,0.1663807725802653,225,0.30316537745751754,85.1843624284466,1,1,19,15,0.3039864207491586,0,2.110856130074261,5,8.401381643899494,5.922339717249658,12.109149944192646,4.21932266563455,952.7268878276718
45,57834.593821140865,1,7.803655030068817,10,82.7583304183612,0.21045919833443394,34,0.05910808973094753,28.99893148397392,0,1,20,18,0.3783468106208917,1,2.2116682725240495,3,5.3076195015502305,25.776769218557394,22.101462026517407,7.00721567310193,1155.3387297198217
19,51395.069896796456,2,4.763357333010988,13,90.41003766153949,0.08184750681557101,236,0.24448958950098842,48.4428127339555,1,1,21,11,0.2386636399376764,1,1.8953695542535933,1,7.648570491050411,49.03138189633014,5.697032546280861,6.475661660447354,1158.3353889654304
59,51797.115881394115,5,4.975398521461022,8,88.52206261966793,0.02835254581914562,228,0.2850719394460647,32.29309272151877,0,1,17,21,0.21926199437158883,2,1.5799718312790136,3,0.7857158229167172,94.61369177232423,4.65604724192807,6.694118751671491,1082.707831505356
62,59508.70094676002,5,2.0468010905728393,12,80.81228173931065,0.1645274112883979,188,0.2891863022160749,73.88037347864125,0,0,16,19,0.45159451462942335,6,1.7379616474146014,1,5.9002597160886285,38.89029738914982,5.3296132208187625,8.800220284106642,1066.056290302367
23,51848.62843299352,2,5.911303032585165,8,108.65172236450593,0.14325782750601312,313,0.08867051658853689,41.18393046020152,0,1,20,13,0.15735168433788346,1,1.2527121998152775,3,5.502841774693387,63.97438794833459,29.07597939400663,1.2103041229325662,925.0169316188162
45,49307.313259842536,1,1.8613589775334793,11,91.65361626030372,0.07555038552107624,22,0.13429647629826763,28.35198809321309,1,1,22,16,0.09321816235226985,1,4.553803459729545,2,6.0997672173516015,42.7710117468788,20.489350987996794,5.221616962187704,1176.7431805188614
45,61596.453415378455,2,3.3156469906719375,11,70.98641967004535,0.0692131270895397,343,0.29945582357416217,59.5728049827286,0,1,23,16,0.18470980563526174,3,4.724031238596493,5,6.956416079155901,4.679185076794123,15.387222252206406,7.2547768910248855,1058.651927574255
61,56175.34173868717,2,8.550302016199351,12,71.1066186460219,0.06413039181702843,40,0.12382396293173543,76.16466672114666,1,0,20,10,0.14595672828757034,4,3.347081569975582,4,9.181089700341419,50.353262589670265,16.475149602913973,6.3611844292416455,1152.2704028608503
61,82559.89482874033,2,2.0707580921085524,14,68.83827299726653,0.08277067321326834,173,0.1700303943335686,59.95396802841144,0,0,19,14,0.33862260641045816,1,4.36195822643474,5,7.85682081776031,6.591364670392085,11.156881986604613,4.483141199392675,1272.9069821068774
37,20235.45287410482,3,0.7115828517343281,12,92.64241894455623,0.11580340712008155,179,0.35758758095019694,53.07196815922876,1,0,24,16,0.26392954995504264,2,1.7342844106125885,1,2.196379914349047,88.3699924597536,21.16376143077481,0.17114585872163968,1128.6912562179452
47,76372.60277883692,5,0.690075926128163,7,67.54504879996188,0.07169927086316143,86,0.19522007496152102,56.13711384163991,1,1,20,19,0.278031295497616,2,4.6066953009079405,1,8.25896269292096,75.30369619509139,10.949845390798401,0.6045226564788464,1141.1782646379115
28,78691.27788746444,4,9.407845205031078,8,71.50201821594386,0.07802098622188798,133,0.12732258621661569,71.22260994238331,0,1,18,9,0.4152934176974773,1,3.0254462385220333,1,1.2207967761509564,37.86514712523662,35.20425607266729,1.1894132685383663,1041.9149394486365
45,28899.146513877757,4,5.069204379618347,11,101.16044776231625,0.13206395097052878,351,0.1122382643137095,36.88701094978775,0,0,14,25,0.23086651388372234,1,1.2686599704222203,2,6.221985856750695,64.02186661912897,7.07269312004287,3.4322775283536355,830.2643356710594
42,54859.68608879477,3,4.094120718170183,7,83.83263924134778,0.025879292947056362,13,0.2332719329585188,48.32229343870531,1,1,20,18,0.37750894117456407,0,1.5652509779766408,2,8.827538082459432,11.20281553133321,47.46386214446148,1.1765345266714688,1082.1880176733148
56,54428.38701006313,2,8.108785810079183,18,103.97065254242375,0.08120321400432104,28,0.0666851991522791,43.209647772357,1,1,19,13,0.4511322799203203,1,2.2359058431472687,1,1.0112205421490394,70.25549869626508,5.4011280662368275,4.2608231306260835,1381.6038611149945
50,38887.32457923268,3,8.35825927910516,10,95.96119746704684,0.01620294904504492,84,0.1752664036103582,32.48202039062434,1,0,24,17,0.2544337501986339,2,1.1742303214190057,1,8.496926533102606,82.27324089914696,47.229574999713925,1.786419905855794,1088.1681807622388
18,48332.74968613687,3,3.321910331156046,10,56.46656341859874,0.10542062366764507,318,0.23332305349900218,45.07437110874796,0,1,21,18,0.37370228555563134,3,2.2371735120697744,4,7.986207342302456,82.17456485382345,41.83145360449993,7.791661975262061,1015.5024008337747
44,43341.36231801257,1,6.936180574737953,3,77.95733883518598,0.0030297295929062745,349,0.32991498205476677,66.61581643973673,0,1,25,14,0.275818208747102,2,1.2397217324755672,6,5.037754338390707,28.427754769065583,34.35489391005564,8.714876167122156,771.933176440423
69,86284.05665135435,5,7.711228158518866,11,99.79898079937084,0.1445005063413215,343,0.2667548080369996,58.499032225890886,1,0,20,17,0.3924098128840789,5,1.9441104207713007,3,3.088976022954041,26.374619527682665,45.70278112270869,3.896475079681758,1081.2139524315858
30,74035.17589721191,4,6.546506868659545,7,55.55647869697975,0.03426813021039973,280,0.12859348820178212,59.664657501623005,0,1,15,8,0.14285108124237267,1,2.0626790234257664,1,4.054382280715439,52.13976879026785,7.821720882351467,5.113317653156387,917.1693274331725
58,79073.32642491237,2,1.5159507480009937,13,88.39421640717353,0.01137107173192728,354,0.31784193175637204,52.19713417479977,0,0,13,15,0.13544877548746534,1,4.977475905467175,6,9.686581357002117,96.77721619298484,9.63942393515885,9.534962415609415,968.3193349266318
20,70825.08096064853,4,8.75883083517057,10,79.21527052602512,0.08181933520491912,263,0.17004849624525226,57.84985674092883,0,1,24,11,0.2608732285092459,1,1.9421866950546578,2,2.0169755615184637,92.05229776060852,13.355477010881973,5.355077553486204,1138.1418057348674
56,43064.22343174156,4,5.390945527360087,7,44.90422515755226,0.18555536458385252,166,0.0764296977950591,37.99114486477842,1,1,20,11,0.21110751909402292,3,1.9567457957543213,3,5.796042878298953,35.96384817559818,12.995764811528655,9.95073215843425,948.0676969676152
23,52132.196005803395,5,2.8247242637000367,13,82.39318609037868,0.1355596226710788,293,0.18279586407345277,45.35735171109156,1,1,18,15,0.24832908905701145,2,3.74715587343354,7,0.8324074787868385,77.98295061830441,16.231565275430846,1.4213099369205462,1000.1793215555402
25,67340.61841841877,4,4.252281854376939,12,63.250639677469344,0.0038842947273017153,68,0.3438169201145702,52.88006355453015,0,0,22,10,0.278047341755286,0,4.437429914065808,3,2.1789306418917223,92.13177640914574,29.205914015381573,8.622264205966983,1365.6404299697133
44,41668.08286662082,4,0.3757109039890738,11,56.64696435767148,0.03284373661777294,226,0.21652400500649252,54.16273788322835,0,0,20,14,0.37200135318362515,2,2.548221650408346,5,7.633163880745206,26.092646571760504,2.3804579539501267,4.972030026729653,1060.8457339195033
26,70694.97645258582,3,1.2786680122241756,7,80.18281351645265,0.08021998133771464,170,0.20125218643297865,54.80281782382809,0,0,16,18,0.2592339421434065,2,4.50247207976277,4,3.025990403605272,83.02956496029398,19.731357156958815,0.22714111249668156,866.9556028534821
54,56395.119027627974,5,7.655467505158608,10,41.38294121493986,0.2119176580885431,86,0.36372116447028535,47.92497076975433,0,1,24,16,0.2176138689376913,1,2.3605680829910285,4,9.857660705627346,26.789562690917656,13.072871266737227,9.722229414393485,1123.3170809547594
50,54377.68788675604,1,0.00011634755366141114,15,66.51419414830235,0.053052292601556604,133,0.0568645152945573,44.338648983045054,0,0,26,16,0.2648486623241101,0,1.7880635184600773,4,5.0081704309384,34.328212588721065,30.72486255458338,9.650478997433579,1219.0620979727657
68,70664.39952305237,2,4.165658284822921,8,131.02348505005295,0.05345573781484028,178,0.07144008859472278,97.36656924566446,1,1,18,16,0.2230854720193382,1,2.318555297310894,6,5.165393253077428,19.882069085075415,49.27329722152525,3.8327084018288717,1101.217593136849
59,66663.94967229059,4,5.225101810855884,8,93.00444786813887,0.17637146934400907,343,0.038415352903316796,63.60180909398598,0,0,19,18,0.20659944979372855,3,3.4374254957119694,3,0.3631473933573526,50.70797990727135,26.365075996985258,9.541420710859049,925.2352027228368
61,54585.507512713804,2,0.546344200009723,9,62.371501876652935,0.10974536026311879,252,0.23726481864800553,56.197212139289334,0,0,18,13,0.13869831864230306,1,2.468572637248295,3,9.56526749577266,84.33108942612412,21.858576716803256,1.4100964223854573,981.9921970164818
41,77389.94705046373,1,9.730781629723328,9,108.08331880200792,0.15265000136493706,15,0.21664931271151247,46.50187252690409,1,0,22,15,0.3069478116221078,5,3.691575215957155,4,1.7423344088441794,52.80521374355123,19.04393371211069,6.801101411206822,1057.4350442885827
32,43784.05008600154,2,2.261253312496719,16,60.15912878445732,0.06364502299120177,223,0.3542736367279776,43.23171759584185,0,1,26,19,0.24312942934029463,2,1.9477435176899296,7,5.3834059881044265,12.344000969309754,39.462511725113025,1.9192898688783455,1469.6606535414883
49,69239.03410416396,1,3.0419871963628085,6,68.92609693729055,0.09491820761354737,201,0.22434750771367704,48.037991094095666,0,1,15,19,0.39662787392346716,3,3.803971575956595,2,3.956746099587316,25.177593222717,4.52706565088562,2.4664723633482764,937.1146247031699
49,68896.51886952575,3,3.0394251225502735,19,57.022971801414236,0.16578159310941223,107,0.15958428405206973,54.39243265380025,0,0,21,17,0.15526039079410592,2,2.3897534529938667,1,4.155847007446058,56.28618672813389,48.02875520854595,7.793374372026054,1426.3767847406941
41,55356.803410290144,4,2.304166621173499,4,85.12159757332041,0.09275795616321,250,0.2001794872878107,21.79346683905378,0,0,17,15,0.2457916444952121,0,2.823473486407738,2,6.433001660361084,58.31874555705602,21.477976413414233,3.7735808456529494,778.1970114444946
58,64891.99533363177,1,0.01473822086311416,10,107.37259244194257,0.15615265987632315,89,0.21177074184609582,26.459156069379745,1,1,23,19,0.48129072206587487,1,3.2309805617715837,3,6.620886770924774,57.69059035448698,16.371335565430535,0.0712750282862118,1121.9046619360468
69,41233.29635422045,2,7.293447940879964,9,60.01987534880287,0.11936336502172651,125,0.032823872667183285,40.44676416591564,0,0,20,14,0.20603904829021502,1,3.7449000127439747,2,1.5428861485809686,7.7003492506215965,48.72933770358536,4.142384241955945,941.0877992222331
66,73860.40528810352,4,9.668454997992853,9,38.79113925181822,0.048018546079054064,113,0.4710331644334893,53.10709155167853,0,1,24,14,0.2763466747903876,3,1.9548547673949348,3,4.9958665312189225,75.36958926347542,46.858064298916794,2.2806932063295946,1182.2553789189365
66,57226.46795335517,3,2.242934832850451,14,101.81933349038839,0.09918413938269886,137,0.2519871018101912,46.410902792722226,1,1,24,14,0.17841560171746312,4,4.343782149643242,4,7.90477449141857,90.94281989890067,32.45477284852033,6.833299135582912,1364.8926108369508
69,52159.154692214404,4,6.630471918034225,9,111.0760100217536,0.14906919961375167,247,0.2210008308022589,72.17181839149227,1,1,26,11,0.16515724872190188,2,3.887370999020959,0,4.432864835522295,51.05189477298999,1.906861367669665,1.944486967235003,1046.9552374996242
29,75735.13838755334,1,7.418963269587151,9,40.09839067170534,0.13347080955934426,166,0.26151639842785807,27.764048195063467,0,1,25,11,0.45473109830876784,3,1.9363916760959978,5,1.6580447082658012,71.88292867718629,37.67821383412202,8.422535284364757,1151.5616214632203
56,49434.84464185861,3,8.484253790905248,16,89.20108682892888,0.09798735507895859,150,0.2709410980586605,38.72981795594944,0,1,16,13,0.3171039492637147,0,4.899898250411642,0,3.132169431566907,91.40154920365512,17.442312602058063,2.6709301210816427,1290.6576586077342
19,38873.08055454661,2,4.226291970136091,17,84.53010704230577,0.005414280551425024,363,0.18594465144975683,72.80137611486651,1,1,18,10,0.31336788382376235,0,3.6591879641218337,5,2.1237956410507017,64.26227549480159,20.025731311858795,3.930282582830137,1286.4581468070257
20,36650.562397141446,3,3.0293090564042924,10,64.2504939022449,0.010200425929514187,343,0.13687588637592996,51.9667898701272,0,1,20,9,0.13036837648837776,1,2.8097075458668224,4,1.2581746791483706,67.43257244310512,8.778364319892042,2.98036860797098,1062.2988655114
66,69090.1492701846,3,3.252951340230311,11,52.11288666661534,0.020834720518644184,68,0.25994506863217043,63.27263874201738,1,1,22,9,0.3358741388108303,2,1.6301093022140654,4,3.7758112743535377,72.14044133839546,26.64944610938007,6.439233478093658,1201.2346994394634
54,40793.559712555754,5,7.126213330985128,8,99.83500690893112,0.07447788966167246,221,0.23857108405314525,80.76870414904195,1,0,18,16,0.41574219459938255,2,3.1328840092325256,4,5.409362431980751,26.050245145406514,37.483077213984544,1.011635412263967,995.3324734795976
66,86321.91272976546,3,8.16779466505636,9,83.5814106291439,0.0811441063153276,271,0.1190109900910592,39.59293373147266,1,0,14,14,0.414947706082853,2,1.6591035473084728,2,0.7275152527663176,58.267787471682745,14.377544786560353,4.780993726982441,830.0336818337861
34,28771.058881744168,3,1.8161396775660266,12,85.08852914853442,0.02622942994529885,321,0.3419035611367264,48.51028493311952,0,0,14,9,0.3668333229606161,2,2.717966714791375,1,6.038233722281834,84.21751145444563,46.99791249412538,3.3445481521505815,1032.0258799896123
66,85446.84552435057,4,3.7094100815776523,4,67.56461294333597,0.1511256396848008,310,0.22933520363229834,45.91359648603692,0,1,22,15,0.18705144224045958,0,2.6348500909580754,2,9.930244401696076,29.616273026075067,10.542105944144762,8.841379632883147,848.0791537597161
19,63165.26200803927,2,9.0194019674915,11,63.961815911000855,0.03681154613897289,349,0.2729819362267631,20.681104932750866,1,1,20,18,0.33131234171929913,2,3.8797585773898406,5,9.641249320200837,89.71704995968602,4.246854689127235,0.7341209357439238,1093.0390802081986
19,58549.30332194411,4,8.066935196947393,13,30.90052917452107,0.03147204789664952,20,0.3391920887679919,45.34404794366046,0,0,15,16,0.36675849604766075,1,1.7695327248969992,2,8.29173481999159,62.0381949765632,32.57382979414515,8.296950649328547,1197.274940196487
45,51826.21369786575,4,9.848584027624758,15,75.43943940430242,0.10441178769429743,289,0.20218888211648348,63.21593281070998,0,0,15,17,0.12055564149110984,0,4.287485419483383,1,2.6634111280240305,42.317485143305625,42.6166178621223,1.6768047652990914,1104.9373445991343
40,65987.04171528107,1,7.542482596820808,8,108.77652758908445,0.14869525599966144,100,0.23169520069841154,58.10884312718361,0,0,19,16,0.18787204085182152,1,2.304529308064663,5,0.22407596479367298,62.3182961400293,47.7035101060681,0.8857765992995514,1031.0536750916842
54,59435.47946362727,4,3.9319520102792227,6,62.19491159902692,0.20274273099065834,252,0.28100272385061165,59.286247540820156,0,1,20,22,0.3888157321743442,1,2.7759545078751002,3,8.33541702882851,40.185990568907634,38.59137951530942,2.0232285812300796,960.7932204451351
49,76549.52823024782,5,5.906378339946378,11,49.55170611466521,0.12912725272515888,77,0.12751389161999477,44.367365290407506,1,1,23,27,0.38760457766719286,0,4.08936390221537,1,0.5572023197871323,83.80356018481746,10.782850563797544,1.026529820118104,1274.6912095075095
50,61713.41472993059,5,6.610142542473203,16,88.71329132914003,0.17899148593618097,135,0.2054051662846001,40.15854145991538,0,1,24,16,0.14514169663786075,2,3.501569598854059,0,2.056280814707704,48.23185800675971,48.90539805538278,5.2098394820212555,1415.165835269763
18,62254.52642192817,1,0.7845581631712395,11,92.40159996892672,0.03939716741367191,173,0.21255485866511484,69.03883507847931,1,0,18,15,0.3795021459269172,2,2.2321014072077494,5,5.4445321544678436,90.12133597543367,46.05235792541329,9.882149529157813,997.7459139209255
36,54545.81681679216,2,5.444969591038651,4,68.28188078637649,0.20798696303304998,363,0.10439414483166055,42.54024280463496,0,1,30,16,0.3095303399153618,2,2.544811698183524,3,1.7837803914364359,50.980808084782645,8.995203715359924,0.3432735192425884,925.5368815311107
19,59145.81564418399,2,7.093208284726096,11,73.02471070600717,0.006925777472225586,201,0.43176367886738787,54.41123058189821,0,0,25,18,0.3781008954607151,2,2.2231472559584406,3,8.337883312986419,66.03683896373872,28.380505518850896,4.611283493194613,1131.0838948492708
61,64617.026533380886,4,1.6732130400106038,13,85.27806234437517,0.07480803730561597,217,0.05927065565075976,52.450020210163075,0,1,24,11,0.23654786765660585,0,3.3790806691086286,2,7.771596962598291,99.77444210068505,28.220353870617963,3.8607032910786176,1184.5153616655177
43,34347.474110150615,4,7.806317174255572,16,76.88901062741347,0.12803262597893877,208,0.07018960963128423,71.92575524385677,1,0,15,8,0.3645183496480902,3,2.330498132827359,2,7.557695057372498,14.696584100854116,22.68420412834407,3.3960641424640037,1130.8664855680554
49,39777.21866841431,4,5.8377278051411166,10,100.00258671507964,0.019739149215202825,74,0.33142265757035794,64.5711853650854,1,0,14,13,0.3843828774485625,0,3.9027907791325633,3,8.161276158975765,73.67291487334057,49.22978518272475,3.318636104333609,1043.8694714060432
23,71148.96141034072,2,9.522217856975946,16,128.74485151848438,0.053647495403733314,11,0.27132662507965427,30.571120689993187,0,0,16,15,0.26486650645442883,2,3.3191486343349044,2,2.197017802646121,13.887222791593356,3.9214896218308386,8.950127566264621,1314.6377814327107
49,62562.981571919125,3,0.42422298206891695,10,45.81672889619088,0.045703873535518295,287,0.09740351825192223,32.1867024983744,1,0,20,11,0.30177525461732857,0,1.582826446990036,5,7.288923761497493,83.88663657643963,31.733236513735648,0.1897615020840404,1031.44446472246
21,57240.24995470981,5,2.6532613755546697,17,104.5951026111596,0.08448894963751327,256,0.2607289015101693,58.68364727103702,0,1,27,14,0.23514783704953462,4,2.2410744747195297,3,3.5528150259176474,59.64533811620116,11.059877511261694,7.7491638738013835,1482.1001291479315
28,60276.5089959809,3,6.015538792998241,13,82.10519402046668,0.1710791428336337,12,0.346785044499731,49.0349352893125,1,0,21,16,0.46516389486858795,0,1.885789767640623,4,6.668447595683995,93.81595606064592,26.839229031817023,2.529331788059417,1266.4309361928645
34,65213.72558042507,3,2.9655991220593068,6,107.76401877708322,0.10084125331439053,78,0.19697369424030142,43.17242324069354,1,0,17,18,0.28797280606742337,5,2.5612528502059413,3,1.2202172863117478,86.59566019448684,39.20729781758842,3.8329551081757485,940.4935270600376
55,51903.60479535958,2,7.144241640712422,11,94.4870902253136,0.07684680278829913,172,0.4598822900074582,65.23441825991706,1,1,19,18,0.2077975674822818,4,3.0639363448374524,5,7.055865800645149,7.487203746882343,13.08961335525877,4.201499128485777,1180.0280880989915
41,48325.42911896531,3,7.59005282521931,15,81.22312919871423,0.0,96,0.027593818913196455,52.81189073133366,1,1,21,21,0.22841740861252496,0,3.0270514291364394,1,9.721077279007796,13.730254167886091,20.274617777674276,3.047317540737434,1370.002703099649
22,62937.67882646522,1,1.0251596406647445,7,95.20045884882067,0.12333776024192897,306,0.2693823453859102,50.78686080334166,0,0,20,12,0.3126770601142113,0,4.018094706253156,3,0.4360036531871625,60.11709286068252,47.58763563973956,0.9355886183539786,901.5165838945557
69,45324.40833577452,4,5.138544642067677,13,72.11688457630405,0.13950077044890896,273,0.31665283362210034,61.697429611325745,0,1,28,13,0.37533311717782114,2,1.7566874544068374,4,0.9382890116708476,51.83146399420748,38.312556148295165,1.1433084882943478,1273.9536216311808
51,66123.79133571708,1,5.088905555910559,8,64.5139715579029,0.014999011609489424,179,0.28913439016052467,44.373365075846536,0,1,15,15,0.16641731548494781,3,4.785891317189787,2,1.2363676733801388,16.856513061344458,29.063436041079942,2.981311240826443,1117.7448705428162
23,34461.245936432395,5,3.6928077021554104,10,96.21726231196698,0.09665138201387392,64,0.17956442733543518,73.5277847820883,0,0,21,15,0.4847660002942449,1,2.3713804275286745,1,4.305639049413013,12.93592282716498,11.87787200252912,8.218090528872505,1068.357923281347
39,75437.33455988465,4,9.32924862569672,11,63.113431024209916,0.10965040951660235,132,0.17095585179888506,38.179285651504884,1,0,18,12,0.33086752940556163,1,2.200995387664554,1,2.9078018493305366,56.39907834416131,21.83996643640157,1.3462765278741184,1147.4474429235765
28,67088.96223619564,3,8.275063198732212,11,92.84745183283135,0.14823008786518468,343,0.24441451710872575,59.85393599513132,0,0,27,15,0.3466455972969412,2,3.740714312720879,3,8.069201535406936,4.892154797499948,38.92900463344621,7.426398331459307,1011.1276718446603
65,63840.44601470813,5,6.972093819096368,11,80.61495166174997,0.06376157708772631,272,0.28157544866520695,71.50749257989767,1,1,21,10,0.29028104561765633,4,4.22206651473225,3,4.737872392009615,87.3735302953439,41.206610827388836,2.888697294292877,1174.6299013595083
33,74740.3647591827,4,7.143266357349976,11,33.41116697754848,0.056231981945760144,319,0.2602473436282363,29.340567660918502,0,0,33,14,0.30192589673511255,1,2.5138870592546136,1,4.845373426885525,80.70829198026205,12.985703708977548,8.834649351120929,1248.8310465308275
50,84982.11666693864,3,4.617161438131191,7,68.51235099074121,0.07717513507658191,332,0.30400578907933895,44.849972362213265,0,0,15,14,0.2851716862072597,1,3.9873878995759084,6,7.170381013253538,78.53699717110894,33.44095031043394,4.283284754006409,726.395074298242
26,75215.55097527195,1,9.209945210965758,11,86.69676390049243,0.16422185263886918,341,0.09811300429332648,67.13311089328337,1,1,20,13,0.40177959690359605,0,4.534943824544219,2,3.619689825357457,1.5997147040741067,5.655146614046595,1.7172331329737556,1066.885124294176
23,32386.88653002532,4,6.945954272532854,10,71.87998672183015,0.1521922721086335,109,0.17722290208763655,67.35866821596538,0,1,26,16,0.29920714125466297,1,4.06721466082783,1,3.532072474204635,4.764094341273795,2.137403065072757,9.858444501105103,1242.2729777138652
33,40806.34549896448,3,7.289810616558165,12,29.065357764756293,0.09893273489137933,273,0.1059984067876246,47.42756599417641,1,0,26,18,0.37670502184927096,0,1.136785942283332,6,7.569263876274804,54.98391211507286,27.88502224821804,1.7663451922991158,1127.2472537313663
46,50627.72133456482,1,8.616909037873452,9,106.4150025565232,0.1509888263594144,168,0.16138872239138585,38.97993359484711,0,1,24,14,0.25661524766474275,1,4.309475645464753,3,7.800417458367647,99.44256888941777,11.994612859741007,5.676198212322694,1142.4266493651992
20,60391.36575316251,5,2.74071589342191,7,83.38750102543223,0.0,180,0.30152208918143053,64.33903733496143,1,0,14,12,0.31956405283123157,2,4.09792383381747,1,0.14398772532819515,34.23162009713517,4.866689530864511,5.692864780961342,890.1503551218699
37,67764.88530703685,5,8.07070903866703,9,88.87478582539612,0.13958271030467628,58,0.2107983920725229,67.75323653872407,0,0,19,16,0.21960796557605788,3,3.677160952612744,2,1.4379047584073301,34.43748164053439,36.76158733186627,3.7281345117777986,997.7310988229704
53,49113.84280269802,5,1.9524060295649204,9,70.53447695643513,0.044061691859307674,79,0.460685916314977,32.53004977231408,0,1,16,16,0.4216528232549537,1,4.040089676351614,2,2.130981811484798,13.427796686198334,25.400754829867605,9.51488592549131,1236.4239575007175
36,62801.50146715617,5,3.453419522448878,10,90.62979376293316,0.1883512247197931,61,0.2193406367189717,31.941295265504298,1,1,20,14,0.2166252759280884,4,4.917701583327755,4,3.5160046875787634,67.43358037395014,40.01757353696407,8.438745624117317,1146.9294613553698
43,48669.256014700164,2,3.356104542698427,14,116.69640289173405,0.046787764403338795,121,0.20596918805797365,53.37885022975399,1,0,19,7,0.26750205557386736,3,2.7244515512733987,3,2.9144808343195305,64.66766889940057,33.53326774434729,8.29819560838242,1218.7132904714483
20,50827.23295512078,4,9.785254683891406,10,65.29854032745284,0.057361891738317766,207,0.21061829194402165,59.44040950143338,0,1,20,19,0.2685039587545255,2,1.2688929398183912,3,6.685200483882765,10.132241637915907,36.76044205585901,9.741519354294779,1074.0269151872278
36,38900.08354727666,4,8.565372237479268,4,113.34025410714142,0.1281211865065589,34,0.13621913071400643,45.513963721549175,0,1,23,11,0.26460486123262317,1,2.8435598785108667,5,8.281352338029581,46.741228706835116,16.060668483499093,4.571093381963168,884.3010509529006
37,46151.50130833643,2,7.011698615902597,3,87.97128131784015,0.13294770673905182,70,0.19421633876224065,60.18940729973524,0,0,21,16,0.3722495769442937,3,1.1857346215641917,1,1.9208698235602417,66.70749088219743,13.900515458478582,0.9718577562002928,804.24614681345
49,39724.730915755,3,7.270567616153901,10,62.61134503926273,0.07768339606164076,17,0.3127788027111646,39.34795089743927,0,1,28,18,0.2683342235263356,3,2.1770016323538446,3,5.629800606019484,49.3516136321927,30.4428697126678,7.654559254497938,1230.7746744717208
24,45361.90120534001,3,5.6207279440257105,14,124.24781275182016,0.11857020172115154,20,0.21139706681277726,18.27959601389397,1,0,16,15,0.43939245305410723,2,3.347519167187036,5,3.6781625108103597,67.43635818647556,10.804024879506134,3.808125794519338,1258.2337652887784
69,75804.62694911759,5,9.47090667108519,4,87.83280479777865,0.12476899076642435,315,0.12065402701165287,43.64148391501106,1,1,20,15,0.21815249138698317,1,2.238491571704625,3,5.057778750460619,81.62703974314897,40.955193665969034,1.903451518035183,804.4800341421802
58,45759.01666752085,1,4.962587528823615,6,93.52957337546081,0.1196557328029017,69,0.10749153795213649,50.94848219769652,0,1,25,21,0.3169377469942707,2,3.7415809836381544,3,6.207578417833939,68.58154331217676,26.62308827973769,4.8324734322025344,1049.0324509819766
50,99485.73097256086,3,3.8051770986989455,10,74.61295790546484,0.07977225412208021,215,0.15497981083341567,45.862400601553155,0,0,17,14,0.22242140106873998,2,4.287945310742884,2,8.935998186820111,61.611423583052385,12.122506685040289,9.257189401671633,943.6981086466392
57,67399.76851321333,1,1.63035336931591,6,64.07346709340965,0.12526055120428453,161,0.20738634344108806,32.620951045107724,1,0,20,16,0.3420972782531467,4,2.6817567171181476,4,1.9229266782728072,85.35902569444931,31.633243384165514,1.713570190146284,913.5219834335425
56,62772.54185542311,4,7.86205652261058,10,83.35626489351579,0.1703185202508247,102,0.3193586535476262,22.76526536181774,0,0,26,15,0.298405027302323,1,4.600551805172014,4,0.8700658705606035,90.05885678697881,47.30675101909727,8.48698815229742,1121.5772773247377
35,47124.6332972818,1,7.344439320755915,11,111.62927446966657,0.03872557603905868,206,0.06595113586335632,42.28866793448153,1,0,19,16,0.28449379553015214,0,1.3193557254016008,4,6.272119190453525,38.888643717580415,5.022641602947931,4.182049416151173,1082.509168580949
57,70504.64819113487,4,3.8435503852413486,10,73.80680375628623,0.0579969982229097,145,0.1680173722111244,63.46483657474616,0,0,23,19,0.41884749665035237,7,4.360452656801799,0,3.941308487726265,17.324988772388593,6.357915158361644,1.3680198070314198,1111.166210273956
18,51365.43260643339,2,0.2519341395922936,6,79.46497508851724,0.10136278161802897,57,0.2144310019435079,68.84296159120524,1,0,13,18,0.23456581289448963,1,4.314292581757195,4,1.6290269329298857,81.78604040080506,42.34811819630366,8.483823039886564,845.050325827769
28,61830.147219680424,2,8.389973277180108,17,109.1265694395917,0.047188797966598355,83,0.016629423237056545,67.81570076207683,0,1,19,11,0.3586515157618,2,2.2879755853070596,2,1.170871673548447,21.375310729948318,6.370094953776805,9.696203411914286,1426.02036247151
45,98401.26807403192,5,0.11417983454073632,12,73.99346308391519,0.009829813288636968,269,0.11664017170335937,37.76135697277171,1,0,22,11,0.22310400873252073,1,2.19486074849846,2,5.589097868740298,92.89506697490857,2.9293930982964023,2.9127071583501163,1102.2713726563143
42,58559.10150413025,3,7.0369977962905095,9,90.20552622338242,0.15465614879409784,187,0.13201114602638137,32.694405145544536,0,1,16,18,0.3112685200160374,7,2.2203799246140505,5,3.004705945281956,2.287794522190345,18.04859847127717,3.0353620984206886,1018.3742085299057
67,77239.09989428514,5,9.70257109726057,5,97.54701013479395,0.0,6,0.12040296261495018,57.44951922469843,0,1,17,19,0.18044246717765544,1,4.245574849377643,3,9.974263795859779,92.12711826193035,23.86858836115828,3.9054598303993315,928.2122502849118
40,49452.35362311169,4,4.376613281482035,13,76.06438102246034,0.07988086512378323,353,0.21918895450216475,59.52650017396888,1,0,19,14,0.23374828536932596,4,4.32661395044078,2,4.05900819330714,58.91829926120627,28.9027773978438,8.14130364460807,1041.0412228378605
48,59475.17264254557,5,2.349734049959528,10,86.19675186399846,0.13794721598793355,350,0.18394403904982026,56.00254407800746,0,1,29,14,0.2917856954427135,0,2.3188898353106704,5,2.122866087651827,77.47421165128814,25.85771139564824,0.10417196739499812,1151.1458641101033
47,86562.00953453264,1,7.0487101004338175,15,93.22205555362346,0.11333498947510362,110,0.14447138973989637,19.78905088643355,0,0,12,17,0.4814649167323078,1,3.3703613897778473,2,6.288490451172778,39.84925870644045,45.74604357024756,2.2395655173753437,1221.3062127450075
59,50595.494133183485,4,8.171281420155852,8,71.98169612911747,0.08063753170105238,138,0.24279626265526352,36.996731226748,0,0,17,18,0.3100803870459774,3,1.555732917761818,1,2.442548896905069,99.17162919088801,38.66473691919023,7.058998111063262,918.7153145066335
52,87186.72836995393,2,5.464303160778473,14,96.31530329979987,0.04512802117325204,51,0.372307471764625,49.55466814571032,0,1,16,17,0.4654668315866706,5,2.8751149531240885,3,4.940860432311611,22.75514275662904,49.206702537223826,4.056394504855261,1425.4442170116868
24,70616.27903183213,3,9.670352752561461,9,69.06027833089122,0.11719339065739687,51,0.36392565167417523,57.30827291945641,1,0,20,12,0.3220323291690918,3,4.9951714034221535,3,4.825761837210074,26.434366263817477,24.346315738040794,3.3029562296812753,1117.5416665893435
33,51562.99836158598,4,0.516687216579611,21,66.49824842079018,0.050580278076656354,87,0.007722822793766376,61.5096104390373,1,1,21,12,0.2612915755525061,1,1.6353565908249874,1,4.535576297157372,5.1432444037472935,5.132150882119767,8.722828889020175,1464.0233164705305
43,69486.11608583282,4,5.047955983045282,13,49.45917878359086,0.11329662931591312,68,0.25770721838351396,52.1638028342306,0,1,19,19,0.4539356522600694,1,4.790250559840236,3,7.9608569626957495,94.04733630614382,47.82100150420086,9.173339201462394,1234.129744004486
65,74588.31674440095,1,7.184539473225501,12,69.93075312197882,0.10704588241173782,84,0.18219767099361617,54.96175709807354,1,1,18,16,0.3437017622073419,3,4.297018887860031,1,2.1661300146618387,45.602930359867614,1.2015449178657707,9.479862191661955,1286.0444171866616
69,69327.14943325795,3,8.626404711491789,11,63.68994596259559,0.10755164545275679,42,0.21551553428653564,51.27298187541656,0,1,17,22,0.23572784061172863,1,4.88885860378508,4,9.0430730507047,67.48524147193493,39.02870467811337,2.725505326542966,1252.9990164905316
66,36446.629201643154,2,1.7925561190779005,4,71.98252087490052,0.06798406204102922,219,0.16017169664574515,60.28429061327724,1,1,18,17,0.34705714594002973,3,1.718315042442132,3,7.913405032135343,68.74407274628408,2.5328195078122935,9.12512609539107,854.4055231520689
19,49092.94236262697,4,8.000034817636815,6,92.23985263828976,0.20175045546673948,57,0.21175886298872024,54.692984772363666,0,0,20,11,0.27074052500923895,2,1.854073961773457,4,3.3312236424332378,87.45020922826777,38.29949534193028,7.369655547272888,953.8690801099159
18,56287.22046672743,4,5.527070757185452,10,45.48651493249794,0.11791033169351875,226,0.21514073960720187,50.98606490070931,0,0,22,12,0.1010965803828704,0,1.0674687269394347,3,1.8060250628013852,66.49252506464093,46.95900805255466,1.5421474848858063,979.3102300839048
65,58883.498563499306,1,3.965536819899632,6,40.50658210825784,0.08606455378901764,196,0.1421048242651077,45.97446801293929,0,1,19,13,0.3935973159265618,0,3.898807251662422,6,2.7953502450674126,56.20211823041872,20.073754569221293,6.102700283082103,1018.0716599700779
29,69310.08146326017,5,1.3171502857909356,9,65.01841566697435,0.11321352865309023,248,0.11036324521748192,51.219371375637216,0,0,25,26,0.4094934055641929,2,3.5763787737447426,1,3.3263624690907836,71.03185241910435,12.807277709766165,0.2633481930699122,971.2579148073695
22,62665.51501399881,2,8.652957589089125,9,89.22460987173314,0.0612769178037845,166,0.15513043173805158,57.268870682589124,0,0,23,11,0.48379420299922754,3,1.7122617532989284,3,5.569331688070466,75.09707990031265,12.08767847307971,7.083781557708652,1087.791221589958
54,39969.834619348476,3,1.5727320817971535,10,85.77729894039373,0.08068477507610469,62,0.22342592644567658,54.01213083347092,0,0,19,13,0.34221436921952625,1,4.164579862168288,5,0.46368168813650135,18.592794624848196,25.094164563359964,7.335675226509384,1149.332685946867
49,65702.96776508944,4,3.0978785920909924,9,64.69875334178148,0.21959599660597587,263,0.25989963416842643,55.712396275178804,1,1,15,16,0.27512765759174673,2,2.1967820245269016,2,9.143591298520532,10.9667038976753,9.373464752082786,7.893385085949973,981.4173212566246
26,69158.78617925735,4,2.9004553196243688,11,103.38816464312924,0.061630959677884574,112,0.28533489773401466,70.14082792026778,0,0,16,18,0.38349894273785856,1,1.5399822773225407,3,0.9867485666111098,7.484885048556311,33.97325790232589,1.725250541224349,1125.1211745381063
58,68396.8567189656,2,8.714140341908543,10,66.83180129763318,0.09611136498677919,253,0.15058099769330874,53.97745884119881,1,1,16,20,0.3849820365318906,1,2.6902506600773926,2,2.792733941000348,37.40534945225367,19.049265516930372,6.282499409475309,1123.6993113133901
52,76211.71088331932,5,6.72702994208898,11,89.24907972254253,0.0771947575125117,199,0.2283844567302737,40.265022192902634,0,0,24,14,0.4638281183136422,1,1.3638793937074243,5,1.0928743795296658,49.80002398377452,16.832365127759694,1.7885668482765438,1137.0697833702463
36,72508.83231823356,4,7.966813971913723,12,72.74427344931655,0.04801830285876102,178,0.2962502591953299,63.25410178991253,1,0,21,17,0.29553723769335577,3,2.0529746250929866,0,2.5667282652566015,61.564989828986086,23.602993236566395,9.466500833891757,1133.9866429232595
65,66887.70118842655,2,2.50467898792499,9,62.62447298012688,0.12105424951099031,26,0.3165594895144128,29.50702493496624,1,0,25,8,0.28344210274324055,1,2.4853334337093846,1,8.376738186088083,95.80345196896101,27.58678761954784,6.7501069268083445,1151.2941513884255
33,58947.51432812029,1,6.248740996069989,11,67.8986642377052,0.10182360883271047,246,0.1941167145868478,33.77879928891069,1,0,23,18,0.22844555802414723,4,4.407456698056599,3,6.151758113832423,33.07878202070063,7.9545828506809935,0.9532584800405575,1037.5412554647944
20,35085.58599726013,5,5.717459831437487,12,94.68000769627116,0.1455513654499964,19,0.17790682750603876,55.037708970801035,1,1,20,12,0.35374620867252016,3,4.170194965172886,3,2.2732322508948064,76.08740520772744,35.680404826045326,1.870322300058228,1213.0487275177852
37,66444.27328698878,3,8.32830376788271,11,87.2205029028551,0.14052889601650026,265,0.21911242338363923,57.74595001679868,1,0,20,9,0.14517383317691646,4,2.771017143002473,4,8.717585297993377,53.13576195948849,44.26440789536098,6.634600981297478,1053.4386487104673
41,63115.31530744667,4,9.060870604812605,6,99.36205327553085,0.1450353859520998,317,0.08502925271025943,31.324231647440076,0,0,21,12,0.37760873728625644,2,3.89830023100955,4,8.007120592184847,22.008993208691685,14.621358893857906,4.766704961596087,816.2486067455357
50,64073.6825579306,2,0.12156771477386807,9,87.21972165074163,0.05408983135745032,20,0.18063904889644922,44.25773778519875,1,1,17,10,0.35878351218657895,1,3.27459854471602,4,7.536492823215806,61.53054291287591,9.839154189644756,7.362976662108784,1147.2756345975645
41,40848.77136269536,1,6.740199190587926,10,47.776610736515615,0.1320480399601548,106,0.274458639847313,40.90874251670512,0,0,14,15,0.3585070202458372,1,2.3633674203122723,5,8.47632698385713,96.71761782897036,38.26476576223412,2.8078879892565913,926.5729338381117
69,43784.151893876064,3,0.5183579911972902,8,122.28829668617587,0.13326357531450472,237,0.26419471294437014,42.69985515677605,0,0,23,15,0.31382252365018404,2,3.903497373981139,3,6.196496815183151,12.43082992512724,9.993544464516825,6.579175368470769,968.7597275200673
28,75797.29279999355,2,5.488586650773559,16,87.50338028116938,0.048946850089657205,306,0.1729732395636111,64.15396664409418,0,0,22,22,0.4532978247531085,2,3.733996617865512,4,5.0143736021123235,50.727976454922896,3.0215028577848746,1.7696016803043901,1268.6869133631883
66,59406.672692150176,2,2.876327290436782,10,90.29343108776459,0.08406918788863803,246,0.22177182010871668,60.59758195320879,1,1,14,13,0.38719934654268634,2,3.476377768774408,0,3.739350261713894,5.160835415052823,31.342917798756165,5.437102633610332,961.0221548522413
25,70222.51046058937,3,3.067765995221412,11,72.46324641006879,0.027194395176051586,81,0.11753496597093126,49.713167302194385,0,1,15,10,0.23929228086243,4,3.4718220841730023,4,2.2376402040769836,32.121629889636225,12.74781939896216,9.577995915499862,1144.80008128987
53,60424.77564195692,1,3.5295850345235658,9,102.26356586601416,0.1334811316190142,150,0.2703492148225025,41.81057109327608,0,0,18,16,0.2410820950302353,1,3.731927969307907,4,5.574116576468948,62.060267759399125,9.418710037499425,6.282222322909864,906.5332373286611
55,60446.34209243618,1,6.212924490496102,15,58.13784878799757,0.1332511234721987,10,0.1922178563863527,29.755254946697892,0,0,24,8,0.2120326186585363,2,2.538182050570153,1,8.894923457140884,84.10569360307547,49.09853434401081,0.4999361750491649,1276.6464661424584
57,74074.25708963997,5,3.340499656687692,11,92.19658155326985,0.17151813995591778,321,0.1724048548303862,71.30277408172924,1,0,23,14,0.35512833327755877,1,4.476303260270809,5,5.93981788992325,73.0328421726071,15.301384186586656,9.887621377366267,1074.049515803813
37,52259.32907673939,4,7.326990505902804,9,38.40733435505921,0.08856007460928272,224,0.16382761639066135,58.881708504273774,0,0,25,14,0.1999861078760043,1,1.6492313819858433,2,9.196068617206368,46.28567782154739,45.26872122056125,1.568663296488656,1019.2428234709994
52,61441.811654114754,3,4.045273855738697,15,93.54417042700366,0.12257347932818982,264,0.19371061331001418,39.399963438902894,0,1,21,15,0.4083392143583352,3,4.535541852956616,2,3.5691736959316356,90.92227571041465,9.732719528541612,7.180691026971051,1351.6682936029558
65,53065.87066942436,3,0.6835320030995862,7,58.40899176721141,0.14938675505126542,149,0.15521223550680419,60.793992464373375,0,1,19,21,0.43229733083455435,1,2.3691273721279775,3,6.951379725274976,30.271466502377066,41.129879471059326,5.325300390641959,1025.0352965446755
42,53482.55658851527,3,7.837598424841072,7,85.5398904085425,0.06230542357226543,278,0.2658143036002564,48.94664569138062,1,0,19,12,0.21209837310495488,4,1.50012646243449,4,6.486654724626412,75.39834102251663,25.59892477937562,2.943606878043038,907.5899799546764
52,55362.41814797041,1,2.85758324592706,8,107.14680933492349,0.05470174293411504,274,0.16047164519838195,45.69335742706485,1,1,22,10,0.2814451465407146,2,3.4001096107165196,4,6.704338440627419,47.400902174766244,4.851143686683768,1.773104854277091,969.1072878948376
42,63332.00657450569,4,4.3276687959926265,11,96.45434749000879,0.06385573994619176,194,0.3592964096027381,56.528172924344034,1,0,13,13,0.30166209813624134,0,2.503946676281621,2,6.450420122407926,89.86357546727757,36.946659388535046,1.777023642767157,986.807528945289
46,52818.77067504784,5,6.8544388322190155,11,104.48763340235124,0.08253522658973894,172,0.34652105034813807,38.87752625130913,1,0,12,15,0.38839831604696673,5,4.261998908414077,1,2.216546749371168,79.74328216537602,44.711595215004216,8.583996812081605,960.8247025504411
35,78836.34188360281,2,3.32456157148712,5,102.41696887295618,0.05647228221769234,265,0.11084565101454953,44.84365220734835,0,0,20,13,0.4609343375609877,3,2.7231418741150692,5,1.4359089828314897,90.14696613070952,8.987832526440556,8.729125141634235,768.4166996758886
63,46580.89046670744,2,0.5658565614671562,10,69.51434514180242,0.06600861450193882,310,0.20697042694292803,51.82191596299319,1,0,14,23,0.13145076071314224,2,3.6742501022484393,4,9.786282562320586,21.42478489420734,36.55392187447259,4.65145521624712,933.0626022744473
35,57196.92533757961,3,3.739210470128136,8,91.96660347615708,0.1440457584516623,26,0.1349343378663805,42.5082321067218,0,1,12,7,0.2681819282473317,0,2.233031958019302,5,0.452951288425012,66.81504321162079,22.807573434583066,1.0362146292497387,1058.8921081222652
19,53404.034125887374,4,9.444485826943033,13,45.50166208116381,0.09518266842528537,350,0.16733524368113886,60.03627815401286,0,0,23,10,0.2733983304439653,0,1.8378095001013603,3,4.6773648702827035,73.846340808164,37.939652209579194,8.8416510384679,1107.8704357579354
52,81704.668265306,1,6.417343972985582,11,66.26127164111497,0.1153349186829718,356,0.40024274676447974,78.0359975551739,0,0,19,16,0.1599330145113452,4,2.5521961237952953,3,4.250803171418619,74.24142652825937,35.98246946107998,4.870164861750891,962.7741453882635
33,62948.32164767362,4,6.71479148667207,14,107.85309776568103,0.07246416059407124,26,0.1692428582884201,38.68552801089286,0,1,7,15,0.2514889980695938,1,3.427231338409734,2,3.6001895821507626,50.40004504673375,2.303411292687265,4.387624228669137,1195.7785573491462
58,75477.66809202952,4,6.322821536376399,11,72.29926395147558,0.069181728540883,34,0.2360226037077429,25.023120555439334,1,1,16,14,0.3427768944350611,1,3.6277869568454073,3,7.819838535767095,1.125052234795254,9.757330762390604,4.073570244376202,1095.96168675437
53,37716.59440444542,1,1.989921389594368,8,42.63996226658512,0.11427779447701987,264,0.25413212940082786,19.973897487856075,0,1,23,18,0.2721321097160443,1,3.3128266611920734,1,7.453502883125159,26.143078386907494,24.080334903681443,3.6501417385920565,1104.3051772775775
50,64005.75398803888,3,4.183338641022801,3,120.27397834662715,0.10630311640017026,138,0.09993706275167594,47.742977877575264,1,1,18,15,0.1455378831392586,4,4.952222874496435,2,9.052249235299403,32.33008750043811,46.746114423691935,5.260054036085942,794.0569287035279
21,73344.46193435155,4,7.509397983633183,15,91.2450056633944,0.13889933391540346,304,0.11449045255907953,40.052531148107256,0,0,24,13,0.5874082698009914,1,3.764360745980661,4,3.954875261869222,85.20366172817614,17.761599380985274,6.045412266117042,1134.1637565673666
50,61234.259839131366,2,1.0137289755315915,7,95.2895644061158,0.16507964990019963,183,0.07939776285918812,53.11790751600621,0,1,23,13,0.326617786520418,6,4.726078510387671,2,5.6417952792945965,84.08858171042203,31.814800043728916,4.664322035729559,1032.7780839672448
31,75982.20562598026,1,2.7785277608971226,14,60.390609301562044,0.06542938978617976,363,0.11140292661022232,51.988965080391516,0,1,28,17,0.3111694130106675,3,1.471732779580698,5,8.923070473421205,10.468010403778328,1.592103530207012,8.966481634550444,1271.9262724771033
38,52240.673248494415,5,2.763191084658536,12,85.6811314105974,0.14305922688818906,242,0.0,25.951747300788558,1,1,20,16,0.19020736369329533,0,1.2454917192539154,4,9.938480628553844,94.98358817712575,35.845219155800265,3.176612285294973,1121.9529166879895
65,81140.2116027837,3,4.32018927594506,8,85.1514994177839,0.046009691615341866,54,0.2544582400793628,22.77674255777891,1,1,29,17,0.3260706161971275,1,2.2439788080478147,2,9.69294362365355,18.245748665149097,30.550344874887422,5.783118567867813,1183.8837072399879
37,94483.47185428876,1,9.803687409421851,8,63.57030286752649,0.2036889341401642,168,0.405419384125607,54.43899860519143,0,0,14,20,0.28357862159585057,3,1.5463557535056958,4,7.178438712687342,41.43594513009211,36.054342584172524,2.999539201939853,986.7422211029366
25,54557.42159340512,5,0.6750254668382194,19,76.60360628953683,0.06068479734308357,119,0.2147820739036527,52.031432520799356,0,1,14,14,0.11114765872845936,2,3.1034741129130707,1,1.432275578101796,21.51569661107554,45.3283700382223,7.533500237925343,1310.7308777180294
24,53317.462178988426,5,5.1870099438059505,6,49.990645744339645,0.13453152848783798,143,0.05837311406593926,43.61273002450173,0,0,21,22,0.19297445599855836,2,3.075925014093115,4,0.23186011793026595,86.03324688293574,8.178447722772692,1.0212109932823565,831.215156188302
20,81800.7671567655,4,1.7936468201221045,12,73.06580934247997,0.04563798306276672,81,0.1357223617100052,25.14284622301543,1,0,18,22,0.3794926017673945,2,3.3001886657758006,2,8.25218356402942,74.94020318593118,13.817890204395287,1.8869899679533253,1134.5940533639064
34,83693.58218596068,4,9.706765454097441,7,99.47692514519639,0.09239545569266007,245,0.15411231549750032,57.07086894147486,1,0,20,12,0.4944017650000442,1,3.980911523324291,7,8.409420244918254,35.352880688780395,49.79326371623896,8.012014099269507,842.0196660725989
50,52157.09959270098,4,1.133035047274642,8,65.0630348201583,0.17728665710767583,352,0.09824152227866244,69.07849318135915,0,1,14,15,0.33671654050430444,1,4.88531880084928,3,7.4636090826346955,68.18786260260555,8.657913966971721,1.8319759521953871,928.0544206135487
65,53697.19774356214,1,4.036010023615912,11,118.14595672853108,0.059114792400696364,358,0.2860182638395157,54.16973660328384,1,0,10,12,0.41030832782933674,2,4.513034765756586,2,2.7992348599922012,18.436688417154233,36.31072331977529,6.257463461947401,816.9788597474512
29,55773.230867092396,1,7.378849848346062,7,51.27816974929887,0.21020930839431115,62,0.2810260044375334,37.28789164152403,0,1,19,22,0.284424469141679,1,1.4734689583023264,6,6.398178595985266,38.22970923760016,36.52871961503419,9.702434519041969,1134.8628396504255
68,39833.24233448584,3,7.045544280274453,8,74.79649300408812,0.09973622014454772,46,0.08445482061823405,50.66828248356727,0,0,21,16,0.2913453839319397,2,2.354054755082629,1,3.1624844181527423,37.71075883381082,34.466693565542904,5.228906137659658,1076.850361682106
39,46220.22080273703,4,4.227286368939323,9,66.87140072771749,0.1487856268991333,87,0.2725081044447508,29.508288785994726,1,1,24,15,0.4090979027619465,2,2.0232921001921675,2,4.506482461009247,23.793668172139782,12.144588876414305,1.8739644634006924,1237.563284939931
39,44937.88849871898,5,3.4652416795271823,9,76.39638337254262,0.12014722867518017,99,0.35268126635772656,65.86941070758189,0,0,21,11,0.46627772891794694,2,1.7072694311191712,4,3.824350849805105,87.63120495828825,11.541569097479666,3.206910456926375,1160.1374836425591
63,48483.03652343807,2,3.9761237855287055,4,107.42949564281845,0.12285200327981835,295,0.390255820522956,51.22766501794308,0,1,26,10,0.43010966934656214,2,3.178899506623138,7,9.136400867900555,67.88457354791262,33.65071233370461,8.234580764542383,942.5001089489365
47,59479.72668919828,3,2.642762631586393,5,60.31089007071806,0.028694314142844776,53,0.4865212023085963,23.47764632370152,0,1,21,8,0.19336369246151808,3,3.213057608130922,5,2.3415733074387557,27.993931056379928,10.126259038501585,3.516609131199737,1009.1562737474284
55,63513.22098804781,1,2.053329387067998,8,70.9745893814094,0.07635736035109769,192,0.10980073505568026,45.48988459334476,0,0,20,18,0.2933041109684754,1,1.9089793115522453,2,5.776109045737502,24.21207606290373,33.41660325528633,7.235113590298136,949.7952467783588
55,83257.50739221115,3,4.8303969755889,14,93.09011505446279,0.1597988231241852,80,0.4824220426395203,56.94952265351346,1,0,26,22,0.3277524684476295,6,3.847589001226742,4,3.6098152903385916,1.7953470999239052,25.133885819240586,7.773500628840102,1308.8804854907603
62,45024.68938891814,3,2.685337560676073,13,81.86317559835305,0.08278393991150015,16,0.1645793611491212,45.004285685367165,1,1,18,16,0.2740322036492471,2,3.931657196678021,5,6.630711119142258,34.65822537923546,19.94481451481982,5.011828472451642,1237.0214414766256
68,74764.83597714876,3,2.874616648972501,12,83.50349898618006,0.10694160413589067,360,0.1407534544619486,45.861564178397394,1,1,19,14,0.33878575434155955,1,1.0839199793357333,2,5.645631411774749,52.67712833153182,15.711385119519342,7.83213384366389,1091.644860353046
25,56790.16733661736,3,6.56756063474557,10,60.69447320800885,0.022628893581542436,326,0.23270723748778455,31.633966894290925,0,1,19,11,0.38205768116689476,0,2.5830308148892662,2,9.239776813659406,27.77109419083764,47.43126973283272,3.169030044282144,1027.7928353646394
44,59258.044355213504,2,9.685373316998922,10,78.56833056795006,0.0731211529499628,194,0.14179386659069876,58.49811480622484,0,0,16,20,0.40028097519551403,2,4.560562564806484,1,1.0161215170121318,70.045827642977,25.896589229396593,5.161596467164058,940.7958822221229
44,70122.29238249906,4,6.036372005593751,8,102.63156903079047,0.1561519648815733,141,0.23990441406465263,40.27296199971294,0,1,21,17,0.4685870152221523,1,3.081274432975353,1,2.206408397567634,41.17495290112663,28.501346163037137,6.865582639721405,1070.4521305232379
51,43159.16967656552,5,0.7697946706496628,14,47.809580338380414,0.035868528403653,108,0.06799228122626985,17.653319344924512,0,0,23,15,0.2670558895275165,1,2.390511205755977,3,7.663479638310559,31.631783701066784,47.513548149652486,1.6807314730438039,1261.2848119875987
38,65736.14619276076,3,0.7558361385406698,17,66.05381698601946,0.1358539518498082,303,0.1761247397936566,44.43113943994409,1,1,17,23,0.16359668351606857,1,2.0147046063805205,4,3.687868398948434,93.90576587903313,33.03998858675955,2.736219673821897,1309.1648923969972
47,62496.78312319584,3,9.51423220845566,8,43.68916740949327,0.10888890692924928,265,0.3285582234361679,64.7172457335553,1,1,24,15,0.33582345940144526,1,1.973418079673129,2,1.6578378622872392,26.280087728813907,47.93479346008455,6.520366033936521,988.8906137091442
50,67386.76896012224,3,2.9729079030733363,6,90.73951393887482,0.08820222569884108,290,0.1942938708568844,44.19605830100079,0,0,24,14,0.4883811031184802,2,1.3990721354032254,1,5.033212592453877,39.82576200966563,6.2119702856122245,6.553601198295534,879.2896952005636
45,64337.52965861727,4,0.9206698608247543,12,104.50941090628939,0.08600377288389964,209,0.2141595786739883,76.0697747768528,1,1,22,19,0.2523024140045941,0,4.268905676372368,1,6.521420616113862,38.229078852077194,42.48534195684779,4.93302646452979,1195.2666237422
64,96829.50209866342,1,5.990445871503816,6,76.33180025415915,0.07544851509610064,165,0.24752586047173117,56.43451922822776,1,1,29,20,0.3686846977063719,1,1.3466296215766849,5,0.4482671415349859,24.119834567124833,17.43531677313145,7.955853567821205,1057.2640514750815
50,50433.900236230256,1,6.236487782902661,12,59.88959970969405,0.07990145139715187,342,0.31706616293176604,55.08137243420549,0,1,16,14,0.3695745792472643,3,2.169179063447263,1,2.916218893674447,21.74767398104167,40.71388872844672,4.820549020049755,1065.2460678545538
22,52035.04567497274,2,6.485048201186881,14,60.47507097090929,0.14648701124055788,320,0.0344775287810567,48.074026011235865,1,0,24,14,0.31914420473446087,1,1.1827029542654128,2,8.094225376960429,30.23800188134036,42.92619458555395,8.813222654137332,1135.7024010766613
65,50652.89210362853,1,2.674020278575413,10,74.05885584254514,0.07839780928776129,152,0.25845240518374346,48.97570688353564,0,0,15,22,0.30069247210437144,2,4.125546278894802,2,5.2024456661019425,86.42361699311809,14.302906420985234,7.359034308719455,1023.3773917987738
36,51667.843212596184,3,0.15110684214475034,12,73.9825590921695,0.19037951610961537,290,0.1731860860758237,46.04864547320744,0,1,22,13,0.2076570794278607,1,1.1571347289071618,1,0.3537921517331999,76.70828872292905,21.03270020925847,3.146948633033413,1145.2694172847594
21,50439.19309040223,3,9.650153694544718,11,98.23663557026741,0.1149766251521606,268,0.21666378953118387,45.4659591187621,0,0,20,17,0.07183379275794224,0,2.2332044154728337,4,2.8195100527470087,68.09995141600523,36.574703361430295,3.952540084845555,981.6301989648093
52,77835.24796661327,3,2.508930456911025,12,66.62247931113974,0.07118690354858638,151,0.30599501697623765,57.963007431007235,0,0,21,16,0.18881492933359711,3,3.293189480346656,2,6.391406559794214,45.71029926424934,5.853725913951563,6.676866857698457,1257.8363122475275
66,81307.56371984782,2,6.760262880525475,12,88.7015667637172,0.14866829762428072,207,0.08058133485881558,35.96253155314152,0,1,15,18,0.26096958508883006,1,2.6382454411737752,2,1.9935946957802475,50.775398463260345,38.02114318262766,8.944526188234912,1145.2822944896488
34,51438.805593757854,3,7.0662986987870955,14,73.89059941504263,0.13119479715382884,255,0.09873555585569105,33.86159256913611,0,0,17,16,0.4097422687422707,7,2.129084268996402,2,8.273914062194143,26.713884549346034,6.413173376682456,1.7870873270350873,1113.4402964572967
61,47514.66640343657,1,6.100074170794857,5,65.10486089520326,0.017291177988617068,353,0.006457004028619373,33.15207423686934,0,1,20,14,0.2896871937648624,3,2.1007562897101666,4,6.765759070836642,7.431591383591762,45.80833088113485,5.146635387419801,886.793152096494
45,67071.23334579606,4,3.129073942136482,14,73.39247873318045,0.04827643214912312,141,0.14508410582362236,80.68481821515732,1,0,11,8,0.24809742810818514,0,4.191161224024997,8,4.713790609477932,33.104055672048226,14.540625371521317,1.1878442132437672,1103.1414014127645
47,51716.65433578543,4,2.7109625376406576,11,86.7307676374196,0.09422898493987938,343,0.33304323443788164,57.9551435250587,1,0,20,15,0.21090145580465694,3,4.89591238034898,2,9.156237810667848,49.55837559923661,29.204367996500434,2.794551553201312,1069.0439956489697
46,69493.97726633266,5,5.976682827027031,8,98.29866779763404,0.02081960327899013,358,0.18794128115265307,54.567383025202176,1,1,15,9,0.365680582850948,3,2.3921642817951736,3,3.9180077092466172,5.731304651933245,6.740521503737367,6.859813592932423,912.1121818312407
63,63043.845312769496,1,8.660956336116914,9,74.96053625683021,0.20452649509858065,96,0.06598751043452142,34.13727994559853,0,1,17,13,0.43583571664306053,3,1.156582054436066,3,2.3507341056408526,8.823330205710644,14.205164578461456,0.7773463524816171,1063.7707628811015
23,37263.83827504152,3,9.467337289233956,9,55.9212373840446,0.14111160910196707,227,0.1514321255424953,59.35013451012243,0,1,17,17,0.40634357218674594,0,1.1462631116364337,0,6.614029925267008,26.302523288456726,20.793797130868167,6.623585818888475,1036.2276534044795
52,83212.57801995092,4,1.0590580440375763,10,99.99429606530882,0.09933335764817691,193,0.05121382965093771,48.25142980320007,0,1,20,13,0.3606149699758469,0,4.036853660842873,3,5.732951874701485,36.708037359276155,24.865394957467704,9.00811120945297,1181.8152323158215
58,86938.16509643283,1,1.5482861259771985,14,62.03661233695771,0.08286467231933684,303,0.08748138982688383,53.21253411697625,0,1,21,12,0.15243872536170597,1,3.209479286436508,3,3.352479009312251,39.33168111187052,1.0033073846821472,9.693702910184662,1283.088996350331
54,50808.16964273421,4,9.447362587830796,10,85.21646335355065,0.07001681728205006,314,0.23888189102637133,35.350695262046656,0,0,18,12,0.26483257571562285,2,4.134370629669322,7,3.4366456132397714,11.788606628800514,44.544132356642955,2.166322010255155,980.629792965053
41,54184.47660096024,3,7.365352283347926,11,79.5033466459249,0.0017983921014545212,118,0.08261266736939712,52.40403286126365,1,0,26,18,0.4947304228889675,1,3.789988041154299,3,3.982103086341018,22.58213545347888,1.3760656683849786,7.488979566078759,1195.238064443406
46,64287.98086087358,4,8.829938248297731,9,76.82859815307562,0.013356317417718519,5,0.31126343052033023,43.64249692690275,1,0,20,11,0.4121950491915225,7,4.630025397061586,2,2.911385674793693,26.164725206360874,38.910543586726824,9.263704487055298,1149.0332928198416
66,65016.851849805375,5,2.026326341353432,7,70.26047399623987,0.19505603656338039,352,0.1928879709169664,38.51583264454718,1,1,15,19,0.14624967817652748,1,4.5432971641864945,0,7.102414063609225,6.76348762012462,24.058366705462177,0.91369310849436,907.9287392604499
63,69878.16409009245,5,5.875858711094018,11,92.40297560830928,0.17867998196162926,243,0.20855947039445255,61.011595037108734,0,0,23,13,0.29444094768007284,0,4.1533095824847095,5,6.513584050512053,32.60997005896973,26.670121220167445,4.140236084892052,1139.5470008578704
48,90153.06808149524,4,7.011395944174737,10,8.358747850249785,0.07121111225379798,21,0.1721627032392106,26.934382872049962,0,0,14,10,0.33630984326610386,2,2.900756640168575,2,4.407776525463927,7.222157275550723,11.205008487392503,9.19409766872166,1045.2704361957312
52,57345.79158758926,1,6.801118854469727,13,102.72941016734075,0.14539995780912288,152,0.27728478385437233,58.47164396471226,1,0,18,8,0.22378415369737797,3,2.23250563041541,2,3.9785467577923717,70.345784310967,30.761049166939504,2.027874982548301,1202.5755594085178
50,48025.541331923196,1,4.081516908666981,8,61.749844512119296,0.12532103874985157,128,0.2783159887777011,60.26729200329494,0,0,20,14,0.0690795978591151,3,3.0281071497785597,3,3.650512693597051,38.604776655731044,27.324363549303158,9.337606837878418,1013.2257870146738
69,39310.21157978209,1,0.15394891691308477,15,88.15913819501296,0.1312143978324421,124,0.23350543519121716,36.80534486673139,0,0,14,6,0.30988240450164317,2,3.0082864292792943,2,2.8346832139225353,32.67523893783747,9.047583924394473,5.271920710877785,1194.1698781966122
38,49036.04940087121,4,5.829260568042631,3,87.10051235869858,0.02874111177496473,146,0.25647891059076483,37.695073083012986,0,1,16,18,0.22122417423795604,2,3.4411021955573506,1,0.8569666315705937,12.65221715036069,12.667831066111738,0.9989308253755569,920.6152439304435
49,59503.095406893044,1,2.5310153917960876,9,105.49954764041637,0.009591103873492005,277,0.17879103300795746,46.654614781003964,0,0,13,18,0.22161582609153158,1,1.7443902711316164,5,2.682046855225005,22.65036554448958,4.278277821610401,4.49877316755515,914.1501642408969
40,86918.36795276681,3,4.502542461428903,6,83.95498271076139,0.15912971795349445,310,0.25422030069090484,54.23054315693331,0,1,13,14,0.2645319640069242,1,3.622479521779955,2,3.2120134869306503,23.270520893912362,4.247895032383181,3.2626119546706622,886.1605896263079
50,52235.830514457426,5,9.575810150838173,16,63.41781638731909,0.0010350848481584934,152,0.16621222245261932,47.707175122786616,1,1,28,24,0.2866324085345188,2,2.826403696823263,2,5.476840062653433,98.5204214873303,1.6750135116689018,2.8220416055180833,1421.2653637511605
20,63356.819274583475,3,3.990353176424347,5,47.904900241780624,0.09259032293087424,360,0.2002231622162402,56.50343690287819,1,0,21,15,0.2990917205904313,1,3.4808193277634367,4,7.737885090780497,83.53493795084933,11.803241948671104,5.414755756336838,862.0260520701788
35,59753.65655890872,1,8.398016066644267,8,73.02393690254051,0.08161488368911066,111,0.17253562506337028,76.44469478806099,0,1,28,17,0.21160101010779986,1,1.9584192916781826,1,3.9570214483403165,1.5262291633431624,34.30340014245573,4.835926907518701,1211.728584816063
42,77825.89910172127,3,1.8854060574925113,11,40.83649142233975,0.07699245191617958,116,0.1542781460680804,42.38424846275429,0,0,12,18,0.27797904703659226,3,2.73757957550942,1,9.447569058520918,61.683659076847974,16.494554018975457,4.819671596200919,1019.2477778692648
59,97903.98638810433,1,6.724604980250288,5,67.43028587378488,0.11572254111453285,188,0.13108882022782098,24.272300439448692,1,1,22,14,0.12425766295972446,2,1.840804857810081,3,8.273499634411625,25.591009642192375,17.793979223501456,0.881417311031153,1023.3737182157823
48,52036.96840619519,4,9.770069544389434,3,74.14738759339589,0.06612037851107742,57,0.24676901038588855,62.3888537454598,0,1,18,14,0.3311039065368078,2,4.501220627027207,1,9.848018478837451,10.437692881958426,7.4633642695167906,8.023181810271366,1045.7065556457019
20,52658.40836222667,3,1.018931008729368,13,66.20168043942151,0.11978677312325241,251,0.33106059128134635,75.24971863891295,0,1,16,15,0.014372458665884214,1,2.9518441801661504,2,8.762030410414818,70.55997631197548,29.19806271516458,4.814393153557952,1091.86573189523
57,75662.41315603608,4,0.08319942227192012,9,80.83547314729825,0.10705777073455976,150,0.317110197166956,55.89152544576687,0,1,24,12,0.271050991956638,2,1.8999256622952485,5,6.167259493093792,13.160554946834925,17.765038435790125,8.209058287018742,1125.4257807028293
63,70228.37234439467,4,4.335827926326143,10,75.27791978161585,0.20493661770252125,162,0.07434346640545647,33.683769869694984,0,0,21,13,0.39191861536769534,3,1.1648347829661851,3,5.984792878167189,44.374077952973565,34.13952336808052,8.245946415509502,1171.7841685779545
41,87700.6098860405,2,0.926254830513672,14,73.44626917342435,0.030729530409093528,120,0.3289203051406874,48.14161455147199,1,0,16,13,0.1940659312725173,1,3.7029546586141673,2,1.2952612675421704,63.21651648399242,37.33151397328512,3.1713532484804317,1214.812469645608
67,68758.92277988946,1,7.483843496762313,13,31.516987659253886,0.10146344919524133,70,0.16818414983820712,33.22214773682552,1,1,19,16,0.37164302036574,3,1.8585788559590228,1,7.223992488915677,55.44947561549887,29.64995088717072,0.04346303807612362,1275.0828061045947
49,54610.61863819411,5,9.14548663848559,7,54.10589638628902,0.12156725499388818,351,0.2600733015145592,59.64283240944421,0,0,21,11,0.4155732712120892,3,4.958328769275113,4,6.002068575926714,97.7629098302743,14.527407303789778,9.112456774581185,856.6270310545277
64,68859.82246038463,1,4.340209727087588,5,92.85313463709753,0.0871798722233852,99,0.1093784667952789,29.730643959523483,0,0,17,15,0.0,2,3.1348014936606865,5,5.069321033959847,78.57426131225226,25.92178216752546,7.606946930862403,921.8731578258207
39,76630.55370874362,5,2.5871164215544096,8,96.08512545894888,0.0331462446056081,167,0.21419799138740053,45.498068197577,0,0,22,17,0.28486370964242574,3,2.1559079849921283,3,6.932868725572886,77.41933761274898,13.344609429432863,1.072519568234711,1144.1037214299392
40,72307.23271796046,1,4.344033190066098,9,43.22446564042009,0.16285513903275972,298,0.23137231828969074,34.9349326055914,0,1,19,15,0.012422657237172452,6,3.6307097351705213,6,4.440478428379937,35.55953940810313,45.24272893234198,7.017270340031013,981.1426303420036
19,67609.11046660946,4,7.2344781785000105,13,63.70563637531737,0.1168467165072026,151,0.05153952080803473,51.90237027702443,1,0,15,15,0.2881791554429054,3,2.100879693752342,5,5.238596624082862,0.8395492084141698,38.55290175404531,0.200232686688806,1076.199878673421
44,76000.1203438373,3,0.09054161580370979,13,101.43930735198254,0.036655164353670305,326,0.2608267166344189,44.50487484293363,1,1,12,18,0.29928287890186733,1,4.281097175638986,4,3.9835230480325636,73.44109296706883,25.15728939427275,0.27759069220698485,1056.497381269905
59,77539.4338566851,3,5.894539894846972,8,65.63922373189702,0.12193339812791301,2,0.33459350078383154,52.651431548753955,0,0,21,16,0.051745601408916125,2,2.2329442037197675,4,7.173708933706898,99.97320842956724,48.30740001572918,5.258232395978425,1126.6169026649065
19,80732.38486556291,2,6.132916848873791,7,77.77018425749776,0.18507830350264284,152,0.1825352054318372,50.335258324495484,1,0,27,17,0.4924838362079865,2,4.9529909295836365,2,8.766109705478883,40.58791077436156,27.791016889779208,0.9603742923634662,1089.8090201303098
43,69730.64831384463,5,6.376882468959355,7,108.83610658031816,0.09818420332920401,65,0.3360168130828013,35.20011458413835,1,1,16,16,0.32860158076346246,2,3.4205791417811744,3,8.408449391326027,98.55184989571174,17.09823837089046,9.64336522484919,1123.9424958292095
34,57493.22879524718,5,2.420220799808772,8,72.76845377113213,0.0998893665264719,326,0.18103065065475926,59.40315595293533,1,0,11,15,0.21509765679179643,3,4.377644595770653,6,7.860252720494688,14.170810953434643,5.677897738908307,8.938312266502624,822.0679470750367
57,62200.705296499844,5,7.140527233781268,9,69.90561179625769,0.178400251552166,69,0.2849584531046617,49.26851522235327,0,1,21,17,0.4465379427498518,2,1.2912618783136889,3,0.13787704544550916,29.651235163671743,27.643536595857267,6.498120312478848,1279.7019108981237
50,78097.63449762535,4,0.9139148633177641,15,76.8592661881474,0.05148080091243734,121,0.0,35.17206488201149,0,0,20,17,0.12043867793576829,5,2.3931976695447528,1,9.118804638774593,17.072693174247068,43.16041396748593,0.6370897083831328,1201.853324547436
26,47745.964935191456,5,1.9927033646680081,8,117.06821595799656,0.1863776021310341,109,0.44187777793134636,83.61389834308689,1,0,15,12,0.17708289664816826,2,3.9499483446645987,5,2.7487572072339397,47.51759729268158,43.46921767966599,3.2483525780706515,917.2589314910994
60,65530.099633093516,3,8.77470046654482,17,88.92403672578959,0.14864555351841185,316,0.3495458245242957,57.14645250075687,0,0,22,21,0.07005444763301011,0,3.6202360693623308,3,8.879739429633759,79.69814015072204,30.623786267454673,3.717229979060439,1327.7601981101222
65,54099.91781508959,4,7.387231507265664,8,80.38163255559536,0.05378905180099924,247,0.17153744957463213,47.70109169901042,1,1,26,10,0.4801045196539334,0,1.776972485735031,1,1.9696810308937651,34.066169153795386,20.278479798476425,4.808798358286996,1091.4871718747086
56,60431.17234402226,1,0.1374555401134525,8,69.51280088636832,0.06658655000779423,93,0.0027910973356181923,71.22806790052735,1,1,27,19,0.33323463714720036,1,2.4248117220388394,2,4.3964575142473725,90.62289371518715,32.86451909644332,1.689028740064522,1086.5517294463396
46,79176.77793910948,5,2.4837626036980023,13,90.77633856362246,0.07375935831588552,268,0.22880283683054892,77.6272341407991,1,1,24,14,0.3659401789848495,3,2.0537736299501637,2,7.493987943269137,54.48304133297851,38.34487737339293,5.775116427971959,1224.9479671818485
59,62866.48602029855,5,2.1440648299316454,11,93.19399539861597,0.008321789300645505,103,0.05560744529262432,47.81975866529172,0,0,17,18,0.3301001233918476,1,3.453480679047372,1,6.402789452771725,46.542441374187725,21.169614435312184,4.357706479092233,1081.2702416180334
43,60696.54822234223,1,2.7080632803697258,7,58.5364298104906,0.11302358745354406,112,0.2444853537557488,55.21096229652143,1,1,23,20,0.35737677611445845,1,2.3782729178351,4,4.159219380294299,78.70358421952763,24.336454291531343,9.472969633928585,1055.0020910989044
52,39602.15788530121,5,2.475597702798864,10,93.7325638389232,0.056052649837607334,321,0.2411565719164282,35.17995772995589,0,0,23,10,0.3078077713895989,2,2.2362169680013992,3,6.786238567402783,10.144349704178456,34.350199061519206,9.361952296252191,953.9413524456018
67,71193.80349040832,1,0.6252629574284574,17,76.9769542675314,0.11482756607156527,304,0.10585968309979753,47.792108738479826,1,1,29,20,0.32709213427074413,1,1.8295119217453668,5,5.489495100466395,77.37524712106747,43.95597769903458,5.654739553399724,1390.316469934689
42,69682.26271711613,4,4.589405165968204,14,80.49597269257214,0.03545283748373916,344,0.31209670236143777,47.01406169360195,0,1,30,12,0.31076034362229504,2,2.6361084836585933,2,2.757363066355323,24.29520001728267,39.75950852897147,6.443493359905352,1266.5525546037593
41,92448.8208495819,3,7.327334747861651,14,62.314219940233635,0.14615066184472497,62,0.2805574702806174,52.77240550432481,0,1,20,13,0.23914081944307214,3,1.7820103607862143,2,6.463294454971398,28.081254718323756,2.0971770966970857,1.3779646777374244,1366.787910538046
30,55383.32647570499,1,6.067317247174364,10,72.0003594434218,0.13688129650652514,300,0.29758233372885634,54.991407179555154,1,0,16,12,0.2953375234785331,5,4.850278349510529,1,2.0424708634452338,59.945377332007986,7.094244845444804,2.233232388401716,838.98483864245
24,63287.254914959085,2,6.728716685980798,7,59.39715469554342,0.06470604929698925,136,0.20088577036688954,58.3974267324209,0,1,17,21,0.3273594573261678,3,1.6180072459812136,5,6.939882842591655,90.19344250462052,42.78613083399057,9.007154042019096,1008.4718358785824
53,63740.75525566133,1,0.8114917853623915,8,58.435636597673984,0.1179824578941058,55,0.058447593308629336,53.56463984449939,0,0,19,11,0.31105491195521306,1,4.653218859835105,4,0.031108776232428026,57.840694977086486,41.857318574206644,6.991659228957349,1027.1872619153044
62,83661.79919645212,5,9.514907101767871,9,87.5418044085356,0.104146027965479,108,0.2977872272211138,31.838860600562533,1,1,19,11,0.15222278922466828,3,2.713892392626328,3,5.487725137617697,64.8949348794487,20.05153237428675,1.8943019728307753,1123.2575221611478
37,58570.567014195716,4,8.384918338430248,6,72.89766869113784,0.1741149743076456,303,0.1729628600864209,35.922993413883724,0,0,17,15,0.16550133313915905,0,2.5114639662468883,5,4.01067627556141,77.65945896052742,29.629618195525616,5.702103060732229,843.9334174388279
18,64185.32288655509,4,8.050903184956628,6,54.00724660275168,0.04837605160525639,258,0.06102198568073311,41.8038857080449,1,0,10,15,0.4082841433916391,5,1.9252792036193953,2,3.031037738019473,25.932475899248676,45.386404139003666,9.347612504894489,660.6311005655776
25,69118.44764574809,1,8.229838050417674,10,123.54105294976752,0.09238510107529267,253,0.33520393659743264,45.76639112115157,0,0,21,11,0.2693005954116598,3,3.5430253374700764,4,5.157079672346375,82.72336728041425,45.66637536934772,3.451711061619036,999.0788662736563
63,62799.13684734537,3,9.327105081327613,12,57.50689921368127,0.06796581816461135,222,0.40994075205025093,65.7616143570817,1,0,15,17,0.358472534703594,1,3.7421120600433455,1,6.453116325358881,41.79601490671497,39.37154944228365,1.8582037551908526,1040.0142308559625
33,53303.49578174208,2,5.442539661136977,6,101.84205922038667,0.10224090985500839,167,0.1958751871020797,32.5559151972063,1,0,23,17,0.19078800902776033,3,2.87028384900967,0,9.653122662134649,17.56556934911625,11.26985797962427,9.420252769090983,972.7385582499107
31,62911.34989347462,4,2.002820178676259,5,50.470727167563965,0.12666368013917967,160,0.4159121154603292,44.6387742774395,0,1,30,13,0.152685412335347,0,1.2228275827736965,3,8.330644898880976,35.0118079461125,36.7838575603433,4.612653602920992,1108.3330051010175
29,76104.47624789659,5,6.167836078525411,9,89.1300467033559,0.06740963109631455,166,0.20913147286113498,64.29514247321075,0,1,18,14,0.2156403387468287,4,4.6740406027542,3,7.171498830838107,24.61311117182253,5.953823185005774,4.172419986627665,1183.9649032699842
68,44602.270508834095,5,7.42881493667939,17,74.98879262762617,0.08179468893053939,205,0.16195440958336488,45.50183788255082,0,1,20,13,0.27774349292285866,2,4.921316531505524,6,4.789669116791464,22.871360513564586,44.802984513273884,2.6756719979275023,1301.3066736117887
40,61994.54511220314,3,7.379173933540254,6,67.4188653728319,0.14830203990286814,267,0.13695415458145227,56.90623474764236,0,1,14,10,0.23348597007155875,0,2.72417366084734,2,3.9214411966435425,28.256319871916613,8.308291375357012,8.915852949471443,781.1526676753363
32,49498.1877759124,4,5.214490241668801,9,83.93484647531412,0.16786623309632215,138,0.3637082407992743,47.906869356081444,0,0,24,18,0.4293933523105714,0,3.4546432296373086,4,0.32529654585997214,18.09308147420895,33.45508336546109,8.456167668895752,1170.112089843299
45,77925.69943387264,1,0.6845871933357806,8,81.24519712658665,0.12467580176014394,346,0.12198561186122282,53.851748859870845,1,1,19,16,0.31795233015374613,1,2.801194504974987,2,3.5909690305904816,66.77017570826429,30.901920438365085,4.02990399436754,876.7980438242622
51,37152.19642824338,5,3.7111293843012785,7,63.7506963263591,0.09310184506284205,248,0.27352693099749875,46.57291184285689,0,0,16,9,0.4848938618561859,1,2.2875186035444823,1,8.483771386726165,57.99917570351172,39.068083138099574,0.3061327989707885,885.5270613546652
19,51616.17229092617,3,9.207666084633573,13,62.84522238426,0.08834515394814255,55,0.1440836164940792,60.005982090925315,0,1,37,18,0.3404408154071417,1,1.3092751714312305,5,3.8402458197628997,64.84418929834284,28.02729761556432,4.466514305061395,1431.6684853997474
49,65658.17812596781,4,5.84448909757426,8,48.52171576011198,0.12740631643636452,209,0.1539693237425637,26.82415388890347,1,0,17,10,0.05874491820801889,0,2.8242709215891955,4,4.615849990621465,34.37247238281604,3.9187621934108767,1.808580165800533,808.033040913474
40,83482.86043851511,4,5.383319432557134,11,86.11128768714103,0.11138835007024359,17,0.3030249693969567,44.55031987417183,0,0,16,17,0.40560416064585547,2,4.273538225437806,1,2.7183442402490474,76.97334025740443,35.58646644816331,1.4273407014888118,1108.378115805355
39,59013.746083905186,4,2.688535143821935,6,54.92390345799983,0.01755120810543484,68,0.16199631537106465,54.448590150414624,0,0,16,13,0.1490448377530045,3,1.0681258443520143,2,2.741327588133667,12.960874095416475,19.77457338292813,3.930936118954236,954.2649335914042
68,51672.00709960202,4,3.684489199165789,13,80.07949913034365,0.12861926161539514,133,0.15952046205797069,58.005428720092894,0,0,22,11,0.3230533667211339,2,3.3284307327208893,5,0.618717608917484,57.11367094613602,16.693965059736385,0.9907693734462719,1118.360777701604
42,88217.35604160884,4,8.953460891531693,6,91.84955968241432,0.056971510528871894,188,0.31328046971748075,72.39428934130741,0,0,19,14,0.22253159423361552,1,4.5230884349067555,1,6.138039256198008,27.545297224647392,49.592003927153,9.574645069316649,939.9881841370956
39,38279.79149375634,5,6.664630475268357,7,84.16110063648108,0.029153179576217395,308,0.35973972932216236,44.134629997016354,1,0,20,17,0.5142711034464187,3,1.870197720057432,3,4.4806940304534635,52.760990069761135,29.92958853202666,0.47539181781281803,924.708544217863
39,27017.910650698774,3,7.873870267523328,11,65.53737403965484,0.01658275559456371,138,0.26446898032842336,72.19222642791308,1,1,24,12,0.44395979274301356,1,1.7330234587562487,5,6.059608074907946,32.36371752402392,35.825234590201156,4.0136962739872715,1161.3006592642687
66,66600.21675079998,4,4.543454230676551,12,98.17624822699938,0.08919478144083404,174,0.13452302243760508,40.11464260010494,0,1,14,19,0.22581793582982418,5,4.089106502807772,2,5.468869000288528,79.05117650912953,26.78998070984677,1.627027020316949,1103.4753068131306
69,52469.18663471083,2,6.302472194561579,13,71.84057043797495,0.049173781890869885,97,0.14893915007024205,69.92969617316966,0,0,27,13,0.2872642331878888,2,2.020345724477173,2,7.988445872971748,89.12718388380945,38.728659651630984,6.888113215287561,1343.2967355895846
59,44681.5077430393,2,2.483836087432075,10,53.31678481990018,0.0,171,0.20799152637400375,62.26200690047558,0,0,26,8,0.3244598069649217,2,1.7679370702425938,3,7.510119123114727,74.25812233716313,37.85156403949878,0.7881144921456174,1151.8612172602834
23,70625.3467094903,3,7.054608302834863,6,74.32544991093445,0.08207722465815946,154,0.23209300619256576,36.29812130551666,0,1,20,14,0.38634140715616105,4,2.51195700227694,2,7.714538531378794,17.55837128492468,33.20015966832786,5.468055742086343,987.818953732287
32,63657.010706567984,1,4.276013337033373,14,91.73594755969452,0.07547145825570671,183,0.10121340898602282,54.60558855877733,1,0,26,12,0.30291519123250127,1,2.570008049080872,3,4.992390069416755,27.48668983883623,49.88941001074506,7.731014952019376,1261.3260415980753
60,51538.820538949076,1,4.4254551481474556,12,66.51171371179746,0.092504944267081,242,0.27230379395798643,49.231462467017124,0,1,16,9,0.19751051006191328,0,4.496404252066264,2,3.538813513539305,91.93580655184158,23.52988317007375,9.500598350489707,1080.7783236403075
54,40795.43401993658,1,6.493223245768816,12,97.56364829940608,0.06855510229788114,304,0.20855133296395992,59.38376890512501,0,0,14,12,0.2282441360799947,3,3.4737738877347075,4,9.334365905329529,43.722012765820125,35.603425066609596,6.985275629694127,1026.173607253113
50,73086.85992420217,2,9.362806214689266,7,64.59347869564698,0.19146648317636392,285,0.028429168136187066,46.65092617350036,0,1,15,21,0.29955182036232086,1,2.6238458253583574,3,0.5426977371655395,94.11804093492668,40.09112017744099,0.9949175763458351,931.6625990584938
25,69753.01766937991,1,0.6400634660862092,4,67.31573612628945,0.12586686473418204,27,0.10710735175392697,45.39130661507403,1,1,28,14,0.42344569787646913,1,3.1375518571430674,4,1.5262130785023031,39.24516888622668,19.42570077013267,0.8852054971414103,1076.7126985591076
61,58512.36204330926,5,8.247432373470076,8,59.07841968293495,0.07501933381892614,360,0.14958713263483364,70.53641874144277,1,1,13,21,0.3427837860536044,4,4.815860933301097,5,4.195990921766397,95.17746605906638,23.40157635012731,7.315980485380659,881.3887751744959
61,87699.554940715,4,2.9238311041219314,15,93.67419073816059,0.09681865812763188,60,0.1927142311158945,48.5191865831649,1,1,18,14,0.2226585073384984,2,1.4528587064395815,3,6.139576525680112,92.5738987733331,48.489196053138684,2.1532940500346864,1289.5838201471465
22,43948.72850510771,2,4.439194545063778,10,78.93514859821595,0.1707321333747674,202,0.38892787955039965,62.39633486287649,1,0,19,13,0.36483727777097896,1,1.8308620868987657,1,0.08200374806721644,66.05268899866162,2.5822598392037963,4.472393086332488,956.5758022572229
56,37117.12243612892,3,0.21913328775008956,7,60.404761045120516,0.14783114058677457,250,0.22381713061396286,46.619727724337004,0,0,15,12,0.261301516112184,3,4.850114826346221,1,7.19322819311142,0.882704846150284,17.4294870440848,9.766211013513589,808.091553392373
21,49621.378951781335,3,3.0104607783431305,10,72.07579315437793,0.030189409281248386,362,0.1159228110101375,74.99994888841285,0,1,24,24,0.3890408005186841,1,4.8292993941088165,2,5.587265427899148,40.03346819759369,24.824435154594827,8.199067984038756,1063.370262489245
23,59316.209754667536,4,5.026312426301304,10,18.576980242019445,0.05128547195866853,69,0.22206308043071632,39.8249805599676,0,1,24,11,0.5527010418328605,3,1.7086616850590906,3,4.8470275867692525,91.12351296955958,1.0717846603903216,8.465933573002006,1281.8768812270857
62,63650.091739840376,2,0.5617607734743901,7,95.55944726933286,0.060907656298832984,21,0.16479122525461193,40.78784703129223,1,0,15,12,0.264117362905645,4,1.5804352685011929,5,4.234950388278682,88.51102891081148,45.05722794932397,8.607699047280787,999.7656056275218
49,56381.459132155054,1,4.910957293831651,15,76.58506721003386,0.07801500245320957,152,0.2324758239533542,72.86775771673854,1,1,24,20,0.3801605159726371,4,2.6843405373544793,2,5.194870317406245,18.738780009611368,15.025975610395776,6.1954534012155795,1368.889826699898
69,65280.83094771445,1,9.271106288584273,9,31.875236979802054,0.07022883985619789,102,0.2580567687035615,43.32580413657121,0,0,24,7,0.225460666796227,1,1.1988731699518764,1,1.617857344817476,39.91824959691026,13.62753677336277,7.439339238624783,1161.5832098565327
47,41226.90863714334,5,1.0539321810780522,12,50.86637117351836,0.10170046274305389,95,0.32092306472239385,74.0161145924659,1,0,22,16,0.28877362328087025,4,3.6196141291405604,7,1.0871173927698252,83.55099278794717,41.195983572333354,3.5896091463428723,1134.157176006519
64,81656.46906109889,5,7.644407280755043,14,71.56811874884794,0.1367860655509444,361,0.19757135043299742,63.37760869392219,1,1,21,15,0.3029562286872101,0,1.3099840866469687,5,2.8963747875183845,57.78778532500544,14.621178196621292,9.984462265728508,1238.0593874852234
52,58767.732324111465,1,4.096710533759927,7,53.71658481790326,0.1451330144691243,229,0.3638960527599833,47.6802544015875,1,0,22,20,0.2806316339955619,0,1.232118508377123,2,7.095047919853247,84.72992334462006,33.2235071011991,2.7962216965464504,907.6398820964566
57,76759.43747382192,3,6.55173714524338,7,95.86698647372117,0.08366013285503547,125,0.29080226625361916,22.80059791974262,0,1,15,19,0.5463013688775024,0,2.940747744835397,2,5.882878838354964,82.6567384448563,41.253654051196,5.900074033035195,1061.7187601576716
69,65140.88019566556,3,2.6023659798522933,15,88.37145771982308,0.018265324062280194,258,0.12925604551878123,49.71022543592247,1,0,16,17,0.26934069253216175,1,4.831146544440406,2,4.801230176190127,90.7482006952483,39.831365537808246,2.8206167832119333,1127.0732218957928
33,66851.29828730675,5,1.5949226254135829,9,87.19071887035737,0.047979502906412924,322,0.4209855665748464,51.52445080300137,0,0,18,11,0.35868515387848676,4,2.7071837442526383,2,5.715209658959603,11.72205881945817,39.31558613387052,1.1207105056007316,842.5465031863762
30,68546.50920348306,4,1.6046261427122643,11,27.9130612957059,0.07401126051849849,236,0.23269945132700978,67.5082659995656,1,1,18,13,0.10699131306765675,1,2.4259246346422043,1,5.592580130393432,14.521514145351567,5.3432409233965075,5.675858148436767,1147.449269990357
67,66715.62840025972,1,0.7049194564314465,13,69.49083171586211,0.037748277037432124,162,0.11648754960277649,73.82670764360168,1,1,19,12,0.34319965633696103,2,4.991826862009144,3,3.070419254899254,8.280902896905252,4.912501411045846,3.5334867086613975,1259.3672175837328
59,69640.84139801316,5,1.8564670490124302,9,66.04767098781888,0.1570429493350807,42,0.3652913051230422,39.72519231284379,0,0,28,14,0.41420545923522467,1,3.1278758431167337,2,0.9745594724472584,93.52688410954316,16.031731751131986,5.832192675233877,1163.1579955160332
47,79937.28795198648,5,6.642193849889683,9,60.91891091790825,0.0410229470709636,276,0.4077777585198445,62.01772645982274,1,0,20,7,0.2472402657420949,5,2.500965627560994,6,8.967823686630506,47.51623843778931,2.7614461786048707,5.586784766649928,975.2429725763787
36,62947.817545522055,1,8.81690611843508,16,71.69649437672577,0.13085315223676017,353,0.19669747362804396,61.481032340200244,1,0,18,20,0.04897778589595869,1,2.5434432533664073,6,5.999112626239146,6.432528348244815,25.521057089443953,5.422567291435616,1127.220244635668
34,70635.05636382768,1,8.141256855911617,12,57.475235858278744,0.015905982248873102,68,0.14963497396244038,66.10119053615668,0,0,23,26,0.29613482311726746,1,1.779837984134042,2,6.977479996808516,32.15299025140412,20.344321247240696,1.2330112204652943,1110.3620305648228
36,58653.964585691596,3,6.851343098744841,14,84.30441465900437,0.1328600550648027,173,0.1827625042546338,57.48034868203317,0,1,18,15,0.3017183850385528,2,3.0488922297901557,5,4.639972243669551,35.14126411299669,28.29426971461431,4.4018077435035705,1113.3706721835954
45,81601.75823174209,4,1.1043186341110267,3,95.33102708675543,0.09303656466662072,331,0.27147317275176996,20.86253463557345,0,1,27,13,0.37240750507443043,2,2.7554201126720232,1,7.564805799765626,80.95598234767573,15.640638394814832,8.120039393987918,964.4951094627665
43,49854.115469110955,4,2.8918744629594983,12,93.60767476847343,0.17562653511512755,125,0.32778566550305144,47.668663512083604,1,0,22,16,0.5010903035413434,2,2.0831811853896536,3,5.844972639786672,73.5476892170923,24.801946146530923,3.1514349554463585,1122.009889165969
54,87014.10649366223,1,3.0980687532246898,12,77.24177496577039,0.0434218696726835,170,0.25704873308635734,32.66438637624627,1,0,16,16,0.26199463493996933,2,1.6421603464070391,5,0.5380112209719023,68.9387049562569,17.402493527093636,4.438315052920652,1181.0725090793776
43,59397.63074033485,2,2.4995694639762123,11,119.98479392667005,0.07179425996942028,47,0.210172320847177,46.96091340622889,0,1,22,14,0.21437118763397195,1,2.2449554746702147,2,8.900970353936911,2.186355259137873,10.565196518942122,4.93831590320268,1315.8203948577989
40,38538.37346822928,5,5.150056597097231,12,102.7995022900102,0.08147836992947803,261,0.3498011770304428,64.70006354200841,0,1,21,23,0.18330821986285567,2,3.034733310750917,2,3.0553614678788685,91.06957964263788,32.81896737575293,8.627313125917448,1249.103419351484
26,61921.56622366184,5,5.355538148796725,7,77.96883592654896,0.0923749964924844,217,0.1687163526948478,54.577262538124586,0,1,25,12,0.31980786170315995,4,1.2333330891392067,0,1.3789077742133549,21.555526691574155,33.998359173460074,6.555997692260189,1019.76214154024
29,49784.22513787678,1,3.568859751711102,12,70.35455579596967,0.08270095845487546,305,0.30309193383669075,67.2213629959615,0,1,15,19,0.34793542588185017,4,1.6149761143358239,3,0.8804100770431578,62.90614046926778,41.632352944737754,1.00202534837314,995.0945669235372
18,72609.65323483085,2,3.53789158736436,9,106.76054325563841,0.08366607170455066,124,0.17119372016487214,55.126308810703094,0,0,15,8,0.24543446056374155,4,4.790629067876381,5,7.2044031384211085,6.181904301141916,43.86283737453252,8.651709858050213,919.876385213544
18,50210.640310464136,3,8.285555979060813,15,100.15161365525466,0.08284687283071686,293,0.24310229580108933,30.52511090496646,0,0,24,15,0.37786827457257893,4,3.171421404125356,2,7.039683668043598,8.152609187205451,35.51863331402786,8.3206597548209,1185.149107979599
64,53307.248501778304,1,7.892928483196856,12,51.79145592351541,0.0,162,0.18864374352095487,12.187294901408983,0,1,24,24,0.34653840768191757,1,1.2537972146401515,4,7.0016212481327065,0.9577296130122148,34.687406248178085,7.536459805991754,1132.2986619806939
51,31656.889035817036,1,3.0779583168074565,9,101.71642638457492,0.14966672508038842,201,0.19441478173471893,52.232131425193856,0,1,16,18,0.304323168964489,6,3.772351035078292,1,9.15752772681566,56.59276445453306,3.7771076014871525,4.660580183188376,983.754572458246
49,53215.405211263846,5,9.137884438732593,7,76.91252930552142,0.24305682838168421,275,0.16226134825377903,46.79110300473252,1,0,22,12,0.20975852792558744,4,1.247211480316139,4,3.489430219976515,62.93796696169047,6.379182831450405,7.5754538348580684,877.8679396612351
65,23641.81010056565,1,9.52815017002506,7,62.78176938813283,0.11491355523004941,206,0.33448540311806946,35.34581390927177,1,0,21,15,0.2518135684515277,2,3.955496908185492,3,5.611330563589232,5.046230323322876,40.8155728091528,4.787420626427572,867.382568312055
42,36241.45764771415,1,3.267425420300408,14,40.415882815186734,0.04321245760708531,40,0.1267073961891465,24.490591255229333,1,0,20,12,0.05702447023174548,1,3.9998508868801075,5,6.194955829943495,29.04848847640389,12.414611819557946,7.3662353432716285,1183.3559699287832
57,71406.21984216446,1,3.5442494879305486,6,74.62167610604398,0.048273068457585645,273,0.12597677474512917,38.978851797909364,1,1,20,15,0.32357870641980335,1,3.6043159029970107,5,9.794818285664626,85.14544141780166,18.422687950637066,8.801101649725362,921.3224680014824
62,71787.00237976249,5,5.056341534219588,11,79.7554482956015,0.13065870009457842,188,0.41209935658451097,47.08262772702836,0,0,23,11,0.3026341288747435,2,3.928818178477399,0,3.1234614371859184,10.130836682291411,8.119570330117964,8.905415851305968,1149.9151811481036
18,66381.86342677448,3,9.411208125336735,11,111.74655308220434,0.11927347379241217,355,0.2977847564654332,59.98816735559585,0,0,17,13,0.3188478991089486,4,1.351863124052231,1,9.563311999039405,21.654716455333123,10.562446460171032,4.545785741874546,917.3184353673086
33,45495.3578530618,3,8.763194331423115,11,99.14467615497372,0.08578549447233308,93,0.0,52.8294662235197,0,1,19,18,0.35043190155645604,2,3.9071222094210705,3,1.4873433308238138,42.439120847242705,38.99544453314011,8.593426793520292,1170.7322241728048
56,59284.3296578703,1,1.025679625835898,15,68.3422655724793,0.13767021854395928,42,0.14347412607895965,74.12100870759093,1,0,16,13,0.3385821486432223,1,1.5467532788955318,3,7.64001456027842,84.2274102633116,13.831121356261376,1.0145738050771314,1230.00590553762
22,59945.96191364148,5,3.927307432714162,8,87.78684788439475,0.0,107,0.018801066243794573,34.465939159319085,1,0,18,23,0.28896168193539645,4,2.3580236290873753,6,6.328859000204128,25.484905447520422,23.002713346945317,1.0181941748678103,971.0788056656314
39,42624.52966211186,3,5.533711897497718,11,96.52498845345647,0.1377031063615562,328,0.10493093065847449,63.2158833808615,1,0,21,10,0.3048668043162752,1,4.7709810140025315,0,8.168960372719875,99.71370153633421,8.431897279902724,5.4826694686748,956.2705067148771
46,82550.97452650726,3,5.0313247255154,10,81.71914776034431,0.11188805822974465,65,0.0,50.70948114693092,1,0,19,15,0.15956835833038305,3,3.0115019106365604,4,0.2868557363984714,35.52618131385283,34.21856540948883,6.5184461845626895,1000.6626041858592
20,73160.43435863507,3,1.9386306793689267,8,68.25691681937592,0.05020260046083838,309,0.18630104223060578,60.42003686177877,1,0,26,7,0.2416279354310574,6,4.869705728332056,5,0.7813104293905582,38.64486584836231,36.68521697254033,1.529937759784027,1068.9226377600799
29,56685.53739255504,5,8.588167711681546,5,69.35655087513109,0.02833380358096578,135,0.08580581808386885,43.45227705101685,0,1,14,21,0.3050471053683461,0,1.3556898355469502,1,0.6969577956914585,12.210620423079433,18.722923577036976,4.72180044805993,917.152828591861
43,60403.28758491796,5,6.769407829968373,14,87.70946140913904,0.10606636413728138,24,0.20599052567964385,66.07520560835884,0,1,25,15,0.2264146424087639,3,2.9102263982527203,5,5.929594554972878,68.01979008565307,39.452585660014776,0.9436266781592306,1446.560124354833
33,63125.74211921329,1,8.379083748518037,9,88.25961131050094,0.1703619068383882,28,0.03748787411174753,54.42837137517864,0,0,26,14,0.3860150795872546,3,1.2496092811074826,4,6.029360675755379,24.34651827844816,12.755425944184196,6.020994855533104,1121.5311668153101
68,29373.97697363564,4,8.587642793494721,12,74.1409076847291,0.0885953384001483,62,0.208291185317204,39.80832522623376,0,0,15,16,0.23413679190449693,2,3.520841049597139,2,9.061048893549762,62.88675952950463,34.90328924290765,8.55094036752848,1088.683727074497
54,56292.339262191046,3,7.483558536657398,11,27.616955898933213,0.05736574918835802,273,0.1585083721879673,49.81963956630218,1,1,22,11,0.32163054112483164,0,1.3148280054740655,7,4.67603514518445,22.31577284029266,36.768264489602245,7.376389760195238,1152.834349484866
39,49770.23628003302,4,4.392106012497173,7,54.189545454174194,0.10956441300681265,229,0.3501952965188596,46.406662115943504,0,0,25,9,0.31165656568153355,4,1.7014712101615093,2,0.6804905500496394,38.78722672264679,48.464211511650035,3.7829155242927124,889.7406712709827
46,44975.69985157627,5,6.105467550154246,8,92.39377843224224,0.1910435905061737,20,0.34113568617456247,57.33767525956691,0,0,25,13,0.374627759361041,6,2.035321240277122,2,2.0952940162251545,85.66720919544176,12.383761594149098,9.937937966371216,1054.0900297633034
31,55783.495606710676,5,1.6036540611974315,10,37.383240052882485,0.12156499065318582,3,0.2785345603010283,32.303348759382374,0,1,26,16,0.3900791174028302,3,3.994975406657933,2,0.08073094817842907,73.89059114740701,5.591813522094884,6.6293497646613675,1244.1923025120705
45,86965.29790274284,5,6.736454174749077,6,103.6836203273443,0.1269700994104704,218,0.16733862193387875,49.559724468264584,0,0,29,13,0.36940326109679394,3,1.655848475272299,2,7.76714525128405,15.459089994372343,13.888735692199543,8.15248434442479,968.4414227250272
22,69612.64291900514,4,1.7925325573928075,10,100.72314522277009,0.1611399317985278,307,0.39853803952602934,55.929608789739966,0,0,16,11,0.08939937986168661,1,4.386528213172271,5,8.155994368807745,60.77081673741014,7.020247632523834,6.696973872917327,904.0708447573653
64,51432.31515325805,5,6.939495905101568,11,80.82192763866412,0.12362786996919113,136,0.04469647221601794,50.4953496078955,0,0,19,14,0.41941481480131265,1,1.5276157553232035,3,9.97940416284136,62.864065167380936,9.315021116221173,9.894162910871266,1075.2140719928436
66,68588.74172034238,1,2.2959816075396864,9,91.95862068457215,0.06095151464199229,3,0.05964413704363375,70.20411866583493,0,0,17,18,0.4527308224194598,2,1.1409777962806253,0,4.121944490530943,9.056847350186104,17.371611080942746,8.213597672177729,1050.0700033923156
47,80990.33154879004,5,1.1755130015021997,15,90.57549356717772,0.012771752405098188,193,0.19162169001109355,61.610341611065785,1,0,28,16,0.25178757156785303,2,2.5801816758786713,0,0.19298375401592516,46.58056543359358,21.285546589378043,5.1942321789544055,1388.2567946679062
63,73869.50524369153,2,1.6528449014295743,11,77.66253743267575,0.05391734401108689,73,0.42540381089211193,49.8877880488888,0,0,18,19,0.323664691267285,2,4.917766567885181,1,2.347298814903722,26.06683956676079,45.2824870618176,3.6687956283758982,1263.3924828590496
69,60894.45554880261,4,0.01992135219070268,12,52.522217648228605,0.044763684745116265,361,0.17976610931299125,53.2503364624651,1,0,20,17,0.2109168319869218,2,1.441368911155109,5,5.877688676632959,46.7130142763483,10.585172803501033,6.8215482914884245,957.8108348551466
22,50295.94833441639,2,7.187396178535303,11,99.34545950123373,0.1329654059755664,118,0.18167547567907183,54.43498327222999,1,1,22,17,0.10516214932678486,2,1.4068737761585162,5,9.619429670527364,77.70709913228751,48.616189820139596,5.902218088070089,1205.9881565161206
29,70473.34970420385,5,7.324010490583791,10,108.1446002276727,0.13991740256745538,154,0.05580896438881908,56.04949406250236,1,0,25,16,0.22612847344576137,4,4.004666043182496,1,1.0357855147079431,15.825955981031969,40.69750728491241,6.293505910275453,1101.1709692619431
33,65902.28078132625,1,5.149333499132594,10,55.828189515153156,0.10877860308577442,209,0.2945929585270379,22.61513006503088,1,0,28,14,0.24598609605363897,2,2.248646775974261,5,1.2157302016074278,12.330420558804377,44.19209810477861,3.43011766283757,1131.6243035389643
43,73427.89830041598,3,1.613628010553837,13,51.77489989660601,0.03656540115784135,34,0.2953176254329354,45.477105563459794,0,1,23,14,0.2645149268648184,0,3.8691264689028677,3,7.017589852789429,26.931649510577294,46.542755497271926,4.287284205705545,1300.9115057080596
43,69527.57702522955,5,0.8355433751068975,5,77.26406190485318,0.1893298511963348,137,0.278907520139991,27.733413977098607,0,1,17,14,0.2041085909994012,2,1.8000423577734534,5,6.672070550215495,95.22754503465832,37.908818659914914,5.580965748906498,886.9870758251296
65,75743.29072979002,1,0.1912896643728701,11,67.47550808727101,0.07918948930802058,318,0.13707793271526375,69.17421421189229,0,0,23,18,0.2266574833182761,2,2.8402879767926517,5,2.5050635531183305,74.78242111849663,39.65021174923599,8.39283401921843,1052.8479998827515
38,51971.47182659148,4,1.657481769652207,8,82.89898480410918,0.13017405051507686,120,0.12932932316269943,49.087257199956085,0,0,26,8,0.2988993678371592,3,2.0611595109956715,2,8.131447910145189,1.9455862814546587,22.453096533675357,7.629089177629032,1008.0231987932909
56,79760.91098451489,2,8.908555349831467,15,104.15988079720773,0.10246624183497796,115,0.07068777495950296,47.099885754805655,1,0,23,20,0.22297730168898577,2,2.8061128595163476,4,1.287787554774632,40.100484248337665,26.012061499135953,1.1865587050279036,1281.603871813799
53,62963.994070386,2,2.4153684170168175,8,35.086591234550085,0.11043317416249573,13,0.20838725017609339,63.45195998049853,1,1,15,13,0.35435243325500276,3,4.076388370341215,1,9.257418447767598,25.73979790803852,46.69178591156508,2.4555425001939177,1060.3512610057558
50,91128.91308937898,2,3.542713272172157,12,111.6254390323831,0.1284092001670199,69,0.09195926707214984,56.33487196174812,0,0,20,12,0.3681660651397439,2,4.048039761910647,2,2.0103193033242137,63.81445683721739,19.534539666079823,0.26657724933027427,1167.2286524237716
47,49662.18272865648,4,1.0534548448133318,10,71.8666311624616,0.0651989919199524,333,0.08225834947507114,33.07048228431189,0,0,17,14,0.538038774616449,4,3.0630891506948945,4,0.81352372723005,45.92924535341931,3.0554065801461525,0.07960567965591414,863.0509523147543
54,86039.45704747873,1,2.223613047481703,7,90.23557957300989,0.1652701213132583,257,0.1576309283089324,48.93641956208947,0,0,16,15,0.4125679932123462,1,4.713487374884204,5,3.3952208647385462,96.44985248639408,38.374964888263875,2.2437546928024177,853.1779442014644
40,62968.66175193972,4,5.192245707802051,9,92.37451676208931,0.021024729145636356,89,0.1510843824815784,44.97249540160423,1,0,29,20,0.32431030583284143,1,2.055136409793096,1,1.8784128853454496,21.89784509842382,29.084718074158403,7.993209480093296,1115.6674885101722
27,50228.72994578327,2,6.077526830956526,7,94.70682308395592,0.04807218469820578,47,0.1462021471178045,23.832006670909188,1,0,21,14,0.23797357033323213,1,1.9612454044769323,1,5.269412250360329,58.78564159989407,40.92892215482227,9.04747658174387,1014.3633115954752
22,52741.71248918518,5,2.4535231416621106,10,81.23816208059993,0.16462146871685412,260,0.24664445968402615,39.645856501441926,1,0,26,15,0.32937473516739985,1,3.455225604701735,1,6.86846537371726,70.02100149902226,4.702012063937143,3.9176836589859807,1133.2016794080296
53,55194.7903770852,3,0.5773215922511721,4,85.91121203573492,0.12950023805522357,228,0.20790478021502792,47.24689516975302,1,1,21,15,0.3326595959916356,2,3.4851881368671562,1,4.909215784782912,82.55644893453817,31.4403675333137,5.631985966066786,905.1256584719185
51,66362.48919602875,4,3.9103286912739863,5,85.78044101210806,0.2270195548840717,180,0.17118439694888823,48.27573602762236,0,1,19,14,0.2486686910994339,3,1.186160158259896,1,6.606073318109776,40.697103042800705,13.137588511547142,7.060526019553808,933.4786869430236
69,67842.5323205325,4,2.342033709263341,5,67.39434398441105,0.10341752218265653,10,0.2183012928311482,27.76652864484037,0,0,24,14,0.37837313967528774,7,3.4311108495475904,2,3.6492051439998443,68.69219076574815,45.26016113022972,9.529366992517264,1041.8517417245625
48,51394.49994092131,1,2.195539232298019,9,44.838896171256046,0.18502146482295465,284,0.10084729588953678,67.27498374571213,0,0,23,18,0.16019019853181246,3,2.4977446293960575,2,0.2792259723863999,30.320147138428275,6.385587047345538,9.129322372974316,892.9794117771544
27,59634.68111608526,1,9.598628027134552,8,55.61628344469611,0.007126060866829834,126,0.2105278623909678,48.468454116628415,0,0,26,18,0.27556001644624895,2,3.9897701012822364,5,9.740641242251492,43.547609236182026,42.31039436352809,0.5719230338137993,1163.350688532818
36,92134.05537917795,4,6.16300485925724,11,77.9152404100393,0.02932425134014026,134,0.21506024928446338,50.563296149908446,1,0,20,14,0.3555858459317407,2,4.2324226581810915,2,8.194135045399953,89.56271312033992,5.339158346623607,2.481658432092808,1064.9489273011743
49,85913.14755151067,2,5.5687844317209585,8,64.2638668620723,0.1447762768708487,155,0.04969531406425193,56.00962457509755,0,1,19,17,0.2712415852407903,2,3.2086152781881463,5,0.7341882408462808,94.99076093309543,2.229770419352907,0.4914454395517709,1080.3341188896766
18,66544.85504511048,3,4.157751035233219,5,64.3100785522093,0.012981608719275742,248,0.2995693754370362,38.178856191444936,1,1,20,18,0.27932455965707287,1,1.0068201260090603,4,4.491763961563344,71.88173469272647,12.517912072054193,6.165424209890514,969.6136055613772
22,60570.05217252301,1,4.289443334301443,14,115.9850209137239,0.09013161964952554,140,0.11185662947730046,56.84533959699044,0,0,19,18,0.28622141388077194,1,3.5454632406665683,6,6.350190700718747,37.4351890776185,17.319182505407504,7.10493316472639,1131.5293363660946
62,61800.46990077392,2,5.4090500383808084,12,97.17789593319746,0.15836045418235795,318,0.2090309799206435,44.49388030972725,0,0,21,17,0.21643987593122543,3,3.9955251186637373,6,1.905942705726379,82.00577899746641,31.699909818781688,3.0828341235651147,1097.4121669708893
21,69202.76959095625,5,6.964298070361073,11,74.95848068180052,0.12505856322443343,176,0.31644117405352706,36.551216890292125,0,0,15,17,0.4173900931574208,3,1.995933064926057,6,5.779886113627715,2.5867081725420182,7.454505270691636,8.538519081332145,1055.0388307210278
33,44658.111522023915,1,7.021460961818295,10,93.44069891310883,0.10055476101597897,323,0.292567675771387,58.60171240033098,0,1,26,15,0.19819623280771848,3,2.858584004563155,1,5.336486181176871,10.274591053942107,22.429166745962675,4.528127504114977,1217.914821819891
41,56139.35193864982,2,1.7169390770544957,8,71.59462788818199,0.07754462655853425,174,0.20343333885688356,72.37510788202712,1,1,22,20,0.33181593274098853,2,4.862906493647153,2,2.0826518853470475,66.13737363753611,11.008916503040814,9.983815150970125,1085.7822163494973
33,34971.238891836154,2,5.0011275207662695,16,82.21446868372993,0.11011129372959824,74,0.16375009971179316,60.872440602287476,0,1,15,13,0.34136478982823737,4,2.192462213576414,5,1.4121030927745326,29.124857527005744,42.909862755806095,0.003996925893249292,1300.20021157306
19,65988.34683907918,3,4.119580950341019,11,88.83257296837832,0.1288624186187765,351,0.29475119085755674,63.844663477106465,1,1,18,16,0.2051378098791033,2,1.892613004166963,5,7.589622896186374,95.13862184004778,3.2033588896139435,1.0948970841855665,1028.6411133807505
66,69707.93909554112,3,8.705269662693842,7,71.64788064456243,0.06695528315069085,143,0.267469497780862,42.19054090156551,1,0,25,19,0.3073104254380743,2,1.8434191619120406,2,3.225864461496337,43.606061209230475,18.440948607737532,3.0179324293534036,939.616223489292
45,52752.20306550939,5,6.314189212183764,14,66.29498904925809,0.11858680140060238,292,0.13816349799558703,26.035704062473155,0,1,27,15,0.20903678272552978,2,3.235203337415985,5,2.4404053384224333,42.9364820389177,31.937329918486334,0.25507597953713157,1257.9104426080562
49,83609.80144935049,2,5.325040664159818,10,104.47863636937008,0.15392153720993554,112,0.12051063529983097,72.35206283149762,1,1,23,13,0.4391042475055945,1,4.799148405232026,4,7.378783528059887,67.80795101909312,45.74132072454501,7.8233945773825075,1168.7181233817828
44,41613.51505496488,2,1.1539464217891737,9,92.28225934396212,0.0888760933350071,206,0.0,80.8177233410714,0,1,21,15,0.18612170630237868,2,3.434760516801419,3,7.36068692022982,76.75685623061896,43.531677712000864,0.5277178787128722,1064.860705816357
37,38034.376796852695,3,6.056378893234115,16,34.90778243414566,0.10340614250703259,131,0.21540318416835874,73.14210160654522,1,0,20,14,0.23461029057680355,0,2.21329248095064,2,2.7640165633622917,47.55587381251365,44.86440797634101,7.489796332938273,1194.0663630241174
41,63366.77727839958,1,1.1720390568023342,6,66.6372813993678,0.1241889417001389,110,0.19173022549816016,44.963210915303755,1,1,23,15,0.17757749916444193,3,3.5542791122698163,2,8.725684612518537,21.400090171172415,4.079811390466123,0.5256845878954941,1034.9848332417814
29,75706.47453918232,1,3.3720657556575206,13,64.37455000611212,0.1275667108044872,67,0.31361913746425424,32.68048491906734,1,1,30,17,0.1642301273132448,3,3.4993691903911497,2,6.882501650723424,77.33086427256217,42.20523981170952,2.5272726465304562,1445.4727848320404
67,85258.91537186803,4,1.4284196481433187,14,67.57723822375205,0.14392267864992198,86,0.23590550934803667,34.0147595327065,0,1,21,15,0.45912152908822934,3,3.387700542918617,2,3.457642178215381,32.03512748736276,39.215716348661836,8.412768156585296,1360.7954431801452
52,53116.7360569659,3,6.920736470243689,15,97.2480457751779,0.04928125220090251,275,0.3334229194172691,24.74401148578927,0,1,21,18,0.3542774673912562,3,1.637704827553208,3,4.274896501846589,17.51107692938576,45.219150814505326,9.510952942377243,1182.838560725902
50,76180.21250146943,4,2.062521138361526,6,80.38411936007383,0.07355387488073449,227,0.13026357720838294,48.389320723849316,0,1,23,15,0.3140293425700544,1,3.5382671973799766,6,7.267096859306178,63.164018992501326,16.267237095642066,4.145263426605123,1026.5686572101815
50,59422.372957489395,3,3.91859373188026,8,52.20740658288909,0.07540606539751732,325,0.31381503309676184,74.08516937123682,0,1,25,14,0.23434230366530784,1,2.7206578100579986,1,2.11583832895492,9.04536669903504,45.67649020739497,9.699389643125514,1039.057450958781
68,57410.59050088771,5,8.956747776187786,13,72.33570326082769,0.05480439174186616,10,0.14710836208953448,47.87506052191635,1,1,18,20,0.39076118110467684,2,1.0743682344921335,4,4.687607924752241,97.1352675086055,20.729413169235944,6.268809237585425,1271.886256601985
60,73254.89906230009,2,2.043163833989703,7,90.8347529523238,0.010079303932109263,355,0.27775960617922724,54.534843505224124,1,1,20,19,0.2175777560632547,2,3.1590579485899806,1,6.535583422580996,63.2397264412137,32.070884590764194,4.158351224329314,830.8994134804244
54,69784.84317620129,5,5.078050639587791,10,75.60709968932491,0.0,288,0.05412416074693066,70.63395446456313,0,0,21,10,0.3793639294330103,0,4.9570669808736705,2,5.394985480087132,98.58955209217558,21.784770569142918,8.02801343967917,1067.0873946880063
29,36354.117645236256,3,4.19271661166022,6,67.10648097673017,0.15977263558764904,112,0.22351352993661885,43.938570322514,0,0,18,21,0.21274887233943635,0,2.398958363375934,4,6.0832834590449325,33.889342347863604,21.95477309526691,2.9532852014020117,904.2259513422887
20,82148.10524588844,2,0.18124041045729733,13,86.62438557477057,0.022305349777622857,24,0.0015312058554090013,80.53297185079393,0,0,19,14,0.23554922981243281,0,4.862236873274632,2,5.462124994767796,97.12051611903979,27.785213920950177,2.6579626136021837,1125.2394304971067
18,80701.37031221177,1,7.927581135728127,11,112.36384978878155,0.17832545633529542,291,0.17328625140582454,79.8814161124618,0,1,31,16,0.3758282386117921,2,1.3848229666503782,2,1.992274437900201,14.556224772862357,18.4404087714203,6.565476769110743,1245.5024314058778
50,50616.55947735706,1,0.6904590631459973,5,89.22849665917037,0.13697047443082314,339,0.24403539938779137,48.03332991979276,0,1,18,11,0.3863827344155767,1,3.929800463469225,6,4.102053449726214,4.069477234702845,39.84411271919255,3.9048736196809495,854.5577463167467
57,65937.05300156113,4,4.7425502097695365,15,106.01883026063398,0.07971558100968734,326,0.14790314487689044,41.33698603971181,0,1,22,16,0.3597472933896761,3,1.4573199786513413,4,5.319854954775457,3.298406045460256,32.048298035346704,1.3591802694497956,1303.278848131532
27,67410.45279424108,3,5.606782949389499,14,68.44771564270194,0.1308211052407367,168,0.09495623712440326,60.4585706958547,1,0,24,13,0.1950325884243205,1,2.0942862942210967,1,7.800627423459461,46.487037059922706,34.79803231540834,0.669642352899088,1203.7923805840073
60,63910.10648735861,3,6.284264566145871,16,79.83275777751878,0.12125666233568608,109,0.2846118469295934,44.78712586221713,0,0,20,19,0.2553273134277171,2,3.2833633412884975,1,6.539042371695426,8.300419747859477,12.320705210866416,7.878425762484773,1293.6916014398555
61,51745.422692318694,1,6.886316293078756,16,79.42896030928635,0.04491128185301131,190,0.18965372101530767,32.65167174398995,0,0,17,14,0.31568987411985133,3,3.3711187759069956,3,4.265909451859348,51.216788416760174,48.50918913558823,6.759107318023446,1175.8250974015682
46,49925.64948092923,5,2.532723835227151,9,82.37358168135383,0.09925111131851848,355,0.15104293529693286,69.2185798028447,1,0,19,13,0.21507190380899083,1,4.100845268936685,3,9.743998321591455,32.75005035089005,33.3486287908753,4.117982246066033,923.5677315957888
30,59616.688935128324,2,0.09978776658449373,8,88.81039212761831,0.0510080613729254,196,0.20418959211542767,68.2467108091562,0,1,11,10,0.43709627601292933,4,3.461245628909757,3,1.0779552167972517,33.56289924741156,10.662597361989189,8.962276351710566,898.0741034068577
29,77590.93528889047,5,7.2344366235491195,12,61.62061757890444,0.1327064001085546,33,0.46366691419455885,52.33267405645341,1,0,19,15,0.0598053056049454,1,3.374458817522243,4,2.068048685549684,63.56089965451698,37.77402193008066,4.108567524425996,1160.2562379540364
48,68154.00231891648,5,5.356565993475786,16,92.94665371026957,0.06423895241003061,205,0.3153502849781544,31.05702869407733,1,1,18,12,0.2221260484630847,2,4.649412347956553,0,3.4131261003166404,16.30980061516202,9.511991057173512,7.102954714653835,1308.7898629949461
63,54440.78501870841,1,8.361177032072488,4,47.442281220895666,0.09516852319016639,312,0.316257366818784,31.55710623173921,1,1,20,8,0.2490433497130168,1,2.8086430088366288,3,2.2857207698791013,76.6553370339731,4.105859918675911,9.09115275207293,792.9171571415294
19,71575.48065972517,1,8.213883629006943,8,53.28486674986637,0.09301005404946253,182,0.24355463189923643,51.60843932628729,0,0,24,10,0.015605633522823181,4,1.9010631147802202,3,6.254419968060113,58.20309197786347,26.85011641114588,8.407154587084435,1105.662303613814
68,17271.86069054887,1,8.433261677878832,9,122.7125220234646,0.10607895002696911,147,0.21664852725771472,42.50193448242452,0,1,20,14,0.1603770869763809,4,1.647154340094521,2,0.3955072933625525,91.49446288475109,28.122673753955013,5.111047763395789,1180.162008931542
67,77231.48550558156,4,4.850946599795401,9,69.79758521042248,0.18312775405570111,268,0.0,44.88360601787588,1,0,13,9,0.3625289512542068,0,2.599978387237999,5,1.7743678427341592,36.48406537675234,10.25931316184833,6.806363924467327,826.9003145255717
52,33904.293318328506,5,3.3362839583686563,7,94.59038701972405,0.08795197085720409,11,0.1321019653536868,65.32944732590005,1,0,27,14,0.3030283636552964,3,3.851011020774783,2,2.9334723765860438,98.27149920671255,18.07056827031579,4.13665776727369,1014.789005756195
40,54563.38587895302,3,7.9155820259137,13,113.96580784853913,0.16089635709872577,70,0.15194255867975257,60.997689761338364,0,1,17,15,0.4573136022042903,1,1.1701739397196036,4,6.833457750793165,57.58276467140232,47.34269548825615,6.47197172294114,1244.7984276283821
34,43204.95158060784,2,4.51294113029255,11,33.710878424430476,0.12399984971675189,256,0.012510793595246705,70.6721402074642,0,1,17,12,0.4545226445884819,2,1.5162135460376245,3,8.75864882581128,97.34019561875338,14.965158372287005,2.575524383453959,1023.2781649935514
43,40579.77786418641,4,1.834421964034345,12,102.52492360311419,0.17092012730182915,219,0.08425842097845665,35.14065164934114,0,0,20,14,0.34330463786039467,0,1.4244538404145577,1,7.9849177055305445,2.706065404711533,8.622834977503064,4.347421137695533,1118.484965559308
25,77412.4018106778,3,8.549740195614744,4,92.97887212518542,0.08307821075925904,297,0.0019163529077365904,44.85212646969932,0,0,19,18,0.3313238249000712,2,3.341000612205835,1,1.8208093325025487,72.7976322412388,49.63553597460725,2.0954573760183903,703.0297722207786
46,52984.48198032163,5,8.825598767723474,10,112.8079456186608,0.13480681209847842,362,0.19616761643026276,61.38472543190169,0,0,23,13,0.30659311085789004,3,1.971458602125065,3,5.654057584410691,81.66215242927363,15.81297128264287,0.38184952679548023,1003.4788866753344
43,65197.55822596073,1,4.663097561401701,8,56.369536766707455,0.09703659886998295,259,0.2818765970848816,56.721175115193375,0,0,22,15,0.03449179821205095,0,1.665037713205586,1,0.3002264534468724,5.3173286676487574,34.332429984157855,5.885398505753723,970.4002345231563
27,59296.19131681224,5,0.7569972730978747,14,109.02509313909226,0.0,3,0.3106774518624329,72.98570573881433,0,1,20,15,0.16054404866739244,4,3.3710828789720892,3,3.1053677535286117,57.896966401624574,12.346448890524053,8.644293453507977,1335.6866952195462
43,67155.61240834682,2,3.8782608991693124,11,65.2117113679462,0.045507820748976226,84,0.24147844620792414,56.30805058856104,1,1,13,14,0.3100675503098934,0,4.045239661809517,7,8.059837948283267,80.19422935894484,27.95593865233308,0.2557827462319151,1142.2913678579891
51,61152.32836590383,4,8.035376594626033,9,101.09555628553314,0.1291188472976376,156,0.1036603658801431,77.72163656158328,0,0,18,13,0.36160257087476716,6,2.3286196658106575,2,4.5666571374333955,56.10387252230728,19.927817343871162,1.960297407292959,1020.9149184459575
68,40755.11663717146,4,9.017740285462287,9,79.27957928491121,0.12581324581399994,151,0.006793484148004042,58.10026702584711,1,1,20,12,0.32896698121381407,4,3.3128184227063846,4,1.4994132227583457,6.381359040546664,48.11738379680024,4.601850592704199,1068.378366123999
58,74944.0022917071,2,2.0347274249759586,12,95.41537612870277,0.03525113056825384,176,0.024313130059849808,65.93251171382991,1,0,24,13,0.21075350322843422,7,1.3924976527978408,2,4.385533814883127,69.34472408983115,22.207487852973898,6.6589681684225335,1154.2342967233524
24,52593.65125258031,3,0.6697361202527152,9,80.97738366610307,0.11101837744190018,195,0.07310174227455016,45.147275798233146,0,0,17,18,0.39374062824694955,0,4.74076412183028,2,1.9803292546222828,6.059691467330863,29.624535024904485,1.7122919366988643,896.5686604371044
21,36651.271520103735,3,8.773504531328387,15,43.21196831626542,0.12516301132627528,107,0.11111403019643254,50.214308178259834,1,1,20,7,0.44824440287546363,2,2.3475847412590913,2,3.931914578639628,81.74688950164385,47.29354702910721,0.5669482897062428,1364.1881309941925
67,53578.27258551131,4,3.894049389788753,11,17.589119541124063,0.09826672151311967,134,0.18402515020084134,63.664166057592126,1,1,15,18,0.39379896002913395,0,4.9900227726940045,1,4.878334727478434,4.303418330669439,49.4724806969598,5.190487177268892,1163.914983814153
62,82511.39685951466,4,5.417609642675632,14,84.19831067966982,0.13644093188298181,276,0.09858357818730318,74.19467255889582,0,1,26,16,0.3989599329590471,1,4.914351023399128,2,3.4955811251102844,13.73973810103708,5.981259836244829,8.187097130573088,1254.662535503659
28,72753.3261317024,1,9.680658120507589,10,74.72529924737304,0.12962776539643844,352,0.23389758936682617,60.93855423966129,0,1,26,14,0.2440774202044789,2,4.115293797343246,4,9.36968950433861,27.51075905232685,41.881714890077056,0.3523490931277129,1103.9918416629064
46,54770.21798388211,3,0.6656472791422285,5,87.96441902840587,0.09824282102976463,155,0.17677264972005274,48.752423420980705,0,1,15,13,0.40759341227007995,2,1.0802683816278669,2,5.6253029755638195,63.33647922608,19.72370821517519,3.493694503590259,961.5075566914991
53,54761.13443522357,2,6.483180074520956,10,74.9569306831285,0.07445875905679408,277,0.20105457117410258,70.66002544292513,1,0,19,18,0.3145758639327657,2,3.173899681537453,2,8.428926739468967,97.6359099631306,30.146606604075025,6.635147427933353,921.4065853569296
42,55175.47423173926,3,0.7410542257486707,10,120.3615476543564,0.1521270796046255,236,0.3140250552671205,17.120320155801785,1,1,24,13,0.35115555285220046,1,1.347345681760046,0,7.607285470555802,11.782285261993442,19.37735586880703,1.30742006102467,1174.7549079322268
38,91151.21975341262,1,3.7546892846650035,14,84.6107425565661,0.12315810489394108,240,0.081976826579963,28.666482477396897,0,1,29,17,0.3365431842824709,4,4.580552103846065,1,6.611663092677765,14.270766921391843,20.654694077084823,2.359467768927568,1304.05120794501
53,65729.0317834733,4,8.038145451934467,13,71.06104544834669,0.030928367373485102,13,0.24187045782923686,60.224513355025834,1,0,16,17,0.2878512894559589,2,4.158545010589611,3,4.9688874830258225,36.887039670098034,8.784019263270466,5.354926437862661,1281.6271247531313
27,66450.62470786604,4,4.334722327556344,10,86.74726132693732,0.11104488280406938,342,0.1986026771523927,50.211625343796875,0,1,13,11,0.2139997524877698,3,4.889361506382732,4,0.021737837815875016,83.62191377553202,29.06555646296543,9.532316963642181,957.4804192942935
54,75454.25181047764,1,9.971823539029504,10,71.42650406237388,0.04244876452711332,35,0.16665137190303048,59.08270476686248,0,0,16,11,0.29178633364459533,2,3.4335318125991816,3,6.134676005520838,46.72309527508142,27.78908135129151,2.8734261824375604,1133.4539148068454
26,63581.8373853977,2,5.590592849466022,8,81.85860468227975,0.051771603378541246,47,0.28852563208659604,50.966112836479134,1,0,13,12,0.39867616174828224,3,3.088691217937352,4,3.5595745300249773,32.16106002558217,10.278433638381593,4.8752742122071036,929.3122830436399
41,56114.36781268945,4,3.2116215263595347,6,55.65039625528331,0.06740449823071815,214,0.28790141545570075,58.56418541905809,0,1,22,17,0.255852419468709,1,3.0758954237775504,3,1.177621668013188,56.120383220886126,27.54479103736313,3.9993086306441827,934.8270330404746
52,57054.75226372533,5,2.2011132590475313,13,79.82829596280789,0.1022436617829851,146,0.10535092040115719,37.78395768510214,1,0,23,20,0.3893347262608146,2,2.5457934978173795,7,4.446262636120776,26.052319744575,48.681992248923216,8.9739667203008,1171.5266723152747
66,58925.98110878904,4,3.5052053428616183,7,70.4429520792965,0.11872427887956429,159,0.1817839416142076,58.55729129119536,1,1,14,5,0.37370706706176715,5,2.874760268916564,1,7.3555332228330474,40.115990724752095,36.0060211968357,0.7188986403111564,960.1462104466059
52,59441.66645235238,5,3.725332737595508,10,57.54526749262641,0.07955290553793642,125,0.22812116825840656,64.91621792311376,1,0,23,12,0.270106260298017,3,3.5416503325414013,3,9.616777946987039,33.260514923204184,24.568145419584244,5.661475913407643,1081.1593321173355
65,70914.4431545547,1,0.6871367772396098,15,119.51471736145285,0.08174086918531329,110,0.17269932519774156,68.30825905896849,0,1,18,8,0.4388800103619577,2,4.731790430225109,0,3.74104891122082,80.41410224146459,45.88811529348739,8.46119699189944,1344.8309806807679
53,60779.18828710949,1,3.6957419942677316,3,58.32529260119668,0.07483781723491595,37,0.25850213322877985,80.2033144197305,1,0,21,13,0.2644453328809294,0,3.383537353024124,3,5.427232987049767,92.42557264380008,29.190403468759985,9.881175770625918,875.8504711882842
35,70989.6011582337,4,4.642385197392249,12,80.13928446883875,0.15237568185438144,277,0.22811920179102757,53.6614766525358,1,0,17,11,0.45095468626126317,1,4.428463769269468,4,8.51244383363585,75.95721921569118,7.617351937662366,6.9872549752180735,921.9607184044481
66,58789.251298371266,3,7.227377522388046,7,63.94383930102485,0.0,14,0.3832561240356013,54.10866630270768,0,0,24,16,0.34341269815409725,2,4.451119645210003,2,3.339994199500148,43.90835760299835,27.827972742810363,3.7993547566652452,1123.1470343632707
56,61179.52785474136,5,6.56729484721608,6,85.9407894175975,0.08456612951626086,347,0.046972086407021246,27.152413037392282,0,1,22,18,0.2984134081546486,4,3.075330703393037,1,1.4225724497081538,50.43349774966638,9.867682652927522,4.118243525339439,858.0249956017551
49,30026.989732018385,2,7.087656552291542,11,54.51229731062165,0.17724923976911833,232,0.18775640102526026,42.02882898292363,0,1,21,17,0.2112198619662346,1,2.3898785659904864,3,2.818818312326891,12.507369392943568,38.607737098636036,3.516822197427639,1099.7367709551006
41,73744.91512053722,4,0.08363681876857099,15,96.80713647871102,0.12586150251386935,316,0.1091497488487809,47.10376888990081,1,1,17,21,0.2911739769864959,5,3.558295493328324,5,8.991228298083879,74.68647111345378,48.39153650044071,6.036130998069535,1258.6663458356495
40,65197.32713846989,2,2.1766739958053605,10,120.72312372717683,0.16334236202835622,124,0.2604107455439044,65.75479328414532,1,0,26,6,0.27962404865055795,3,2.783509367659371,6,1.5939310846183774,59.64756793950441,18.680110642623184,7.39405770718251,1229.6345703238753
49,74970.15164789479,4,6.616842883998565,9,63.2092152579866,0.0,279,0.03828281099544556,40.83498313865556,0,0,21,16,0.17417036147490944,2,1.3257634692877316,4,3.2922106100678206,90.24399961374364,22.31097612613453,8.19467563588931,933.3073262239709
54,16556.169327094663,3,4.839893681797472,15,104.33937725362641,0.03788753842654387,111,0.23463127102248868,61.94510029623248,1,0,19,16,0.2782384577282333,5,2.5112364017297346,0,4.646403105003406,20.06111435751532,21.653326875092873,4.165931096831718,1257.378797942474
29,91325.62057171091,3,0.05313475668345946,18,72.3624131120862,0.1257024070343234,124,0.1369951568651659,49.9756742455493,0,1,24,12,0.21961968199029142,3,4.9762885521973,4,8.4711322349092,75.97261219326121,14.979698813949211,7.167085022590393,1448.7857018279396
66,57906.15557767239,3,8.044946424318223,9,110.11582242152171,0.1775315296628834,30,0.1265838133878986,47.34247827327857,1,0,19,7,0.3585991768978782,1,1.1940474801051488,2,9.377132836529746,68.46716617191898,39.91481827905292,9.162225920297765,1034.2557179263983
30,76622.74225106275,3,7.728095732903374,18,123.76997972191982,0.04293818915776361,115,0.05535017964593128,53.73340953699885,0,1,21,17,0.43062804757282025,2,3.7866676476037067,2,4.258103096332548,26.58455338097522,31.2686883046028,9.208247944507054,1407.2085287972327
40,44401.411093117036,1,5.484191629935626,11,75.32589976583083,0.08061191086467388,90,0.1534924053798994,44.13265441620736,0,1,26,16,0.17730843237047592,3,4.364754820284988,2,9.319540483535157,66.73786395408251,4.138526285971421,7.040290027146425,1173.901277976543
42,69191.60857593855,1,0.6646332577627212,8,49.59467838210696,0.12007320709334975,212,0.30845005302909256,43.56444127861002,0,0,19,9,0.47123077283669224,0,3.594903613901515,3,1.6145909485775456,92.43733805766496,42.10151041613364,6.3690219281253615,959.4360902712173
52,44198.76655239516,5,7.665150495325847,11,98.9616877487218,0.02737508014561514,38,0.19748113164705206,24.428211413148283,0,0,19,13,0.287144896561487,2,3.27899292465316,3,1.568522918963704,91.84359876671189,10.167323326507157,5.315260755250067,1147.048003751351
58,50643.465589562926,2,5.8371358773136395,6,84.48834415888233,0.12608456297904916,83,0.26276804178744745,46.280686890081654,1,1,21,11,0.20249786150614857,3,3.83021766791503,4,9.492508196347979,71.96265745161413,48.97840692374693,1.8319766818212857,1006.1310076868568
47,88710.4703080018,4,7.8195997715795915,10,90.03582335555282,0.0,27,0.3664641821966275,42.8004778077691,0,0,25,19,0.37577547802081834,2,2.7173709491986227,1,5.0968013352833115,4.80731125340601,19.45649381112572,1.2362965260541847,1270.3494755586514
34,57139.7639885498,4,7.517469923958404,8,73.2030991631127,0.12461197322324276,217,0.2263755584822576,42.26028515976381,0,0,19,11,0.2553545521744952,0,1.365446949235507,1,1.8590783535395394,87.22643373201615,31.206032710365868,4.857110067893803,915.2557644362054
66,63261.49309769584,1,8.03002071957837,17,62.310143626786015,0.05024575160560787,360,0.14412004279376595,56.253095938850606,0,0,27,18,0.2918263323968506,1,4.8494870172135265,2,4.879903705755618,65.777860700454,4.813357325905489,1.5944415620745933,1244.7138359708188
37,73051.01596033131,4,5.1800806640462485,17,103.20696361933949,0.07762014047417932,215,0.246725221518279,59.87947929185765,0,1,15,9,0.2595721755787921,1,2.7292030799367843,3,7.832111553790515,31.043425318273442,17.888500459729478,5.76999925669336,1324.8905748243133
65,67435.22831958906,1,1.40324518193515,10,86.39579989112066,0.13259419739684838,221,0.1455703853685708,53.482917569634914,1,1,24,13,0.21832620681350998,2,3.6615569486720703,3,8.269203657235236,18.72503617056993,40.31534391067829,6.457027303012182,1061.5490183337529
42,62256.28357715365,5,6.711574733796887,7,51.12885931632549,0.12236260777461255,15,0.14955773167028308,64.93122785674211,1,0,23,10,0.37239970324019034,2,3.125241747557181,5,8.639692566492423,11.620386299731711,24.383216105709664,5.256155975200407,1089.4471320389746
39,65474.41503699338,2,6.204737850519706,12,93.73750446405788,0.09960093978241479,259,0.04801072003810153,58.63342888745548,0,0,16,16,0.27136985971058125,3,1.2186922879102182,3,5.695709030874186,5.0236899257760985,45.32557069365712,0.36426712512613646,984.3825005714099
30,96051.23377857413,5,7.422531871990872,10,89.72337195933001,0.1484520275817675,266,0.29262574910843925,45.57415715291537,0,0,17,12,0.1563348207820754,4,4.810986403970154,0,8.669460143678803,75.41032479507564,29.18178361148955,0.5772795880233217,1029.1546844659701
36,59135.71804449622,3,1.698810060507353,9,73.49402151352872,0.014991199369058822,120,0.1613997424350561,43.057155714284306,0,1,20,9,0.3551060124215933,2,4.170148904457293,5,5.100302088032547,23.584299894327533,46.50003757439164,1.1334118468148546,1180.929662664557
66,63016.485700724515,3,1.9497519990028922,10,112.39626468484644,0.1102207185750707,128,0.21820982458158622,54.6923335515027,1,0,21,10,0.17944176489762445,0,1.5963915778775797,1,6.070599023910773,2.425293604325507,49.14788544361525,1.5364580498833902,1110.37737349043
53,75759.81594011417,3,8.904095172193285,7,67.63653675305471,0.060491493457075864,211,0.09640380713933605,58.60650664852851,1,0,22,11,0.1846739827324741,0,4.926595505153067,2,7.587198022716453,39.72706518419893,23.24083341639552,9.898826137693332,898.7245692506428
29,76582.88899436976,5,7.499777984520708,12,76.62027003690316,0.14590157343399932,11,0.24359476297154725,70.96766460547248,1,1,22,17,0.4192606204977316,3,3.9476054886868317,5,4.254352927105085,48.26070805923389,28.692672056312595,3.4449501686312245,1241.2327844867134
58,77805.4545834057,4,9.08228488700323,9,95.37296175936396,0.134353353481806,176,0.12380587618649164,67.86759567410144,1,1,27,19,0.1803660100789788,2,2.8892866017132355,4,0.7358148713877477,16.92302309001269,41.91111151931222,2.9197337364128617,1091.8399184607988
36,69580.95333043777,2,7.587153211639207,6,81.53525900661444,0.13616741094320026,133,0.1858291278298176,41.877904902392466,1,1,17,10,0.06835551430725093,1,3.445480226238293,1,3.501663568576976,4.404833616254978,11.855117271254837,0.5226663566422907,1019.1606706624987
29,42854.92630904275,3,5.971553059903019,8,52.31153691283127,0.18226909163535673,325,0.2877826031239126,48.46990579809108,1,1,27,18,0.36228614849614954,5,1.42694672805839,4,6.239442167959604,18.912548309806887,43.21984911527437,6.353203906855965,1048.2089681249417
26,84501.47298451644,3,6.5413273702787365,13,83.6759874598686,0.15631737662174888,320,0.2790759312232529,60.06526707376655,0,0,25,14,0.26961365705188695,1,3.241646040062444,10,1.9233236963947686,67.91027618365743,30.00408687848621,6.5219078513128075,1116.6968735518797
24,42804.81910471968,3,8.891279239400099,13,71.71220416069535,0.09212893331132946,14,0.19779699274830598,66.01996667088457,0,0,28,15,0.2782344878861883,3,1.2946442880682376,3,1.4838536349964004,8.22436772512064,36.549506633841744,1.7544868957866466,1309.0405658636068
45,64539.531978585495,2,5.7880675451194055,8,97.13992489832526,0.09993660732562516,50,0.023186896729328166,64.08454203057188,0,0,15,17,0.26854996066498,4,3.1794210284772078,3,2.930805445914376,55.50370305569938,4.912847110508816,9.19241540924613,1007.6356401140995
31,48685.86224970963,3,6.323913243283874,7,83.0243668799028,0.13004691903558632,72,0.4992810570060642,49.0418325075298,0,0,20,9,0.32316699390187265,4,3.2107827550511416,7,0.32111462277821357,14.641198790816667,38.543196489216776,8.004935465951274,1054.3203691050303
48,59037.92480110511,2,1.5647671600360058,10,81.89015306094781,0.10680873373739147,69,0.3745858970273136,31.189660213572253,1,1,17,10,0.22472807580969317,6,4.497755140642976,4,7.4342289808691975,19.568917358041936,16.228558324109265,2.3031931680750803,1179.3099119754231
69,64931.436154552204,3,4.739212201161028,10,59.03497672561897,0.1352586660954859,16,0.27226748248882987,35.01595435631613,0,1,25,16,0.4476114874565764,1,3.900230001089176,2,2.587156021883388,39.307788326669865,40.45638156564226,4.858497309165374,1299.013108622252
36,64820.35823175409,5,7.16397111958099,14,75.39949384171989,0.0,334,0.12467962184090292,54.089502714791216,0,1,22,17,0.15237695196906015,4,1.9982095688604802,5,1.2423839663659952,10.082533605373134,25.94847437683264,4.583908561988499,1216.8983156884574
64,66328.81131352927,5,2.709426983163654,11,99.40202188025307,0.19404017593966583,357,0.18864078382980354,55.13338369136518,0,0,17,10,0.3444874916677123,4,4.553704568751428,3,6.991294159634353,17.320350278221287,14.456102405966023,3.485204443423208,955.3700538558429
33,84205.6690358797,2,2.022541805245349,9,64.46927310917258,0.10305142917781605,56,0.14565795702234832,33.51980939848423,0,1,19,24,0.3642121003876584,1,3.292970659392023,2,8.429280125432879,34.895241145135415,47.68522515406105,8.176347128256133,1146.9073410968044
22,66803.0145227097,5,3.1382680822441555,10,79.34899553824572,0.018876733455371997,105,0.32638559390963884,50.66854416333908,0,1,16,9,0.22403482391666218,1,3.425517914296135,5,0.1987559586177845,32.96690054983669,38.48805748786346,1.0926448562115099,1133.4967414513258
52,56337.65047064027,2,2.4150062799283347,14,61.271078967019804,0.054310332420823934,132,0.2262502890851834,59.46836535457675,1,0,19,20,0.19762655547221814,3,1.6759254768887133,3,2.3359977074122487,74.92714856757318,49.2986176198087,4.153142398277927,1233.92275582796
29,74461.30752432536,5,2.1491263703639585,7,56.32314717896662,0.0,48,0.12158361416401672,32.73160013739284,1,1,21,19,0.4017174214170156,7,4.431094383876456,5,9.452323248695834,7.478230512642437,18.859025022197986,4.28031130549217,1115.4386620194318
42,77842.05733386961,5,4.24850842868087,9,78.30281910021294,0.04548824599071247,248,0.15292449008752182,66.57495802706622,1,0,18,22,0.2009139245983285,7,4.7238604600661755,4,3.8525413593277524,86.04507356663434,32.8117620435403,4.687256046141797,907.9031855896313
69,41585.882772945115,2,9.07838513883534,10,83.47602329754676,0.09288757856801072,273,0.3121188142569905,44.33703277160262,0,0,19,13,0.2393336059249433,1,4.099962597979633,2,9.385920633819312,81.62321707394548,30.96784521532261,8.613499910986286,1012.7435722393486
38,68961.00104774786,4,5.070596467387183,8,119.8772587846519,0.17573573062472014,111,0.36000978468204786,68.86419668864977,0,1,24,19,0.3887308962459746,2,4.763009810580025,3,2.7421253837067736,76.59916396919384,34.69028031237134,2.1816687020150125,1158.074354837438
53,70517.59113466347,5,1.8792038081532303,3,70.89079232307581,0.12053372927099004,326,0.35283315634862455,41.99821331336149,0,1,28,10,0.3034741233539024,3,2.2091996164893835,2,2.18067635571932,30.937236246313248,2.8775117360252103,1.0292317351227276,947.0643157343565
40,55536.54744960012,3,0.7697166938087407,9,78.99661464732235,0.11164303059822879,336,0.27570320650539776,34.600617756737314,1,0,20,17,0.12028563323708952,2,4.444476673451085,4,2.141084117279959,82.28817855407875,15.29424686999133,6.17808462821108,925.9243550199134
33,80635.6021996743,4,6.961561451379252,8,54.9985296405815,0.043244773939214415,349,0.17473751311973634,43.12794515237421,0,0,18,11,0.47470591445535143,4,2.95557257145497,3,0.8522866042493826,18.28020802892808,45.55754111574956,1.7383447497804716,910.9852807486745
56,57749.1661945121,2,3.827987644363878,8,92.24480029813827,0.05877573471732443,38,0.0,48.5727781538402,0,1,28,14,0.2469989241220034,3,1.6556688117743397,2,8.964322885091256,12.440920585502823,21.767182688739116,0.7493208585461975,1191.1516654627646
62,61883.64680207313,4,8.218309465853594,9,87.96189558706561,0.06265361533139024,357,0.22971600238082218,44.17280139842779,1,1,20,15,0.25972427100935824,0,3.6752023961336047,3,9.798350226329012,4.4956333489487355,48.07154027499581,4.266492205710534,1038.7480018034162
59,57403.922635741954,1,6.595107686407702,7,109.76789355382857,0.06469356939069473,240,0.19981712411558997,46.7599786764033,0,1,16,15,0.3255784252326365,1,3.7364810828235155,2,9.545088072716378,93.9310363005576,11.461655459603811,2.1964643085814095,914.6466912115725
56,60233.685713722014,1,7.962414505413685,12,102.23244303017418,0.08242315618756976,318,0.2139982096321354,55.009477245142854,0,0,18,13,0.36250767970040726,1,2.1476980550267606,3,8.52028139827274,30.80108977052737,49.87377470057338,3.6121661886798364,999.1682411176405
31,43555.87369657197,5,2.7194603941844875,5,87.02813337684566,0.08619944691417596,121,0.20538973470332064,47.43230945305401,0,0,19,15,0.4961104291291467,4,1.1099733265102802,2,8.468879076509753,91.7617880177906,35.181464539017085,2.5971108010245745,906.051799112116
48,38399.23676108559,5,6.9235892246105815,4,70.59857000822599,0.0830460813186576,48,0.0673737838050843,49.00831409071989,0,0,28,22,0.13399318505943034,5,1.7993890363422533,3,6.610854671689877,27.26135615193297,39.043277779257906,0.9263646272341575,950.5512709419413
22,83917.57594837458,3,2.640619846937188,12,84.09336875780122,0.06643378848657588,10,0.25574085568511856,24.36160401196106,0,0,20,17,0.38259522089259457,2,2.599110190695547,4,8.262137119506136,90.75659593363496,20.446197437924255,5.603472029242016,1322.9016889503146
52,47295.57977522508,4,9.390684794502915,14,77.77973075736477,0.10675265829061133,233,0.26322163140318505,55.87547024015709,0,0,22,12,0.3743009694050077,2,1.6702516442394741,2,2.0834236434304776,90.39290528460883,45.44339794177042,0.2701841803948568,1205.6518111883624
40,45129.114758155396,1,6.363742815333744,14,99.06795066475959,0.08427926083166126,36,0.26823387820596595,48.66195053462498,1,0,13,18,0.2862835089125883,6,1.7761197929584167,0,3.8791263038712853,92.36760450107128,27.72768214697248,9.663753479943995,1171.057959512522
46,27699.148295944276,5,3.245118001753421,7,96.52462979924937,0.020221637688888627,4,0.2946577003573387,74.15439470724306,1,1,19,12,0.3787273694816222,2,2.565562657529078,0,6.408362932947479,49.61534392841938,34.36598063100712,3.4133052173496625,1136.4114584303118
60,50415.57378465746,4,2.6951186229227266,17,74.0716911269049,0.10171909111289676,44,0.26040516449216233,35.90652249119063,0,0,17,16,0.39342740176365465,3,4.847146457234242,1,8.747713325615964,86.5946286798892,5.645605295478014,6.951575104898038,1294.208919642807
28,40153.653098887524,5,1.909265850716435,7,50.76012440346244,0.09416180011092118,56,0.15899705884610893,22.875570072507283,1,1,27,9,0.16180372150129954,2,4.056974061630593,2,6.604694623687837,95.07658961673202,31.95235434375178,8.103628725474499,1192.8756692516467
35,84630.22740204554,5,6.946409588937278,11,106.66774600440849,0.021018627372241208,42,0.19291631520839098,59.27102740895063,0,0,22,18,0.474976650588083,5,2.2789936049062565,1,8.39021958334206,32.461694189717946,44.07487042484567,2.7910479553955514,1227.6619468817776
64,75147.25634013952,1,2.187156129979273,6,91.6374791364641,0.0704349276651731,255,0.2091124867253377,55.197905274695,0,0,14,13,0.1441237746861858,0,4.806416275674193,1,4.739495158492975,41.887440568255506,9.735878182583416,7.487387091100683,861.2856110655566
29,49677.74482233414,1,5.953032659274891,7,73.61019858854662,0.12985362805056794,228,0.21076994491066187,34.87350469203281,0,0,13,14,0.18646837187612267,0,3.5825871690349307,4,7.173037377050443,71.9240187335744,37.14857079710745,8.324208554247095,797.1376519457275
26,93786.53708016463,5,2.646350269253573,9,90.85746696207342,0.04317750306696477,114,0.299821765597173,27.053765674938628,1,0,21,18,0.27382123263759034,0,2.8217985785605606,0,9.799808063750866,30.03598217233009,2.244637190738073,2.4131723381161354,1018.0388136901428
27,74726.48230487392,2,6.619689447938686,7,81.49722612500058,0.037891046513575326,237,0.2643668753022491,73.06095096026435,0,0,14,14,0.49249405131870566,1,2.8732007958205883,3,1.5348855712975773,75.38093089126589,46.383947811563424,9.924946768960726,821.8177813467345
61,55127.529247370665,5,8.149397285405392,17,106.37235852438948,0.08375581890041307,174,0.40773434395699537,71.21165585910173,1,1,22,16,0.2691743370246613,3,2.6429778713415675,3,9.2692069231589,7.389214521353393,49.162938685528125,0.20688682842089356,1400.522025285109
34,22508.9142768964,5,7.780252431446532,7,41.40439536389947,0.1311466134905982,255,0.4206468979884672,12.68814861940806,1,1,21,15,0.2968066109949189,1,1.9319682101837587,1,5.223639478419027,52.34983842885422,18.35482327310663,2.170004802355411,1079.2271121629028
55,94364.13858886113,3,7.608513309307817,8,72.05618066973135,0.1905163795361348,277,0.2079649582613925,43.126654561152485,0,0,18,24,0.44320786039045634,3,2.546528768854823,2,6.43218030730058,12.23134840837452,6.246618636051408,7.800207562769929,1010.9004139296857
24,39156.41299854606,3,1.8772240569225207,10,111.98109030957377,0.1329467677426842,335,0.0,74.96288082175849,1,0,27,10,0.2699681857434527,1,3.1115855361735703,2,8.778690069105128,29.332347643667646,33.27024203999411,1.9413102505575286,1026.101003657349
63,35319.018795646625,3,0.8838494698451871,9,91.26396806934625,0.15424138700780543,69,0.3236832466127267,42.859061633332,1,1,13,10,0.18215632870693244,3,3.112109402920884,0,4.09654172552317,25.8625392486472,2.461891193226474,6.982598633062064,1054.5149888119352
30,75338.5564801446,2,6.989488284873856,8,115.45213336628416,0.11733488142508319,326,0.14596236610129457,42.64081648960021,0,1,16,13,0.25827651647616856,1,4.046947608850072,3,4.1869257489005065,83.89320735626661,24.64182778356215,8.555304049829036,907.4220268579942
57,96596.28609508909,2,3.683472137943513,12,55.563858136730715,0.06574420101786349,230,0.11985160781689932,45.758610085559475,0,0,22,13,0.4370791833805777,4,2.4351914286294103,3,5.271818363471004,19.351725540619746,14.31717958175644,9.592142726342601,1156.6808047848206
59,80764.09227765776,5,4.3234622640334734,9,101.44393431876975,0.13258555382984563,67,0.16015547250106332,33.18654539347761,1,1,16,23,0.30708649970551366,1,3.8671921172158097,3,0.1910208449685058,80.84479201591189,24.193613643690966,4.742475154002696,1201.194807827782
26,68458.63680078539,3,0.31149092793391064,8,100.24448846907666,0.09571959755359395,304,0.15533569531853936,24.428363836579337,1,1,18,13,0.493065825905626,6,3.3123673550747386,3,4.966661809433508,79.3960345907922,1.8955002221794919,9.711091229821173,1049.744322962593
67,68921.31512497929,2,2.595764492750492,8,46.36542929342332,0.11885169189140066,36,0.26122698101053926,65.78820966102123,0,1,24,17,0.37379349262621553,6,4.847381618107338,1,2.910872649942303,49.88830555572299,3.5289969704646174,4.116222966816786,1233.9294252124082
44,72801.23338170462,1,0.3367640387446402,12,74.08995420933832,0.05269850868245195,159,0.04405642208737745,22.355946406284865,0,1,16,19,0.23551910636065165,3,2.5411397041359307,3,9.279541823917814,23.38432555961296,1.7828156133257345,2.1812803967438574,1197.8025396906148
19,71383.92884680147,5,8.791857726012477,12,77.86941789611834,0.1233222900419903,149,0.09222792542083985,53.70907178163134,0,1,15,17,0.30510763044650785,1,4.604865857043161,4,0.8773529875303132,22.689633995622273,31.337461632308585,5.139218530847253,1174.404187897728
22,64217.87135954064,4,2.4339668321853045,15,47.60887942465189,0.09397459016170519,27,0.23431585541974168,63.298692391364746,0,1,18,7,0.21467818818581202,1,4.282570189193158,2,4.593204620198018,46.49246471158478,28.44455296608522,6.498232443114926,1349.5430598925877
46,61563.01655927814,5,5.5733716957300805,13,74.50795346959123,0.1115628873592042,72,0.26229440304133084,28.231605516482624,0,0,14,25,0.23315669693512298,2,3.5506571383578276,2,9.474681703773609,0.880900739351631,12.424741928293619,4.579633160499438,1095.1168351257106
54,59061.103081507164,4,0.3897932066113041,8,97.46366281557212,0.0957463412587434,248,0.2641541644936012,36.13597396107393,1,1,20,13,0.7479084251025757,2,3.618057866968469,7,9.010352503184775,53.135075461136616,32.68551331629705,5.669724439667916,1020.7076023795637
55,48690.531166999855,3,6.66847391305658,8,72.1815388095052,0.08613984423291586,101,0.1212963721066701,68.19768782587386,1,1,21,15,0.4018624510033811,0,1.3385997384256427,1,7.013484423745502,95.27795257670554,44.326155587853776,4.164091877271886,1108.0347728028762
36,55789.87384699839,4,3.230273457540939,15,84.84266311348053,0.12423453898092043,190,0.102173435073376,57.9933758034056,0,1,19,18,0.3861097989006673,2,4.800898422373729,10,5.893610519960747,15.47068818625965,14.588782950279569,5.247619540212498,1187.4716129135977
25,34605.64778706922,3,8.979191869576658,11,84.98740565455304,0.07969544355542182,96,0.1493365166212081,40.74071439681669,1,1,26,11,0.2376819684691936,1,1.4277442539829757,1,2.8073093713284014,57.33456214756034,41.767696586070386,9.525956719465615,1245.14556028552
65,58524.90559807875,1,8.881181889340358,3,79.75713177722467,0.02056559348112051,282,0.2239872752284725,68.03373505041756,1,0,14,9,0.4569584066281079,5,3.2529332349740283,0,3.6695711275245477,96.17786886444568,33.46294766410689,4.99831152536332,638.9352581889725
62,45171.133392736236,4,3.252906183617478,10,65.89635951949143,0.006301496215877736,322,0.34854773692725494,68.09803585181453,0,0,21,13,0.40994156017929373,1,2.320283201796618,3,0.9013486475412724,86.05221394916002,2.657201715476175,2.531796328092603,1050.9560902201843
18,43446.160241763435,5,9.009608956904678,7,93.17627949767795,0.1092208284713489,278,0.0,54.03579039523561,0,0,18,19,0.4881621289357771,1,2.719407913159407,3,7.8610829775823765,85.03801163813402,19.38234489564229,7.587466215125707,800.9709611417348
39,62698.41226730218,3,9.961576734987789,8,48.25932476948017,0.0776391092635572,17,0.17792712430416335,36.49759658189505,0,0,11,19,0.4833114148398449,2,3.440732043347268,3,3.2386976790381174,82.1849930396189,25.880103577091838,3.375844577815493,958.5777254961141
69,80880.034295169,5,8.254156641239481,10,80.17176277016365,0.013545041128397467,263,0.06673215589747963,43.79826944792307,1,0,12,7,0.15209107119024778,0,4.635405511529287,3,6.6778189903020735,30.90236060561856,36.85326030778135,8.162071708213908,866.5043536661466
34,73774.74909003469,2,8.448713477552289,12,107.70972681036177,0.10532674835268903,107,0.03477573226465103,54.29580115933085,0,1,24,20,0.18901605107300926,1,2.830268494289206,4,3.5759477719861343,89.06168312668122,15.06939735441743,0.5684198898388515,1337.535278970549
24,36442.490945652346,3,2.4900873610908993,13,71.05253500317569,0.09530627225133204,68,0.2966956645344817,47.17107756278767,1,0,12,13,0.19962121845363634,3,4.9509182212257645,1,4.6433044139626265,94.1340351233171,49.15377513803868,3.3217797710869137,1020.6120020705362
42,45155.57795144494,4,5.767023988577563,11,65.45357556995445,0.07501932033886338,128,0.2544624574499339,64.08435767352277,0,1,17,16,0.20560593566675628,0,3.371248261405999,3,5.55002472376395,49.57924232990394,34.54244728474921,0.9435990826063945,1169.8878128828821
62,74111.56781982323,3,0.6725591396736785,11,94.51032277550755,0.11234046590904263,293,0.24494335159472624,27.053388798359958,0,1,17,16,0.332345236426039,4,1.642215770568698,5,8.018524083906035,35.457104725945875,19.267870181053667,0.8531782424583145,1006.4408993063956
21,45262.68909692536,5,0.9491793682166971,10,83.26863521174263,0.1657547005053902,294,0.29210258397309935,27.58604706400642,0,0,23,11,0.24331965479041823,1,1.7600371793250091,2,2.111563775406804,41.422901560585615,5.754226914778489,6.583895591724373,990.1152831407607
53,56630.50275004463,1,9.988926120332906,5,94.90894564113864,0.16422953593425696,96,0.1520281103233864,52.71306667223649,0,0,19,16,0.5072598540762518,0,3.864444142357004,3,3.987653868298564,33.420644183126555,9.887020253269686,3.853348013536074,889.7819559296237
23,68250.78148536828,3,3.2663924942591094,8,80.76996971390544,0.10718823215542925,1,0.15673624836664718,42.626833792896434,1,1,24,13,0.4904679882081638,4,1.201591176973527,2,1.3008157189181757,21.241844202454008,24.892780242702674,8.714789419851126,1195.657690748444
48,45474.83317704547,4,7.481839120488464,6,32.23415098497641,0.09576447835685734,298,0.41857306167225744,40.594270779533886,1,1,27,18,0.299353840592096,3,2.9213663048889074,1,0.757605049212593,61.84484702528894,25.240072392959966,5.164051378735292,1035.3055948905742
36,61580.6325921894,2,8.066650530268165,13,103.59826820851399,0.10788676038058405,180,0.17534289457404256,23.47914921238404,0,1,17,13,0.495532621614979,1,1.5928764392140664,2,6.046743561687919,56.25968862453229,38.618219476246324,2.953432211722827,1191.4721813964773
61,39989.617576226934,1,8.580232710072291,5,121.4005276495655,0.11545034663871742,181,0.2735132113054091,50.293187671972724,1,1,23,14,0.4488134627240202,3,2.73287454071138,5,1.8909104435890267,46.258507103927556,36.58265465304037,7.208888879621948,945.6801846295959
56,50979.48534073179,2,9.976282974021565,14,105.68082013672573,0.08658509114709724,235,0.2006381540963315,49.20867337998852,1,1,14,14,0.2549293440822741,2,3.999669688286878,3,0.5979934192609881,9.584538668483178,10.862378887373048,6.240167915856997,1148.1071973587023
44,64796.72901213806,3,2.414964852568678,10,9.222845498604812,0.10872715299765512,319,0.015174146992158494,59.80218472927611,0,1,15,28,0.09907846559744382,3,2.8352517129657366,1,8.970979312064054,79.68929647059998,30.152874407354986,7.995946208292034,968.9485747530944
27,36105.09399702496,5,0.40350826859699707,11,89.02176425011133,0.021318521447910133,337,0.0,51.03359199681458,1,1,15,18,0.27820316150392704,1,1.6538044359237078,1,5.343144197853959,17.49335627507892,2.010468236401528,6.435882763418849,998.5782052919631
43,66607.12106940598,5,4.11191517994586,13,70.66508378849908,0.10406744416733822,8,0.14210157800600953,48.01093882639255,0,1,16,13,0.23553778689215268,1,2.0077014814265697,5,1.3462820740298465,11.456204339604813,20.528822569832336,1.6701341709892026,1253.0042697314002
36,59705.433016099785,4,1.3008066982894695,4,58.31512492776582,0.12384067975123024,27,0.3056101251669989,67.65500955185506,0,1,25,11,0.320650562514583,2,2.4701583546087296,2,0.5342612744754971,62.30713954829474,38.44115678800868,6.70310037667066,1091.1508413005795
56,68287.34931625721,5,0.22425889162055124,3,82.45464323276546,0.07550790289967971,308,0.2788291656636004,30.31299044827175,0,0,21,10,0.3089228286874749,1,1.2782447339456589,3,1.1986005341365613,39.864436123772315,20.575921071071157,3.915491976158103,760.8929978237142
20,63358.712010969924,1,3.604268271414861,6,77.02105410200558,0.09522636778569507,146,0.2914077164224034,58.045838282713646,1,1,21,17,0.30630176588992286,6,3.3373505443244875,5,4.713372403206141,5.980847535232947,41.944215750269784,4.631430302575681,1029.8560723775877
62,80462.10644960766,5,7.837382510752365,9,90.17315608559682,0.04442473096494381,91,0.10129538210636847,24.93279252806977,0,0,26,20,0.35236847413791644,3,3.4301351651122007,0,6.684652551688978,35.55683549610582,48.831609216138794,9.215645757373448,1102.265197920537
30,61878.36753971861,4,5.661806912250709,11,81.13160378610908,0.037484320852034334,342,0.3615872490122314,37.42457179998789,1,1,18,11,0.17874780529163214,5,1.2486077085302698,5,6.412800749860455,77.17803522849628,30.75341753226892,3.5996404629774705,1021.7712884814306
67,53558.91688312121,3,3.1277798921035407,12,57.583757862220466,0.11054075389795955,272,0.10351066998136157,31.810143010650293,1,0,22,15,0.34113602775697077,1,2.609245284696648,3,1.4442308626449851,61.52492052170976,8.105199740746073,6.119591429908388,1078.4922182978394
45,61834.46254548425,3,6.543420054927197,12,68.46796446514058,0.0635218492131192,322,0.2212824398669969,61.729138031778774,0,0,19,10,0.25603838469829937,1,2.6560027315388997,1,6.334889518377088,36.27860229869968,19.604183187365123,3.6348173341223955,1092.3077950790682
37,68149.47043554582,5,2.320181803088107,11,65.24082887349968,0.011158716921198769,5,0.19896477100922635,49.01884649606909,0,0,15,16,0.3199982199863687,3,2.335278274210405,2,4.048656242175994,19.18047916345881,1.464684398350383,0.9472748535779174,1134.7127505397261
45,60732.901054885566,2,0.14381446072085025,8,45.67033646511108,0.0444110850432779,82,0.1826126179685414,49.79745133110535,0,0,12,13,0.395740984523219,0,3.2309589613244474,3,4.64743784299465,63.179562080477325,30.53357026819688,4.535253420483006,883.8908690131119
25,60608.87536805824,3,7.643533864364274,11,52.56710712092233,0.05168104531039655,219,0.3338592138295607,33.39900518405824,0,0,17,16,0.177560022677897,1,2.383829960240447,4,8.01430406245317,88.75553009463553,41.25685654771611,5.970615044596519,1079.3755525666613
58,49470.12468289867,5,6.237430848640091,6,75.77862660229611,0.1387290248865871,118,0.12948894798340393,45.50459756100666,0,1,23,13,0.27187063473304307,0,2.665637117911224,4,3.3249937267963836,64.62727180159138,31.867063867229103,4.075032920375987,1011.6979677528117
56,50056.48623673578,4,7.6230262450096,9,108.47508150614559,0.10895570056842338,81,0.0650394744288072,38.548020450363325,0,0,23,15,0.28814657659711357,2,4.190094189766422,3,1.4699904716335377,81.29038546502242,39.51822522998904,3.9066618467818435,1103.1644603933232
18,38960.920923004596,5,0.3893801668766561,9,69.2888584060241,0.056419890092134994,70,0.20199954862064193,55.75182522281324,0,0,20,14,0.2485731028429359,2,1.6484374217208058,2,8.734531335663405,52.1527838554371,40.19529243651844,8.203785138943969,1035.7425319496572
20,86243.65114780409,3,8.371196278306522,12,64.8513845049442,0.07061170475144203,115,0.16001732657134737,35.13363297002579,0,0,25,21,0.3899829496132957,2,3.4764587812136836,1,2.1213057586633797,71.79711067410288,42.69961623465572,0.2968517228947021,1226.8036911639074
30,41342.051469130725,4,6.195262000363034,11,56.37426386654348,0.1656042208053613,263,0.5377382919082646,69.94691547807614,0,1,17,16,0.22796116411995282,1,3.0223776067633823,6,2.940298705546427,89.62267737783523,14.066525366880157,2.9558539674011994,1076.0801267048905
45,49606.42203306139,5,5.633953507126401,10,80.61072989990701,0.14680512175984756,306,0.26765074764399754,24.86629325563858,0,0,22,16,0.24445996005576612,1,2.2202865499173963,5,7.065900589026224,77.31789782586551,43.692157618200675,8.117572653772116,973.6275215310028
66,49223.89101646204,1,6.246140481145316,10,103.58518669220253,0.0440969786009086,142,0.15906594247813757,37.90220251315158,1,0,9,20,0.22900808670479353,1,3.910138625961643,0,6.8355031705760725,90.98539533981457,33.05060592471106,9.205301486111638,843.0545032890835
42,73423.86565416661,4,8.644332468683642,12,120.05365532817183,0.15817629298131633,207,0.09438884308129135,75.15800764949145,1,0,18,15,0.4092055411438802,1,3.204753438164592,1,8.004000212838287,43.113960211605985,15.19655227312986,4.122995858408283,1082.982319091348
50,55575.75482561958,1,5.86936506558907,12,85.70798753443374,0.0959685595775095,111,0.011971158943121535,43.472918780569486,0,1,17,11,0.2507555887587783,1,2.9094461078427813,3,1.8386664144794107,90.42202551270566,49.37744103481679,8.887942431960763,1181.0784667866883
55,78716.131090106,2,5.809503798881793,8,82.79987485272869,0.1399805813028122,303,0.0974780914262567,30.27682003393382,0,0,15,18,0.3460045390883556,0,3.6706772590848002,5,3.522798933142033,62.15672344817076,47.55893729285178,1.989301221250327,859.0079010899591
23,49897.640636341974,4,9.906791570657658,11,69.13053785492914,0.09183460224992467,112,0.21149417717591318,53.28607343806503,0,0,28,20,0.4975705101230074,2,4.209161231925443,1,1.2588323895626108,87.00487660816937,29.147608177113568,2.2142706786017263,1214.9214253472444
61,64184.91243335703,1,7.56730167068568,15,72.46866757017978,0.15929145993710875,43,0.342732865159477,42.86911636678187,0,0,16,15,0.29251815796494146,3,4.890675160134305,3,5.410391471686042,3.93765304378354,42.31721054157861,8.461913765848035,1208.2602611326042
62,47469.794201103636,3,4.422938054511353,10,92.58350182101405,0.04201896942301007,347,0.3121689142387919,37.46194616572541,0,1,28,15,0.4112060680033157,2,3.517401473505494,5,2.925705925387012,65.78523819135361,13.813229947273713,9.032577413406182,1193.0412536714741
49,92177.23691660083,3,7.073970000329277,7,73.70249335873841,0.08722747843092421,285,0.22290948316463796,33.56193783801924,1,0,24,10,0.4671354084093128,6,4.497759941601531,1,6.889356410085627,84.79750788778986,21.38581283393361,2.2280576796266747,995.0362499079179
62,42186.023714557305,2,3.892304716917885,7,76.75435105665171,0.16082298889495586,128,0.16768323342975155,91.52560408438914,1,1,25,17,0.4027191560040414,2,1.0043661640918278,3,0.0034436798454107187,17.420203364319974,10.014616276447851,0.5932418996861111,1042.5022253493685
64,64647.31065340541,4,2.28875462483499,7,79.49305450499152,0.0,185,0.22688123564121543,46.22672149723795,0,0,17,18,0.29831986840222596,7,3.120942770903565,2,0.5968299845957925,66.17869334649231,26.485029488833153,0.9032413705528775,936.190872105806
38,69506.65321398148,4,5.968518768877594,13,68.18343778185047,0.09769692979377674,229,0.14813620025154242,21.116489595006843,1,0,16,16,0.36421077589986134,0,1.8585901950807924,5,4.325603005193433,82.49547142166314,25.3040700735116,2.6138083537636323,1112.058871604799
33,66206.98646177247,4,9.281820981139514,14,78.50041481844897,0.08032268400634063,221,0.3718363995763876,72.40564638508302,0,0,15,15,0.17126214068646545,2,1.3767698283325487,4,9.581841559755684,28.794936963263705,11.427848072116753,7.614490771467949,1099.0659804660554
38,57220.68511683438,2,9.291395200154627,8,39.611877424183966,0.13423306152718728,352,0.181080981872492,59.16606357665856,0,0,18,9,0.2219956841850048,2,3.1278840682575684,1,8.90851387359183,40.5246327906392,33.967282992088776,5.0999182779628285,836.3929012564967
28,58052.689503998605,4,3.419052781054903,5,90.97671766036925,0.1534956717705486,117,0.19136621417532731,38.50300353470318,0,0,9,15,0.2395324818368081,4,3.9873060245963763,6,9.940090280619833,56.95177184992194,6.771724480745214,4.555888422427696,782.0411247361732
54,60657.17207968664,3,5.276774662216949,11,127.0354367794411,0.13651419096534823,70,0.0,36.003213669707876,0,0,26,19,0.5240612120174282,2,2.649090089897519,2,4.168302248640448,51.91676888845621,4.022881102415848,5.841399311660009,1097.0949612646245
53,57794.96997557267,1,2.116358985698612,7,68.95912769673868,0.11205001266986228,70,0.1804565153477236,60.10209194237346,0,0,19,18,0.21874154857447328,1,3.6804297973777396,2,0.4656848627375154,3.9189393037135645,19.860343464456918,8.902231134621863,917.1419074882697
52,74458.18675192364,3,9.956311094988834,14,87.4767429000334,0.10202822740476802,110,0.28364841379649414,46.29622508765818,0,1,18,12,0.21725232487381702,1,2.9588770153637998,4,3.059561420197624,9.867209808541343,21.081414111450542,0.9043037956565758,1235.1295112223938
36,93157.84502387026,3,9.811179078679357,13,97.0315264049237,0.0828644689260051,132,0.09322774229614549,21.11033272332348,0,1,19,8,0.19560790197510164,6,2.748343463837704,1,6.757708521739515,10.046657930436131,16.66728971979782,6.947241276365813,1147.3482019512103
37,51637.623224882496,1,6.495089297074474,8,105.60430545434923,0.11049863107623156,56,0.12492796655071872,76.80859946907003,0,0,21,13,0.35598117619307607,3,2.1610265617434425,3,1.3516380976741527,26.2267905499175,13.63938524133427,9.267908456554052,1082.8435308777903
35,39452.95530631383,3,8.044140596774733,8,74.7135702251964,0.17298274147927548,89,0.2792711017733665,43.490143066760645,1,1,17,12,0.3142621392668883,0,2.530374058004018,3,2.99972178760001,24.586411280244924,17.600040905466987,2.133500417584,952.0888494778186
64,58675.76927473118,2,7.151001612837,12,43.933654926225614,0.05847438508612293,137,0.05233427764819468,72.4335760472364,1,1,16,15,0.4086758977026565,2,2.3991825231777115,3,0.5616616454485868,74.22223837867996,9.005403123653046,8.377723159618345,1164.558515690632
58,98695.64006481477,1,5.931582190394682,11,85.34463901697525,0.07989592624379632,131,0.3057801007541919,69.17652436948572,0,1,20,6,0.36712596660773544,5,3.584748736059526,3,4.749670383902343,57.27443860161445,20.76917098751099,6.980247107595022,1248.2664452298102
66,47944.88148045404,3,0.533479969888977,12,82.57257381308854,0.09622450137165964,218,0.1467856109826898,34.984856832757785,0,0,30,14,0.16196101532759324,1,1.4640740451165581,4,2.0892067769508795,76.39760846452411,45.32556530235474,0.1446853607314469,1183.489978052275
31,84586.75208166102,5,4.54764342552661,8,73.08667250647994,0.15004663395978343,176,0.1611431779508797,65.49784796544722,0,1,18,18,0.21927222299896293,2,1.370545474751224,4,0.9124802689900235,6.989605741087013,11.996917179233074,2.316116803621282,992.7488375542296
32,85165.51221114662,3,6.747863021674105,6,77.32975754231319,0.11116511697761028,171,0.0876121594874406,40.22836175204478,1,0,15,12,0.43653287482758213,0,3.6400519768338415,3,4.112158094824791,48.521423747160064,34.53810411316717,6.058447608958808,849.6052748620225
48,51696.176374380084,2,6.775316138836846,11,82.87360890035463,0.14917409477725954,100,0.23780462604278835,21.99949119794087,0,1,24,15,0.2796701755423195,3,3.185192279515523,3,3.5122540437415495,32.37755792652695,7.947441009494128,5.024003394912117,1237.389266226885
18,68534.74618777914,4,3.7312261842238357,11,87.23523984207701,0.15170549952518006,129,0.445987198502938,43.63102750966786,0,0,20,13,0.4187591818018013,1,2.7208003869706303,4,5.375177369454923,84.99393107557464,18.341424576501307,5.27936252526866,1176.437055463767
20,84425.94934692807,3,9.416919866580306,14,86.39619420479835,0.12960184129099903,57,0.2781497239460632,55.96456252664419,0,0,21,15,0.2850319052084683,2,1.6097715376316142,3,7.490386553136391,70.77891569099033,16.737564246717557,2.319304246068227,1136.2621054633012
33,54313.08388518769,4,1.67357032236781,8,75.64628680997743,0.04680031917172233,181,0.11357147380594643,43.05895028005493,0,0,21,20,0.20323435717114785,2,2.644108447477246,2,1.1256873642650522,86.92584708267962,46.91444032600806,6.750034707086266,926.2384046862101
40,56946.29459846457,5,5.003594462155606,6,87.68557669971902,0.18305469559483575,246,0.31356205854914765,45.394274886123476,0,0,22,15,0.26967392223332937,3,4.158927053280046,3,7.911255902100085,4.642712240606006,21.971120734288636,2.664183709367769,921.1793395016027
28,51274.786290770346,3,6.908839765508228,7,74.29938303450277,0.17061903355463506,144,0.16833204540657506,67.1534906739292,1,1,21,9,0.20319502044503038,3,4.558484943157028,3,0.26289979875180114,72.08234895666004,34.832831245287814,3.8943496647845386,1031.1702287483567
29,44778.649039607,1,6.971358058918092,13,92.8405100307064,0.10317700252511684,51,0.3374484981427559,51.59740970435138,1,0,18,18,0.24344472375975762,1,3.8103062798568805,2,4.431019024958478,54.0008352159578,30.520677639595135,3.689159158800762,1231.1892871003054
27,50260.83682400989,4,6.486389567688155,15,67.45114329046999,0.030911487875822263,218,0.2806676402164363,37.350525330725716,0,1,26,9,0.3200925706565246,1,1.2396487035235233,3,5.87430286885882,82.50000290155658,7.910473688953309,6.720250221198985,1371.7943015799774
49,41640.89599856615,5,2.7528821345186016,11,81.46116384299125,0.02197509210628215,104,0.0,60.5304548550099,0,0,28,18,0.35116050903690205,1,3.6816391064044742,3,9.569986731397975,50.7160590925821,47.0374821005003,0.9025276168321739,1176.7219960267328
33,60511.25202388839,1,1.5620656868662197,6,47.52522835765541,0.11271578132768552,55,0.09959203670449726,52.96513350431368,0,0,19,17,0.14098086767457016,0,1.9639423581851783,4,5.739230268696497,54.0209077901909,17.9475953009324,2.0554190104018524,920.2695449266512
25,48450.40153412038,1,6.3594032682671084,11,72.60179061085705,0.0649124778934607,257,0.294438522283539,12.175927978069353,0,1,15,10,0.29826319924909017,5,2.2610049721056202,7,1.587491932713886,5.176738094206512,3.1931594333988365,2.0049707068506786,1180.9742862921062
55,63506.788676861215,1,5.993021161394378,8,91.34977442259958,0.014140543331981073,346,0.21516572721450178,56.42529370657173,1,1,22,10,0.24133842644402476,2,1.7834928318399381,3,5.175418053439092,66.85228650359667,15.721741635365195,1.084246741157101,1077.5558621048624
29,36661.56530694559,1,1.7935601028924097,8,59.32530266583863,0.021031715031849918,156,0.09762440522921495,55.877430615741524,0,0,27,10,0.23515851910411872,2,4.103023162480818,4,3.957839471914162,27.313987560505005,17.446052568233977,2.0759497883645905,1075.0516381518603
41,64963.20348321686,3,7.051391455705634,8,73.59799047299833,0.07650087133349959,53,0.13664104845061875,50.3018169437129,0,0,20,17,0.31326846191330765,2,3.594408490549116,3,4.793555676002437,1.9693922178820489,5.544521041557633,6.070602679233543,1032.155314746432
45,72502.93442413387,3,4.551719917336564,8,31.898609001795812,0.10974647869054892,329,0.00937633799106194,63.375508716043626,0,1,23,10,0.24495481273107877,2,3.4473402183967234,4,1.9709701465908724,6.6437162506030045,31.378892912617196,7.321681708741882,1017.5583139271977
25,30093.96536142817,3,6.6776059160315295,5,52.63851782936022,0.17028565255079137,187,0.19116267124736042,39.91409623510246,1,0,21,13,0.43821379948466743,1,3.6718904386771043,4,5.008270423112719,95.72856089660256,17.991446071535727,6.603034469691227,892.7902773328208
45,65610.84854771358,5,8.373670797701507,15,57.87050887772196,0.1242110387173421,364,0.42106897260157644,55.04749683231351,1,1,29,18,0.418806187625106,1,1.9470890456156136,2,1.5003976429087684,34.6077289579847,31.827595710217572,4.7518813798088235,1356.2928465447658
53,78415.03488709938,5,1.6972842857692316,19,82.03502101543278,0.08092977347642928,150,0.2804933390732326,26.495609432489708,0,1,21,18,0.4181828293942039,1,2.7785776573014465,3,7.440430806908699,86.8075628621159,1.330287615864291,0.5243457109606364,1441.3632311266567
43,41855.38471963192,5,0.1914486799683668,8,86.66818024785425,0.11899747788363997,264,0.41904170011884234,56.10635575098247,0,0,20,18,0.2505089804509698,0,3.5330148861959567,3,5.939062602255979,95.96772340692559,49.12037155054687,9.590070106867751,1032.3529484999751
25,85088.58580256555,2,7.791025863957868,8,78.87888868119606,0.1145283792794329,250,0.28823970897899803,79.29589543309845,0,0,20,10,0.20375011650806774,4,3.5463761104732017,1,0.785276915917833,94.32671888373227,9.355301568689399,1.6807646083749195,964.4817728582634
67,66285.28514049068,5,6.096974251526159,6,72.34813234225244,0.13697726035979696,298,0.3027479343352692,35.07715471298688,1,0,20,13,0.30820299293881154,3,4.167407451020522,1,8.896144679289797,88.17252406994201,33.30721834854188,6.684213704056709,950.8426416599397
45,49424.82216362387,3,6.996395696221217,9,72.41796503302506,0.09800289432080679,211,0.3974078687745024,38.60296802018337,0,0,16,7,0.2849651633713733,2,2.1484158667524422,2,6.163796046156383,89.48439124613009,36.073430860696256,9.12890615482111,968.5159580301759
45,59163.46383513441,3,8.381549749886425,6,94.32091498080989,0.15180988755060554,25,0.23772632593422266,39.34976835662672,0,1,20,17,0.2391176837576635,5,4.081344486787289,2,3.161070551278314,28.90080443409515,9.408809137626328,6.977770959809886,1042.2288882848234
54,68374.90368782583,2,8.028109348245005,11,84.25639693766105,0.14122259001137427,294,0.18127726784931197,51.94997338702393,0,1,13,13,0.18242655533330382,4,2.760737922467743,4,0.45642399527310307,15.146989026035829,6.47390182301851,2.1804964018895023,1078.1879808182334
58,61140.080871186176,2,9.609201469288246,5,73.32108807389275,0.10413500018192852,341,0.30326575166220127,34.054455907194225,1,1,25,9,0.2958482030731928,3,3.6806907682357393,2,6.32226695771633,63.92625620879237,8.476282400395625,3.1579629876402304,949.993770433634
53,68081.33988669554,5,5.359350788521182,8,105.86598990482517,0.09403878218670479,152,0.34538402371218846,56.3187106803647,0,1,23,13,0.25959305497475266,3,2.822877520261147,2,3.7344026134833683,48.81055918688239,13.094094536402283,0.3020586701109518,1125.9458723069347
44,46189.89610380951,4,4.884956326599053,10,118.99950081992202,0.14598742394952133,24,0.15200353572877912,62.702599182037474,0,0,19,19,0.36883470370380195,2,4.794440679163773,3,9.076181048784877,9.874671869517105,9.243373781652533,6.127582408421135,1028.0994300518955
34,62540.41236054117,2,4.018871998907301,12,55.08515099532659,0.06432628409464808,252,0.12784309176599706,58.015208201806765,0,1,26,22,0.36651060515214795,1,1.7172090589665778,2,0.3487783271417455,67.75413160224109,34.025971920848,6.129929808815666,1252.9355978034628
26,38794.2825464253,1,1.5369104284420454,8,90.45020140421023,0.02466935854283031,60,0.21388560324308803,23.473768615428913,1,0,23,22,0.4100799805422717,4,3.7000203543294283,1,0.39102435342243336,56.286000748477335,21.620826982577295,7.255005813763793,1040.051530405662
50,58331.60907976949,3,5.726072328820225,10,141.7977921537277,0.02438510041580022,66,0.2831498866931662,64.92751497737909,1,1,18,16,0.17407044481199616,3,3.3061400030726356,3,9.492992869069354,86.30674008104391,27.35178813125279,0.10996289275621351,1145.482559539809
37,46441.38537802815,1,2.7701252432597876,11,85.60411082100389,0.06018127624552455,53,0.2798091048661562,64.0605112138052,1,0,21,18,0.34010583076936324,2,1.6909241637909784,2,9.648739456795063,60.91837956883987,3.3195026516487545,8.178412888244665,1132.108076840339
30,48967.050861153504,3,9.213075122129755,12,82.30885272328553,0.1329826149388625,106,0.0575832399812401,62.45242058519457,0,1,18,15,0.2272534293766328,5,1.2640253432466717,2,0.277422267726386,57.39461797217537,43.201199191935444,7.387109574003081,1198.150239383089
45,78541.39762815656,3,5.8319080427709755,12,78.88532120212773,0.07886005726950682,96,0.3911606067063322,55.592633729837374,0,1,28,13,0.1779585789188915,3,4.1965775558866545,2,7.160332349413276,44.07517233326279,9.358006107103419,1.4088660952408882,1281.7010124502872
65,76369.65180891403,2,5.928401805081101,13,89.80363034981482,0.1102258001405613,176,0.13588350706031496,53.30283971307699,1,0,21,16,0.25713977630512896,1,1.6298053345850607,5,2.2149485232884047,46.27870698888703,18.64746424129932,3.476266092689786,1144.289034420457
46,69137.07181360766,2,3.5492466087701002,9,95.09798333099766,0.07523519645594655,39,0.17349350031114208,65.48584097189595,0,0,24,14,0.40687049801346176,1,1.746026731143104,2,7.013927662860725,95.43812269791161,4.523180351560582,6.3852489290421675,1173.4644786726542
30,43615.308529911315,1,0.5198935197770749,9,55.104662516616344,0.0756321317008017,168,0.10973456400121803,78.85270231405181,1,1,22,9,0.26276816464295155,3,4.913736895956157,2,8.687327966579836,13.844600940023932,7.702863597768153,4.957968749403278,1035.7676144550303
63,55253.87325457797,3,0.3174376537298862,8,79.47032743422342,0.04872681627444232,42,0.4698328835937088,35.704393049527255,1,0,25,21,0.4565454659959112,0,3.869043405906523,3,1.008314788622754,44.621881858218714,33.62417108880741,1.1509426390126243,1141.252761752361
52,78196.46549968775,1,4.233351441531975,12,34.61004271005181,0.09540521872921559,104,0.22420706702879675,66.17188093692158,0,1,19,18,0.35488785155203334,4,2.00194736640489,3,2.38766416762042,65.58272339268429,34.93676311052876,0.8734537513658991,1193.0729413568672
23,62125.753704598574,4,0.8456537809723785,4,75.81366766757,0.09124181321105217,333,0.11490249193184351,48.70674352988821,0,1,18,12,0.2605909521019423,1,3.363795840606405,4,0.24077668326494828,43.30106455903996,34.171308746642254,7.814562991080916,778.8297632192738
35,94789.94309972541,1,6.068469555401391,15,61.94622812355854,0.1206332511590911,204,0.2863923549962446,48.05490421957099,1,0,14,16,0.4160048428906409,1,3.1364473536100532,3,0.43829845444440796,28.321562704075774,28.05470260445508,1.5596711801780982,1233.9773477430258
68,65899.76759091558,5,8.809730056396575,12,86.78355158270969,0.11438488035058589,8,0.27691357793100335,26.952039644269423,1,0,12,15,0.34453967721142853,2,4.37789307005539,4,0.29617858217774184,28.735737076285485,47.67356153658343,1.7209267393044358,1025.6265891757778
22,62880.73674735047,1,8.829148165187222,12,46.87238945717949,0.09014263095207936,282,0.18122729764201162,45.72815885726907,0,1,13,19,0.20674406115532945,3,3.9172829913304974,3,8.006823564264145,23.365604625771574,25.851680877660247,8.309231253567576,1091.1668242293547
64,55363.25303696248,5,6.590454101322324,9,69.7536537908181,0.024695557746991226,43,0.28406067127833834,35.04102563047377,0,0,17,12,0.48588026355805153,2,4.326884501972743,1,2.9829267843077667,34.390320058308966,23.02118943552588,6.121396345632171,1027.3666125546258
42,62003.11357173423,5,2.1123183147293103,7,99.33088501041225,0.1535289733789139,110,0.11747080391691356,43.042183557410816,0,0,26,10,0.32594788230864763,2,1.8460263519094497,3,4.932114395719891,87.1674775583567,13.12973272014003,6.047156081539724,999.1616453035485
19,57712.952454291844,5,8.629968313588721,9,66.473336971115,0.09574778304809883,210,0.1507081725050748,33.52720424332775,0,1,17,13,0.30187961919854917,2,3.5608768174680208,3,7.878442635970163,50.52245503229952,5.843626934064018,4.7934577136334,970.0172662531025
27,70621.63015032886,4,8.860934353132082,5,41.90128445164228,0.10398213449469484,237,0.0,43.2663741903049,0,1,24,24,0.2144467330094384,1,1.1609634336735213,1,4.949436627067181,24.023872807781842,27.859591568342758,5.68995014402291,980.0454204743437
47,74350.53475191876,1,1.966535849529587,15,85.1506630625797,0.1800247532905529,356,0.06760489157804372,43.90834464464895,0,0,21,19,0.4179538267607738,1,1.2757624491168804,3,4.291960626245961,38.45267170265324,16.42961914794858,6.017696903718111,1109.2800947468768
67,48210.158092380756,1,7.374260857706773,7,68.26942013814728,0.14541110632979753,319,0.3807630805670686,51.45132377658201,1,0,21,19,0.35172754273613066,3,3.854108130818389,2,0.1157320648945881,10.583041207856802,26.677243776335242,9.678262348435803,872.0510515822882
62,40031.50569663333,4,2.8651954892712297,15,76.28229127854208,0.12232245994083653,49,0.36414286277223146,25.778752065630034,1,1,17,14,0.3629238180295241,0,1.0976804105757254,0,5.680395025367561,90.40357397387379,11.099834834763506,2.2297330746757926,1337.4693462774412
22,32456.919403450553,3,8.026403123529297,13,65.40260827074815,0.09988471063145873,115,0.20657886486489627,28.31722778382015,1,1,23,10,0.24924686564742315,2,3.3190600356020368,0,1.247430781370864,40.8197832091432,42.07046093818766,2.145624197004591,1272.769404194932
50,67619.86990368816,2,9.972378999036026,6,119.48793488960058,0.09941772255829236,155,0.3662931447189838,55.4287140609579,0,1,20,14,0.38341005719100685,3,4.36162039377812,2,7.646482407910263,98.03912045930757,49.98516327329438,0.5721848770531568,913.526959084248
18,43449.50090739189,1,0.30026005329392813,5,48.83854528292973,0.11200572488609312,137,0.18399255133916953,38.038428243948516,0,0,20,11,0.39118135935708015,4,2.5197672336721144,4,2.577377238150196,34.753877326251924,16.797771995911823,6.581987988093223,850.2171248861799
35,27706.64110571276,2,8.973658657909318,13,136.66991223788546,0.1203453362928316,167,0.17565896974320921,66.11794685344897,1,1,22,17,0.23312217612188774,5,1.1793617473596512,2,6.7418741080865505,83.6356047227121,42.27405275575616,5.490421808222619,1280.399243729603
49,65828.67906796446,4,6.226305335986581,5,72.18726938497296,0.18557008778920675,321,0.20565106484655565,53.3790458302257,0,1,20,11,0.15830098603190088,0,3.8553897985149073,4,6.462235278246794,25.63853132914532,43.776320683227965,1.1123920384663977,791.6217674242364
64,97394.99276149186,3,9.733826191648213,9,83.6689315243627,0.22366330413814056,199,0.18750784046764346,59.10143225309611,0,1,24,16,0.35813730593389237,2,4.718745809856603,1,6.166756029300201,7.615289337760222,49.8076156490969,3.6453893511818727,1068.0957125540824
66,59908.9363269016,3,4.650095175264276,8,68.50407164791032,0.11451304027017747,71,0.17848036764398195,71.16038480631342,0,1,20,9,0.142665305039426,2,3.8686855682330714,3,2.669520075371926,3.1733361673800697,17.79328635912099,1.7866320533120383,1077.0903448510944
28,72577.36161677462,3,8.473879305713737,3,67.66732880289092,0.0,7,0.3143398107149553,45.354337822901414,1,0,10,18,0.31520157778377794,1,3.313788972011101,3,2.6708977717556817,60.616842664478355,38.04602829199118,3.3148174040086156,751.9705510006473
38,61227.440378213476,4,0.6239406859827723,10,64.30340193134734,0.052412776335413996,200,0.21501356539562033,41.38269941875586,1,1,19,15,0.25527548952126927,0,1.9201153195162401,0,8.630480434413299,31.15736716735894,12.211641178457285,9.512641693946101,1101.657052258138
43,58516.65520213286,5,3.352790500782957,9,92.02515924087271,0.19057484409358835,336,0.27124817644338045,63.0755387839822,0,0,29,16,0.4218665210788921,1,1.061502496177988,1,0.12807332630426993,44.351988047582836,31.615004063315023,6.833188388805289,977.2451212607627
42,73786.14724481653,5,0.6701653775120997,12,51.78400612745888,0.13593263141278733,67,0.3031380525277331,57.64270345894529,1,0,17,17,0.2607156109232793,3,3.778688433916213,4,1.8152263345395792,81.86470356007953,35.537285904169046,0.07569100795141948,1123.4050358695072
39,55645.88183717023,2,9.753431334790704,9,87.28217088485337,0.1213023243622498,138,0.23881857956547337,47.190045352680485,0,1,25,15,0.4107272972003804,1,1.9241047033771719,3,6.101709176419851,24.810808569480216,37.314913934219724,2.5250807378412365,1162.3866232665332
44,64010.88471107854,5,8.169739072718368,4,36.310145298963825,0.09165810442976197,242,0.10297286740917612,70.87186950433913,0,1,16,20,0.24857905556369736,2,4.43265070872943,1,8.170462544031698,30.865247673491325,11.15143626063862,0.10361547077779032,852.2423083409549
66,64825.467092940205,5,8.525474212459706,10,85.47057542283528,0.040548897038700786,213,0.06471341110359613,46.81633535240104,1,1,20,12,0.3999991005059611,0,2.8654564753304452,1,3.5834550867285864,84.53361850586673,42.587552954313544,7.148684987686807,1155.3803757707174
30,49978.64319535427,3,9.379652314338943,9,96.98285211864382,0.18388948773727512,181,0.21487806348073052,50.49160456333672,1,1,26,13,0.5060341543836832,2,3.122542329489825,4,6.534434586108001,49.27622733435041,21.62762115923455,4.694218020554784,1130.8105184294302
50,74880.63524304784,3,0.8510348611978535,9,54.50961785385261,0.05883948742629556,254,0.18287436951750657,50.31833976251388,0,0,27,13,0.19319528616337595,4,4.015746177065466,3,5.571564196202363,82.76651670524876,11.602106368993198,9.940186918143892,1152.4162417589814
51,57375.60364956887,2,3.8559759251333334,11,93.57485203437489,0.13646559082691395,101,0.20873914289201217,35.981091576522935,0,1,27,6,0.32920357217309076,1,4.117722431213373,6,0.645401044820354,37.44760034663164,27.584023330223175,7.335832610226582,1263.6571504969518
58,48663.82260760733,1,0.7103488904400213,6,81.02770821248643,0.03496491151229282,351,0.1983945960751414,51.163780842295864,1,0,16,13,0.5748782415910065,2,3.5706033323222726,5,6.217501969306781,39.83699808271085,43.304499350740166,5.179129427078819,807.7201468336572
52,68047.64765355605,2,2.107931015500286,7,111.9685291071568,0.08923256575858618,87,0.4583573660166567,70.95140266097737,1,1,19,19,0.3066588826902922,2,4.7537272616509725,3,8.139034722724935,16.713836177825627,48.38730757912757,8.047054282081351,1179.3740731439016
18,46522.98027313444,2,2.293657770376724,12,62.8958723537782,0.14964785652264823,185,0.06697737443586621,56.67452473064264,1,0,29,15,0.30617882702296484,1,4.929193745281678,3,9.924483202994093,91.63458535949664,37.66218326466584,7.048036512340761,1194.14711185109
38,60422.717360536924,4,4.691072110475787,10,136.3197180744546,0.08751529137666031,91,0.0010053730178875286,50.46595139598397,0,1,19,4,0.37884989473510194,4,4.787541777498467,2,0.2964007265172286,89.67836940126095,1.2755214272967588,2.4377617763598716,1059.3618714898184
65,59863.21505033695,4,2.685621674536426,14,32.18435691349525,0.08157750623169863,248,0.233237683351961,47.573490782514966,1,0,20,11,0.3041080864094754,1,4.296716741375774,2,6.60058172583868,98.42170145647735,7.600337262831851,5.3025827482751655,1154.3212502595818
23,76288.43348747367,2,1.009781068177611,13,73.40992398727748,0.10053181341743406,214,0.1623577445411805,54.963005426095265,1,1,24,15,0.12927740054294473,1,3.822500880977006,1,4.145495531479622,40.24471271697115,4.737425335504421,5.5599872483407085,1225.3629769879421
45,67120.47349319929,2,1.674910890941077,11,46.02860578754134,0.03319985537825361,359,0.23160678697299514,61.246499427337774,0,1,18,14,0.4132287374838939,1,3.65330343152667,0,0.09787888706205283,81.86149417586421,5.9594734067003525,4.5123169860780346,1039.099416947591
34,59624.595618822845,2,1.4727556355209093,10,117.02108353699532,0.023792654647699238,249,0.25838830222840015,59.138582463346296,1,0,21,21,0.0997051586134807,3,1.4150007076821356,6,6.1436094370851135,41.49537316721186,19.76871284496898,1.7919262285536197,1129.2260131749279
22,72266.4944880043,5,9.730767979122984,9,74.76598012368326,0.13571182413469643,126,0.32841046951788977,45.02202707267031,0,1,21,15,0.2583208348861658,3,2.08593738727645,1,1.224272985556355,45.42987889209728,17.58617242660276,2.23369051657887,1077.6065005626851
48,80853.1132352597,4,7.592925069184736,9,76.56629845261435,0.07888950371911002,4,0.049277417961606174,54.87172391165172,0,1,17,11,0.4207425749156648,3,1.0227528941175081,4,3.785668501891366,82.99993935948245,6.570564082147193,2.810474009559616,1142.3889261928782
22,68367.15459527794,2,9.67761465269562,11,88.86476196170426,0.13532423802907284,88,0.14432821021428371,57.19909611722418,1,1,16,12,0.2643457571357214,4,1.5496394809359675,4,2.6136709248840226,17.736677088639972,44.229532229098204,0.10255149378163742,1100.2477592448317
55,60155.28929765071,3,4.397404865079086,7,79.90389627345425,0.1559091508575354,151,0.2428761258880764,34.89207518709532,0,1,20,18,0.2306303507535596,2,2.7569179086767535,1,3.6116340227109935,22.03109344617523,31.155951240285653,9.169438921695093,1011.7334386798302
20,40322.45651474761,3,2.783684816626566,14,68.1247688719733,0.1599321304497732,176,0.2770463595687227,52.52345811775542,0,0,21,11,0.38792639051665606,3,1.5861462031562934,5,4.926955815009496,31.472824039581504,40.02670213886599,6.860959915834789,1224.6234494693929
40,44023.29505386941,5,7.982931972091867,12,54.86705498741904,0.018949585771183053,211,0.4193449550288386,17.580441705464573,1,0,19,16,0.21488852131656133,0,4.606653658707032,2,3.592095324895145,78.81790325000576,19.205920053916113,6.896173157844708,1124.443951221541
54,55421.629434679984,5,3.262539180411468,10,83.37026804666858,0.0651085355873051,259,0.2955703971113867,57.23800564731778,0,0,19,14,0.1777774280408046,2,4.222796741341128,4,5.527318705895392,37.26515493680827,21.101564798090827,5.723306138091213,988.3746324204284
54,50857.31696761075,1,2.9938337370534827,11,87.57667265378957,0.1268792653521903,91,0.1943211404113723,59.905145818440225,0,0,21,20,0.3274513987493283,1,1.286447648358073,1,2.3864969023285374,35.81682082807616,16.56343931629967,6.893108081610592,1089.9835208379586
27,57195.43045521831,1,2.325059922078312,10,93.90754472803458,0.1276500835951826,259,0.11095642470573384,61.21319188679689,1,0,21,16,0.2817076701587409,1,1.9956548618690642,3,6.353617674283816,99.88163452552418,22.482903992826063,9.818625498736363,1011.7318443949378
27,60849.74887345661,1,1.2967897822423535,15,118.25453700613045,0.21247187920981453,191,0.14357101472809808,44.07429721745649,0,1,19,17,0.1756326885811158,0,4.276287538446035,8,8.537630041248534,38.380614309947944,30.90848585539763,3.851603376344933,1343.2055692534414
36,67945.39131535096,5,2.5646306101676597,9,36.52462191172016,0.054619323338345925,81,0.14072971770428935,54.63570252536052,0,0,14,16,0.363695253999487,1,4.212184506239494,4,2.240670469152124,24.777053631558697,25.15621638417183,7.125255868765637,936.0361931856393
34,58942.518329113635,5,3.553197484738877,11,78.64565605294591,0.1584084200727049,138,0.26552336285137607,71.3593076831175,0,0,22,18,0.3464487605577234,2,4.781802200471155,0,5.078772158556225,62.32136782009433,42.05793330323406,3.5952900437752824,1215.1821631394287
38,67297.52465739303,5,6.739942081457304,7,103.83475671642856,0.11861373050192701,350,0.22569974455858305,71.20654472436888,0,0,21,13,0.2640244983394368,4,4.990191046469441,4,6.486897845498887,80.18799519550008,45.10681926188139,8.542887987468259,924.116478696052
31,60967.1162221518,3,0.6256484221945158,10,77.50955151122271,0.017988206666826503,126,0.06763504291578212,49.562409511601594,1,1,28,11,0.27086679938750535,5,4.9050802529644875,6,5.646261312134161,6.960783372315927,24.014508815012363,8.58028606890035,1302.1718993509605
26,30368.00150469193,5,2.1050693966534295,10,33.2365509261346,0.07260923816367026,356,0.1564098530909567,52.089794460943395,1,1,23,15,0.3470392742009156,1,2.640551942885766,2,3.6564944619222595,61.8892231138475,12.747651037083822,9.02266425423485,1067.0770782029047
63,45909.96909271869,3,8.090236402916764,9,54.17920850300158,0.11312640061616626,309,0.28775475534514205,66.6636671710165,0,0,22,9,0.4190361419752066,2,2.001313775208129,4,6.4219970800574835,3.5735455880224753,47.31442855350613,0.05463324241878342,1024.6384069923827
18,57838.686664175766,1,1.4692192358377076,11,86.57139699354639,0.014781664585186718,343,0.23516623549740592,27.487969771067377,1,1,29,20,0.2717206789890675,2,4.03364076170825,1,0.2824620621007623,52.63323509795179,37.01689350949521,2.9819144499609482,1140.935692344309
68,41854.578857383385,1,3.4264514652252154,13,85.84394589766681,0.0,230,0.25686446160127707,45.153863859844634,0,0,23,16,0.36546884930081447,2,2.197091570976123,1,3.69906231996433,25.69915637578092,32.36622721664011,1.3392435120159607,1130.1633715426813
62,68998.93094994307,1,8.6465892185814,6,93.45039396682041,0.011937871068167821,345,0.2382921710057263,70.03355683305135,0,1,33,9,0.3565200217084599,0,4.225601440525319,2,5.3261221464100315,30.664169767318572,37.52527294757482,4.539861978901568,1106.7915364898672
30,82961.26248515546,2,1.5492531114344266,9,64.37982112903632,0.11295668275421696,310,0.362643073460886,64.62800812527149,1,1,20,15,0.3879307292708976,3,3.1358189215916976,2,0.20613158835864676,46.70959639823826,4.723107337449221,4.9544964267929785,1060.1982582951375
21,78281.42777545974,2,0.827368356181899,12,85.19766469838595,0.07576663706332801,20,0.223604306382437,55.53895666474857,1,0,18,14,0.3039309198743465,2,4.175709100939816,4,5.076488296842998,92.7107460745587,4.313690054245953,2.559040428296555,1169.149461244855
18,56798.35693604688,4,4.845379950800108,11,61.08273384207351,0.0690022151343191,49,0.1613977202129302,27.412513920040695,0,1,14,12,0.2087674485933642,1,2.103519518868042,3,6.542544607656283,71.06673065878765,8.502911976468383,7.234464920450704,1018.5564031561673
66,82360.89205274929,4,3.024195112785364,19,85.19915987287382,0.07071890824171362,135,0.10842449588664395,49.25134650438257,0,1,26,12,0.25375008468000304,4,3.0321092622152834,1,7.592076977130451,93.68455962844963,8.225097404586089,2.6976971718896934,1506.6097031014172
57,62230.01185803167,4,5.634083644838541,11,81.06424394207079,0.02879387941710311,29,0.2249609458209712,41.151269056251,0,0,18,15,0.3342853465781648,0,3.256095174408728,5,1.133740814094304,65.99710045586777,21.612853267620817,8.538913752833587,1076.8052412851057
49,54943.71043322941,2,8.038048904834751,12,63.582799596741914,0.07717984085799463,48,0.0,54.9655835422582,0,1,15,12,0.4818464378381593,4,4.772432270880529,6,9.90564874891695,0.7107747087859662,8.712800031982844,1.7765936814178684,1194.9362156530672
51,50798.960046885906,2,1.3714848815274316,12,111.16367261525374,0.00898009759640822,269,0.1815710998167288,37.859799728076794,0,0,23,11,0.25159803768037214,4,2.066390307321669,3,6.061677013350955,26.55851973476776,42.87175656906323,3.6723529476528363,1093.151679808759
45,55462.95470267808,4,5.80699084554285,15,45.88728099675226,0.15938205696794533,3,0.1794160140078656,34.61414907538089,1,0,23,24,0.3804787443527399,1,4.746752957139579,3,3.6319379261232996,90.57725777203738,29.326749615473265,6.22237758424305,1295.8618706568955
48,54177.34772188157,4,5.055087603898639,8,77.16758033978945,0.18461648603386088,258,0.06355291463827192,19.027020834745375,0,0,19,14,0.26719435493232396,1,4.219435661862864,3,2.4909285445671383,64.34455209677448,19.04483292116232,6.053350704632533,1021.9811643731745
25,62556.243335632316,5,1.4407878601319957,12,63.141888713513794,0.0,16,0.10717341613440041,68.32707027465052,1,0,20,17,0.31104687558861355,1,3.923576216346781,5,5.728968616834146,98.16472365702748,4.411504373038087,0.7802911200514351,1241.7920311050927
56,62408.60971574797,4,6.2399848552898245,7,116.68404071712548,0.07654351703379558,94,0.2809657530148241,44.00344232835414,0,0,17,17,0.45153967492635927,4,4.147481076740501,2,8.817116471665708,15.59640192182956,29.960362001997133,8.462586121909482,1005.8185896125015
43,60045.69030230122,5,2.7364041786077165,8,91.96796015240838,0.07979942846826012,358,0.22307117490749628,52.35718675553802,0,1,20,20,0.3764292581420433,0,3.421700183520228,3,5.205653961413647,29.674783310651943,6.71010820901419,5.980649334297752,1073.9176314971028
51,66554.07254619525,3,4.878343185440125,7,67.0137924925922,0.09127577466914875,134,0.21017883337073276,49.96642825288728,0,0,18,21,0.1758700727259043,2,1.9763200418499434,4,6.614720556049603,36.23676595170363,37.417792269727705,8.698595487071684,976.8251006902066
20,77859.69412179512,2,0.8227232427706188,8,74.40569421359255,0.15007652121872003,301,0.23063475339320227,33.98849100559251,0,0,23,15,0.2427524976188409,2,1.757979875359411,3,3.576964395405602,32.65578181673106,40.33514674044725,8.676355782278685,910.764695460387
67,74243.31203161986,4,4.595840572136231,13,117.22514747961057,0.07668946089030346,327,0.20926275879489237,31.1140263282771,1,1,18,23,0.4256221344441359,2,4.465365743401562,3,3.881522880889726,25.199153014988063,27.65483664003222,5.459186903750311,1090.2450921944176
29,37726.53047325145,2,3.0646346804282034,11,61.07448736539939,0.09558742686343565,133,0.32428625628583146,34.920273110041464,0,1,13,20,0.31418780426284953,4,3.900557610383333,3,2.86175105771892,44.346571575677785,8.330540097902016,9.107814573114378,1147.1913581949684
18,21691.182976470678,2,8.223812111853544,11,44.71103655538883,0.2489527481900694,312,0.21234291817036488,39.15247341755911,0,1,23,18,0.18511598803841361,4,1.8528171310437962,0,7.056372943682398,64.22981233693712,39.55627346328281,8.48407798813456,991.2946345632662
61,74014.79866858911,2,0.5697872699736828,9,85.82013724927629,0.09443535461973465,32,0.05417868861812497,55.49909370520707,1,1,19,28,0.2181047555026279,4,3.460373463497606,0,3.5918755341656503,31.125692288669605,16.083561673707365,9.58122944561771,1129.774845089159
22,39496.81952376869,3,4.1860727491833,13,86.2728073481564,0.1883119930149703,305,0.36301299648744106,38.06423504719083,1,1,28,10,0.3703493522711172,2,2.7901859256568953,3,1.9071640404123924,7.969992331425568,11.910003994919531,8.504983985594063,1150.472869208681
47,56628.518971609745,1,4.58431424131438,17,93.3206914677972,0.12509938286944167,269,0.2370340267328846,76.19735947391932,0,1,15,14,0.399441028121763,4,1.6346206798523757,6,3.6940057116623795,70.85325268931634,24.05727540990284,8.212038510011494,1264.027727929121
47,42448.304609109604,4,7.250060762991187,13,93.45251521743904,0.07231455034620753,25,0.14107462692049325,65.40726553839727,0,1,31,13,0.3017855301482174,3,3.1274284374286574,6,8.538272078327562,45.901655578126864,46.209665827762976,4.693604806769115,1463.88033457508
34,32970.293436299704,1,5.74287575090211,7,115.41411301467599,0.06396330064122846,316,0.07465982817049815,62.125393244985624,1,1,22,12,0.5475313800936102,2,2.126076369865669,2,7.3825204357692344,55.64823060900632,15.57129131165166,2.120310603779277,960.7217434210384
65,68121.94092307182,1,6.672123371941811,14,45.637250192479286,0.09963637025001468,59,0.23959142209580456,48.20511646290275,1,0,18,7,0.38241523634556385,4,1.3849764966302862,5,3.346408444635639,45.54006571639151,45.37334654765839,9.10708733075486,1269.4415779442536
64,71387.3274045397,1,7.770492856517562,17,55.943936107093336,0.043676343762672126,213,0.18828279950256246,72.71421103580725,1,0,28,18,0.27565189303670995,2,2.8678331941816433,2,9.068089648367025,89.03575034549102,3.629012128251566,7.225491864460757,1469.522579608852
40,51352.34398909921,2,8.622029736581888,6,93.24406667892374,0.05680670168021499,156,0.3574146786032409,46.72991553318314,0,1,24,12,0.21842939519006555,2,3.3604342083742473,3,0.7483263511746696,55.874499716638006,5.092661545879394,2.8174786419852027,1050.5731069969065
32,21134.365617826348,5,3.1387549672247053,11,57.8874899657112,0.07884696994871103,314,0.16540927193331723,49.53107878768631,1,0,16,9,0.20251156953609584,1,1.187625641524602,0,0.4975379141364322,92.32768398517497,35.2294902316271,3.4099572275564247,1080.8007010482015
54,51806.33327621276,2,5.38022705363903,3,50.86824053481273,0.11466717709636147,276,0.11626192103175331,52.549618096239044,0,0,15,17,0.33354213204803695,2,2.6083709976439873,2,1.2747035478524127,51.057534155600024,10.339040410960601,6.860785118572206,680.8407439331671
38,65877.0600810382,2,8.401080784391999,16,117.3168910457054,0.19129986058705234,210,0.28957962182359287,60.527345608150156,0,1,17,12,0.2511222955086593,0,2.030647679346741,4,1.164547558586031,29.258816224028184,16.514413476634644,4.778173083536709,1328.428645727059
31,37816.32646838807,1,9.894511309650564,13,47.601157366714254,0.07575227866008687,57,0.29252818927168317,59.55362118504478,1,1,24,16,0.4673743753983425,2,1.1226023628289297,3,0.8783431501234051,35.544258717619655,7.682276068048373,0.8148256184636826,1306.6015497056953
19,62750.39879668733,2,8.895193110437631,10,72.97455925778709,0.12307590231890567,185,0.21686513676101957,42.87312082333095,0,0,15,19,0.44663118029178595,1,1.5026501984460232,6,6.613426119979923,52.212929358478554,17.28016518749487,1.41447945745657,1057.282084679641
28,59770.35226240507,1,3.714672626243768,10,78.81265097537191,0.018605107670897417,54,0.2676357047674909,42.00509420861069,0,1,8,13,0.36330665474972273,1,1.5561366352735102,4,6.008423796554238,52.99894378050086,14.742539700730704,7.456486835123112,1105.2494246371027
68,68689.37249401632,5,1.9516651721865041,12,106.18273283926555,0.15301443204436585,209,0.1962312879257762,59.59854435728127,0,1,17,23,0.18210038270431042,3,1.7314969924718846,4,6.476055105817147,68.73377015489488,37.0805443104602,3.2856952848183085,1208.794625472663
56,61793.705526212296,4,4.893925374065887,13,42.62393883435059,0.013915871253652207,342,0.2233865101009247,60.72854875836849,0,1,17,13,0.23277811274475949,3,4.213510285751685,5,6.8836605416203,22.449487218663077,35.39914602126315,5.0764942840203915,1120.8574973859281
55,45403.96588677667,1,7.416414518360423,6,88.30950303012499,0.13991932360507173,293,0.31649908825639234,44.099733127656904,1,1,20,15,0.42556775257411006,2,2.757967465912557,5,7.568797524806799,65.88428999655017,47.791431644989906,7.666214782535258,862.878666365806
51,77948.57252496737,5,4.925690707532976,11,62.192458834798444,0.09595375233590983,340,0.2625318334021503,26.19217895482319,1,1,19,13,0.2436933800204898,3,1.5883439690815475,0,2.0717692748641037,77.85880083807523,36.496662573479,7.511755937060524,1099.1077457659244
55,57622.05640459545,4,4.831808633136685,18,92.55222425184901,0.09396735286301053,304,0.18307255616673754,46.89025855987633,0,1,18,17,0.41221417339195243,2,1.401187867711557,4,6.223035132347999,67.65919894669901,35.04606989804786,1.6701502688727388,1224.7698033493698
67,59590.43190735102,3,8.382304210818006,10,61.86384547946282,0.08498676410405846,252,0.3352362545926151,59.35288698238788,0,0,22,9,0.3474603923034761,2,2.1917618349161563,2,5.800486593363733,48.18281098175908,35.01599056406994,0.983938643990353,1026.7565567225508
51,46000.98061390206,1,3.6140377906718637,13,111.44612512371555,0.034937368780395106,304,0.0,77.0812526962967,1,1,17,13,0.3051717884813187,1,4.192062074817809,3,9.436600258034737,99.1680651116834,44.26540532676063,5.9115229296509,1111.460677199134
35,53350.766232127346,1,8.597946748116456,10,61.9805996314749,0.03758647450655986,112,0.40520733114219354,32.030630564890075,1,1,18,22,0.22971671870645588,2,2.457839391758574,5,2.323677242396486,40.48131591292162,15.515599910901955,7.416328739312395,1275.0677534047966
47,46727.95928959649,3,4.068048009517236,5,30.760405882201667,0.14182600780194912,6,0.02940409051092646,43.601431207541395,0,1,15,15,0.2905756156475248,0,1.6395894411757523,2,0.587229343743314,10.659061457982922,15.704513350496407,1.4903992199541038,955.9645043940519
32,57405.809101148654,3,3.282331056783394,5,64.22301500517398,0.1005968390090694,191,0.1372907175227704,44.15894657711935,1,1,19,15,0.3189647954874898,1,2.6164647261846397,3,6.534950697145431,82.1504215407343,37.3194766755419,3.7195528732727476,923.8543992964368
44,85675.62720213515,1,4.53989911199699,8,74.7739977886221,0.0846221632409369,334,0.1959082464804931,70.33708009147252,1,0,16,17,0.4032538898301122,2,3.22124622914823,2,7.401728402367118,21.22012188804182,12.206551720356243,8.702779959676407,851.1654029326548
68,39421.48285602966,3,7.624469586748685,6,101.64707746324618,0.12216989753180285,279,0.18535193292718388,49.47587749312051,0,1,27,13,0.21142643993662452,1,1.1183367345520554,6,2.8319600580755067,71.3285572902442,45.68898020325052,9.44223141560321,933.1892901022427
51,35796.57903184889,2,1.2600202786399428,5,54.831703388701584,0.10506551416106259,340,0.3006411040026555,36.390101609416014,0,0,15,14,0.2737183157473885,1,3.5105672057606925,1,5.70848430939669,17.897628271512588,27.204304529257417,4.540697609496843,729.1803046776023
69,82067.55491240413,4,1.9641921587201738,9,55.22707745771849,0.060353422503005995,13,0.09421633813897656,58.38042924382729,0,0,15,17,0.30448231319322844,3,2.5804030120591572,2,0.5953606553415058,1.6877390857939378,15.706121476548756,0.7951593403083301,1031.7417740981768
55,56860.14484272201,4,9.514448256630919,7,99.21155807417969,0.22304981129212909,303,0.22607668174830634,43.9304221993858,1,0,18,12,0.36626783576861643,3,1.0389035005247775,3,9.60044841168289,15.979860378902567,39.02889655480914,2.5769645620237736,788.6378538449867
50,49963.908920101254,4,1.7549162738135737,7,52.495497640755886,0.13703781892515537,44,0.14217879017802462,31.634190899630685,0,0,21,18,0.2091535662477223,3,3.6955575957855236,4,1.0992497329916862,37.69886965758219,16.303710863889506,2.3296992031553296,939.0059557754698
41,75598.57031094114,2,5.6772731793105455,14,76.42033117216619,0.10635342866797778,105,0.22951409793374167,36.60840039085774,0,1,18,14,0.16834302071127846,2,3.8495505422505927,1,0.6757053615199571,10.66182471297983,48.20063753652171,2.38963720541057,1256.567242871241
32,50915.766903947035,3,5.793144666619378,14,76.82697633061976,0.07431943488930302,160,0.19352277402021237,76.01062931633929,0,0,18,15,0.36739651517100497,4,3.5153591542347313,2,0.4411015949461905,19.767908423568205,49.16647127652425,4.9388170537925005,1165.4037450837086
47,87390.14570320403,5,4.896244620502448,6,84.35159072685924,0.14763798445970955,154,0.2092935652682978,55.76313832474193,1,0,21,11,0.14820508850532965,2,2.367720870393689,2,4.2727190650335265,76.46262776843929,33.67301585634361,5.832256516915711,907.4297785984335
59,70168.88807008904,3,6.447452485768186,6,65.00303579234799,0.06062160651369522,242,0.14500751675356544,51.61640083178814,0,1,11,17,0.4284979714762168,2,3.1184194162638446,2,0.9715974345719003,76.98836079771307,6.568060597761233,1.2250958867993533,787.862524104518
68,52681.32887781446,1,2.2982672579761845,13,61.460112266508744,0.056411262951536846,181,0.14899360499039177,46.25159396281931,1,0,18,14,0.2844073902517092,1,2.5486308245337415,3,7.4464824095557525,81.74882271909767,13.897233646731333,8.893560065283344,1128.2742504550345
34,92359.62319898256,4,5.526622677767482,10,86.69788883504584,0.18466628178701913,14,0.2287272514027427,54.38223263178198,1,0,18,16,0.14524689177255534,1,3.8024869206387777,3,8.988741606264057,84.11552365475924,26.255431148586712,6.199738232811148,1131.8678324776815
22,50914.27615494993,3,3.7217325524689713,16,62.080082936604285,0.10153375880353546,180,0.29437155057560443,54.20353919003742,0,0,26,27,0.2519579780596506,1,3.3343207449347547,0,2.60218932324857,42.04358946137554,42.7209250548011,5.972517302680053,1333.6018061118107
46,71131.4305801396,5,6.61667259629189,17,52.800616197616506,0.06183254066424438,292,0.14017206658021525,54.38253242310989,0,0,22,21,0.3379123633069237,1,1.327196455309799,5,6.287731192513989,86.75496606935285,10.059438350159404,9.872789983842841,1223.9408304614105
21,64489.38870609738,1,1.4122354337314946,9,104.5559997570337,0.10028428490198386,264,0.11312324554270903,51.722676354166296,0,0,19,14,0.24672989124450223,1,3.5723742328759895,4,0.4233844701181777,52.593687501404304,6.115769491682684,6.281439774931253,970.0841675189785
27,79526.11934098197,2,5.708774168394762,10,89.76190762758364,0.1425093276924188,168,0.2613460165671837,63.031975074583244,1,0,21,14,0.3020029748824347,3,3.748953657351206,4,3.865644716927954,47.05971169360082,4.649396676262743,9.28959149301185,1057.3941724688639
34,83422.66795090279,2,1.852703553833237,10,115.3500479153068,0.13106272269775965,214,0.19674961069423108,50.34656519001096,0,1,19,17,0.37400783657052866,2,2.4828087224587976,0,2.9294211342772836,71.85363289957758,25.841410555642298,2.8625697235979173,1035.4185628266355
27,60480.0622359865,5,2.786430631150364,14,95.67935302433892,0.14871311315432262,150,0.2830498133985952,35.33091746671042,0,0,13,17,0.279780966461238,0,4.503143123838818,3,2.2861909644035885,21.38184113599072,44.35034751014059,2.4012949034649758,1166.0989089368638
34,48698.73194480725,1,2.1870980032358323,8,54.63712696737004,0.03752220486302599,16,0.10942027866288524,40.813656636486975,0,0,15,14,0.20629423235338662,2,4.372057419379851,4,6.447234896286991,78.9497376827472,3.075602889550725,5.165186868244531,998.533106694491
37,66899.58214408674,4,1.828377798688171,11,81.92738480119992,0.14745745808374222,91,0.022056107457656904,20.314719597654317,0,1,12,15,0.2701016002628159,1,1.7006660955989514,2,1.302279463585363,42.94658265662032,11.403755165683195,5.086089476366661,1072.1963046593921
41,49834.26945371841,3,8.25710951560667,13,59.68743490563508,0.09104706119744269,120,0.14669959181736658,80.40225674063589,1,0,20,15,0.441484013645926,2,4.617065233943475,1,8.607105232969884,12.729541400376043,34.96959377613558,2.2648364948389688,1084.8803424380908
22,90200.80871289935,1,2.857075676608903,8,46.96780806563432,0.10445503833519383,253,0.1233647390734984,62.9413188792903,1,1,26,17,0.4685064345333184,2,2.76348948598031,2,6.648359063687347,11.931191351696757,41.46730832204206,6.996556568999477,1048.6955743836997
51,62048.02996624106,2,9.271237818644494,8,71.05601213860032,0.16047472468223897,60,0.19212115999197002,37.548942573061446,1,0,18,13,0.09800738260577246,4,3.8949986105371734,4,7.10735178688058,16.49067438467001,40.56257693565931,0.2963381923669328,1098.7545643364554
23,54520.17673031837,5,9.699265253451909,10,99.63065750598243,0.13513628366356448,266,0.13631547857296106,45.7723272590435,0,0,16,17,0.4091027909191477,5,4.256388027868944,3,9.353443086576682,89.05727342437824,39.46833480869622,6.906304725494526,858.2351966604914
19,62770.204587973625,5,5.712604699370973,10,85.49825421575014,0.11755262404773395,31,0.2741016951336449,40.4468528869035,0,1,22,12,0.3250147716035356,1,3.0204496842787596,2,9.423728715025147,99.09378222590475,7.360190239853659,4.5717788612330015,1212.1775588643688
30,39793.10565705455,3,1.430011226657264,9,52.18211737482458,0.0008001658426522729,21,0.17118497375774838,73.13820817061176,1,0,19,10,0.392398267912015,0,2.596407757483263,2,5.516523238192358,35.69737992012835,20.464641526963007,6.890075108450791,1068.0626344118054
60,45425.789422340225,5,3.7454824337958126,18,70.35316849574527,0.09772490723098567,219,0.2150474498773901,28.701842535936066,0,0,21,17,0.24495117397323704,1,4.661805474460394,3,4.953798172859805,29.21438522052976,49.25248847875558,4.7708063064151895,1322.727358501702
60,78006.20861916638,5,7.9773226334821405,7,77.1426682931604,0.06076623062147498,81,0.2157634558440944,51.71714088228169,1,1,19,20,0.12317364904985137,4,1.9234142117416928,2,3.353816082269101,21.877097259433732,49.45549100781632,9.77333782884695,988.6589282954898
65,50146.58581542906,1,3.673907286970705,10,46.2177509205831,0.13555226521986816,289,0.21949550924121874,48.37208236152728,0,0,16,14,0.3584488788647462,2,2.027880310876578,3,7.155716102024683,82.38164771672454,30.51894220575521,3.346849511031178,939.0516817333609
28,44296.3352597709,4,0.8701721830278875,7,94.26344730497225,0.14954790935178308,31,0.19758708895450267,62.402579460636716,0,1,20,14,0.20590227387172827,1,2.4464812560537483,1,5.38208886979813,20.92074824188761,35.75409303133558,9.825729370023883,991.6689207196863
68,68049.79128790929,3,5.567849109281879,13,75.42529947482497,0.08489844886086184,234,0.2510600690410314,48.439861584129574,1,1,17,21,0.16117075685151475,1,4.437863111882262,5,9.328750797401247,92.40901299302698,47.612906017980144,0.6497394247897537,1175.728719723777
64,77785.56231994496,1,8.451208514960348,11,52.18810278135885,0.06664792621056564,36,0.12043448661741925,23.626866850168472,1,0,23,20,0.16815986175265335,4,4.755153056852304,1,2.386259487126053,66.73503789712827,23.04646520081931,6.837607747575566,1149.2816747505326
40,70784.29965997601,4,7.959263871435024,12,51.056528125178644,0.17781503977579666,132,0.3399417926653883,46.233232480363384,1,1,21,12,0.3600913782415334,2,1.8802708590194475,3,3.1025268625049076,89.71277916691946,7.706476036305871,4.542192067849121,1194.0317676603668
33,74940.71528708725,1,1.7512314013035324,14,102.01327889843222,0.06984262164931529,324,0.1763462616631465,35.417566730850126,0,1,23,14,0.3139452466029197,1,4.4554805905249815,3,3.160904474199687,55.400985439414626,33.77849490028783,8.221376255297002,1269.8944332828603
48,48648.073671458085,1,6.727646144124667,14,72.38373935708562,0.0402731246481874,346,0.06884508621013183,51.19369319834841,0,1,22,14,0.37824660218746736,2,2.032811837874277,2,8.05998454556707,69.06798621824967,48.04501294012565,7.8961606971699805,1172.913015180786
28,38672.83999887234,5,2.205042634356471,12,103.80704057912823,0.058366442349052805,132,0.21880733569917732,71.5126555478049,0,1,16,7,0.36690752544963645,2,4.882564986999553,2,0.9904033184215233,61.945810065770765,35.163098599448425,8.002101828759374,1185.5749122939237
33,82520.0047793323,4,2.1820753455217226,15,111.4431095980543,0.0722500305942895,9,0.11488195175525151,23.90862133651583,1,1,20,18,0.2579066435416234,5,3.389631567926329,3,4.556491209889797,83.11954563237968,40.362735224163146,0.9473859930251971,1405.410178631825
25,55159.802417367966,3,8.740717733051852,6,100.44896545711849,0.056931847352522595,30,0.2665334534508875,37.996658969001444,1,0,17,18,0.2929526426122544,3,1.0283458697895296,4,4.275807369730473,83.58608111858811,21.71469139456014,8.223656998612947,1010.8524250935566
21,56237.50475317429,3,2.4966895274023013,5,69.33136506765018,0.14226956916390363,115,0.4209605576042378,41.709605693247546,0,1,19,10,0.24885624712174603,4,1.1365196162847115,3,0.7313962101375859,58.979299984512515,5.726694553097703,2.1404015744376093,923.8704248163364
57,79922.91212773586,4,2.632473465180112,16,30.043057608654387,0.0,301,0.121342790844215,44.27553356880183,1,0,17,18,0.2789672227134509,1,1.5899381232188339,0,4.1079699854434715,63.25076493297723,9.275222241034932,0.2568026385903477,1205.981082878388
21,68343.4501410099,5,0.006533907612995549,9,86.25992609069657,0.055871979427723546,4,0.23323723332239849,61.10188496157866,1,0,24,13,0.2032745262018934,2,1.7502926312750269,2,5.133779832839814,92.18759204978299,49.15008664233838,2.177387196844114,1151.5617312342217
42,66838.31658122412,2,8.706690341255177,10,121.83152739557096,0.09762512772725686,325,0.02444944112953723,47.39683373657919,1,1,17,14,0.3390484293874335,2,4.070476491306387,1,0.6510469250491324,92.98664839649695,25.16603153272009,4.792851046998328,972.5005177768289
20,92475.03517351625,1,7.925948132091348,12,79.29219843652349,0.11051231100011466,237,0.24539052294413474,56.23704088580668,0,0,23,13,0.40751207489817565,0,1.8910635056677996,1,5.098621284446674,66.42497838951816,1.589008918685244,7.421113599114321,1075.4231197631773
49,50347.22654429785,5,6.27328935090678,12,40.20368962401706,0.18459174187622918,23,0.11142862002003101,40.61340434402335,0,1,22,11,0.21833869701790132,1,4.87656648019944,3,9.592379046834012,0.7754278173163542,47.81299675582752,2.186324808328537,1297.8806939096432
20,73917.60192121856,4,7.502657639388422,5,66.50243007139765,0.17726188563818432,16,0.13751653815655177,53.44886518126906,1,0,19,10,0.4281269645401342,0,3.544448228811753,2,9.789143231615324,10.4411214753941,25.391215686581596,1.1300754809027136,877.2316107167609
44,60855.19687345627,1,1.520485674244918,13,76.3253345046639,0.019963142202772885,22,0.0898713510160172,61.666964463165726,0,1,15,22,0.3113521496477942,3,3.770070037014071,2,5.316797785898112,85.79425317744162,41.97715151630005,6.459672550239422,1263.0206559998844
46,64028.88418294885,3,4.583235945875755,8,58.04022865160405,0.004597602971521023,72,0.27321512260547354,39.015506753943676,1,0,27,22,0.32410789764058134,3,1.87126607714083,3,5.15096932602959,8.47141163708015,27.87444895980778,9.838980363600175,1222.3291467370407
49,82927.02639618798,2,3.512193873487809,8,28.720920640402227,0.10124856311854995,304,0.3007304357473263,61.72037179709772,1,0,25,13,0.13005704803924817,1,4.570825256380338,2,2.8550816641639143,21.35191808550664,5.9834119000632935,6.008703020856181,1036.1324585542657
67,67617.53634434435,3,0.9377652625701649,13,78.0429845956975,0.0663407381768456,230,0.20233852146585077,50.78559153091353,1,0,22,17,0.11927376904342657,0,3.6712582912797256,3,9.971154717121015,23.05466802216518,31.162909524465388,6.910573641234218,1218.2652795534877
68,68074.4411857445,4,4.861304852149241,4,64.30247507284747,0.04039868290084073,107,0.11355732946642805,65.68190360723379,0,1,16,22,0.3144116362779682,1,4.457622497367455,3,2.7422917102522604,60.023476977990484,49.872613539660854,5.611674437464201,859.3665488589335
36,76087.61005964704,1,9.207396503426354,5,115.45383321799831,0.10080604487303273,208,0.35895230361038627,46.978701498845396,0,0,15,17,0.37897321246320076,2,4.825924388924908,2,4.529013004399563,57.66327978837642,2.7021513496512104,7.823484442285039,852.5653682764017
38,54525.70905685672,4,0.4005911905069448,16,82.02066975965593,0.11153486591672174,208,0.12495898722453438,55.718669827431484,0,1,16,11,0.23286195563550474,1,1.5025639084383857,4,0.029340578026765263,28.94175234204003,42.247915678237156,9.758044202094448,1196.441127741195
22,47411.85498991491,1,2.9146091349379386,13,89.39157793796784,0.05805157801779112,263,0.0,49.39090652482205,0,0,20,15,0.46700939005830894,0,1.3863489210757827,2,3.492322909091369,20.761136556844285,12.538558986887484,5.441292294041848,1064.9854390654561
35,44327.862089684495,5,2.0754093620570346,9,77.61827713007881,0.06879576274812531,51,0.24583890099570685,48.55681606939132,0,0,23,11,0.37349359742543153,2,4.213631306358543,3,0.7144030060882389,76.45320298574758,20.299444912897094,4.167905117427258,1192.915839491502
45,30504.65115935997,2,2.381466536656963,6,81.87466606347706,0.061897923630617524,65,0.08952253263584833,53.88395642338535,0,0,18,14,0.20916587482920146,5,4.464504236376682,2,7.438247703851323,93.54561556059761,19.262766076871873,8.603430611601265,879.8626616956598
59,90843.10694910484,5,9.084345518793754,10,46.95401423275713,0.07942543793893599,265,0.2988608793499175,58.05211203837356,0,0,17,10,0.3030848667053507,0,3.3350456835119426,2,5.610144530299323,5.28056799164387,45.04106251918686,9.6972834375999,1041.325813716393
39,43451.87451417475,5,4.6806905423429015,17,59.196673895574214,0.12707220496948687,338,0.16188623033265812,31.256526321139923,0,1,25,17,0.5476929133723412,2,2.4640021910020824,2,5.7217187728765655,13.318046270486283,25.71982325276007,1.2918164086956796,1380.882213598626
38,56681.19564621342,4,4.662994129398188,10,101.77229402638704,0.046104706942420665,301,0.26037132405441965,71.50450413226817,0,1,12,16,0.17574359972002943,3,3.610518544300895,3,2.86511285899703,64.21639887057074,22.91154005488695,5.781709654738779,1026.5436289618156
23,55847.80050166619,2,7.605756424552823,4,84.18923939460393,0.06796575032511995,175,0.3401500346552158,22.105054391753022,0,0,19,21,0.3528269938915105,2,2.2226562903698293,3,8.148962902529735,80.44414516714257,41.08323033300204,7.924599925459974,773.5104505207166
18,64611.10046713651,1,1.544922040049258,12,72.02986164234973,0.08003589284572492,152,0.07911411353792781,39.72781835391656,0,1,18,6,0.26772554472766574,2,1.9535427686138727,3,0.03270925331250174,79.11886687763996,3.39644958094244,5.333394051563908,1193.5945928276176
22,72236.05818808945,1,4.872653541000508,14,89.72342482931748,0.09966237974224301,266,0.14340628691075946,48.58596393852649,1,1,18,8,0.3706896290918512,2,2.952580838109062,2,3.336011791641921,71.96831530826893,5.236359439665965,4.091969681929487,1181.3070114344596
58,72907.10232539618,3,4.2998521412105974,8,90.11723819681187,0.11379922464562361,329,0.19243289273429368,56.18533953628922,0,0,32,14,0.42672736463183814,2,1.8646153104255188,3,6.594974904588677,88.7427954498092,2.0627539869381755,6.552298211354206,1094.799708470167
29,51253.83842146592,1,5.969106905466561,9,119.81789265888415,0.20211289202553961,304,0.3537551319034344,73.64258791612068,0,0,19,11,0.26137629112886324,3,2.9348144332606916,1,9.07922537416921,21.734887957081284,34.711162296369984,2.701280945133483,850.9908420081022
43,57493.174293203825,4,9.995577032504386,10,83.26132687771155,0.12860628588041953,163,0.13416172820595546,22.125627676623388,1,1,13,13,0.41189122717071736,1,4.826426021854288,4,2.3461595692523307,10.729094649194714,26.75519071687988,3.491337429383694,1049.1254429672344
63,64238.69925732449,5,7.694488940820471,6,58.74984848979398,0.12979656735195833,343,0.1405496304050993,42.38458807415434,1,0,18,14,0.522120339427196,6,4.359136142469562,4,5.41100051727418,61.53629700913683,43.92508416754585,9.922766588813447,795.4005387583493
51,56269.633107246795,5,3.978657030174272,11,77.68607034168664,0.08666934933602316,238,0.24781405755558086,18.09749768301102,0,0,17,23,0.30662747373442345,2,4.766523678000089,2,5.37991420533321,82.22758915234324,25.428112245657676,6.364653343744954,914.0727683535195
66,84110.18364029989,5,8.27553052274047,14,92.15131254242753,0.05100671021512838,199,0.1422771274289429,50.47432960865372,1,0,17,15,0.3784888687494185,4,4.225315899389434,1,8.741743690436998,58.20435784805732,11.869159065337714,8.729272983110747,1095.8456399213312
31,67364.62427457377,2,1.7070836331248018,10,99.91318022857405,0.07358929925751088,16,0.21525258828976168,54.075253767500456,1,1,21,22,0.2409559229796725,1,2.419003743785107,3,0.5051688955984235,96.29974874589062,40.45222128211639,8.077685130371435,1127.9096197230074
43,71023.16679074726,1,0.30463686308960125,6,47.69936255744241,0.06448337548925542,309,0.04484625790318733,73.86193613256879,1,0,16,10,0.30192593090312125,2,4.248180954206236,3,4.244755610707073,79.55644613917895,15.42186885739852,6.522725543940241,738.5247150196105
62,69943.21903001118,4,2.0444837246427303,8,85.07413438983626,0.1196115337777283,296,0.42143299425565967,51.80952141340181,0,0,21,16,0.2823324907291757,1,4.691662974212856,2,1.8246567479193154,70.07918009092609,46.84879932545824,8.407290824587733,978.0489477781682
44,77602.10786227987,2,3.4041155611425964,7,62.054901450037676,0.017435928818813354,356,0.06522907696905966,65.66037694163569,1,0,16,17,0.37969359256585955,2,4.788143151348217,4,0.21532600298598048,6.025729087173359,13.270770504759783,2.8715849543357095,805.8930182817481
26,62715.3233805556,3,5.105807574595599,19,68.66736150761116,0.12962668597936222,276,0.16782472960097916,58.757556223085885,0,0,26,9,0.4204675935756925,1,3.732791402739988,4,1.4703094052048282,10.774223873168209,9.218311990644054,6.371164488122983,1379.732432336081
43,40547.5207806623,4,6.151291405411998,8,96.91679248486784,0.09413802052819875,239,0.19675189641579055,43.47127704492247,0,0,22,22,0.28903451508825406,7,1.8454665752604527,2,9.764706728481992,78.48376325911943,25.172875584023704,5.906034895239809,902.9280283827708
64,65995.31927628962,4,9.106057172144217,6,94.92497078863798,0.13666741163445192,69,0.3912688134356796,28.86558879811941,1,1,26,16,0.4533622845732923,2,1.1589166134587634,4,2.148485095202679,19.823792557702934,3.475240780541923,6.224196007933448,1183.2061687348787
39,50229.64659312257,4,5.0985400955045765,11,66.43695077604882,0.06380459054228632,301,0.06751542190672599,54.12503447437716,0,0,20,14,0.4530047441561629,0,1.588800912640623,3,9.350307733358,2.8835176078990554,2.7841746956482645,1.6863192714677522,995.3722662937606
64,52070.74977375365,5,5.012756446257294,16,76.84315957919834,0.05493151425788772,6,0.39837041354787517,27.618469742819542,1,1,23,13,0.3846853743179901,1,4.862187671575782,1,2.0525434263094167,91.07606857469649,25.30471271751744,2.772430399980684,1477.8247887223333
47,68795.4602813264,4,0.5024300982298213,6,69.27836409758294,0.07966656404807781,220,0.27571768211020226,69.42810609004466,0,0,15,15,0.24839734682782716,4,2.8483872967710777,4,9.312952273844845,89.08053737012341,11.54023715894459,2.866583187925391,879.6576280082536
60,78574.24607150453,1,0.3491155265622381,14,137.83405979913533,0.0784675373623087,254,0.24170953244232463,47.56906846944764,1,1,25,15,0.23881711832600971,3,4.41994405932823,0,6.546209352003144,21.848382723149186,1.4582792813638839,6.019461625727632,1246.020801200823
65,60319.073651040926,4,5.511599619163721,9,85.56716332890726,0.14031742055374652,295,0.10153663129820446,67.92766117267125,0,1,21,13,0.2187618645309961,0,2.8601766142331644,5,1.1321857750192676,78.02062580729546,15.506788660144563,9.725468804397861,1033.2076716544225
34,64632.49518898446,5,4.381786132483445,11,63.2103681745442,0.13984024165285328,358,0.2571141242038074,42.79678348801401,0,0,19,12,0.3949166070238161,1,3.6432703338393577,1,5.819151551265778,4.7979661211655085,24.391000338483003,9.540675511821481,997.8957933948365
43,85533.22416952858,4,8.391803949802986,17,106.44334292442252,0.19525115417677094,107,0.12765133775802,54.03276179601488,0,1,23,16,0.17882317925106356,0,1.0965631084893346,4,3.1851403754027863,28.505800382326306,20.320146371560735,2.2718955298969656,1400.2279272664043
53,63611.297692328524,3,1.6067958471184518,8,107.14922731366599,0.07522539277410518,295,0.32666612531984124,53.14023286002033,0,0,17,10,0.3676837654111007,3,1.999459770877467,2,3.831531559780702,62.36669082566249,7.638003841860732,3.048452430667725,926.2405838758907
18,99025.24671270592,3,0.24971662117049598,6,115.83341421047068,0.0,118,0.10289379708922669,49.324338229836144,0,1,19,19,0.1918890652175887,3,2.745077120170357,1,4.401709578349731,76.31789961583854,29.4040665637669,0.3606189227916712,1034.813512867268
25,68482.64468447317,5,4.490387679301259,8,121.75987365020188,0.07952887134845911,168,0.1886841505543916,43.51010729905112,1,0,22,22,0.38235461198419735,2,3.5225241886166527,5,4.227070225303345,1.0399188788189573,35.806316566234216,3.9881558985939414,997.023433191599
66,33588.55861266273,1,2.374785567522575,13,94.15429765732257,0.11153289626041786,251,0.14447269119868286,55.8868402770578,0,1,21,12,0.30172195827305603,0,1.686084752212714,3,6.641088904830289,32.620861327374406,34.10141894600147,8.346741216803636,1174.5113122561222
52,71300.12431656799,1,0.4961437333883745,9,73.00296512443744,0.13572653455260844,82,0.10124770375730054,36.107551047751876,1,1,24,13,0.4333638561859827,2,4.05820585708196,2,7.683680685907631,21.4345560063674,20.294334142880352,9.1575173898614,1195.2745036158076
69,65717.37577324167,2,7.24598286847629,12,75.94766464791361,0.11518021356418598,54,0.27413198169079145,31.85847006561412,0,1,22,13,0.4141454578321271,3,2.4576188245449493,2,3.2917768920112134,99.87804057487236,7.742211407384587,2.364964795679436,1324.0883187564325
32,79346.29131124119,5,1.1159299995724747,9,74.15849396786913,0.07518612334551505,240,0.25354587474096335,68.6424033999024,0,1,20,12,0.44350654120021116,1,4.269741076935538,7,9.243639616856898,67.0982232385235,25.47485190104541,2.6579447348883924,1072.7904050291925
64,70097.72026904937,4,6.083195000077717,11,71.92489265641947,0.18570821787077785,12,0.3209010198900997,60.90751983338151,1,0,15,17,0.44608187182891124,3,1.3918763615802692,4,9.384663140188765,40.567145287974384,44.631155991917055,2.208498165087537,1162.985861727696
39,57923.16024024339,5,2.8104975016688916,9,104.79873614577181,0.04831320997188868,209,0.022012489179183248,50.9883741290336,0,1,30,10,0.31436308339881974,4,3.7190263507294876,2,0.406904371511434,7.565260198068502,23.967419598120408,3.5010356757457872,1204.4057399219396
31,41635.526455659514,2,1.7349605035502202,15,80.01441813871952,0.0862677575719081,165,0.3064170702341044,74.97713573815672,1,1,22,15,0.1841206933575395,4,2.1733133328260408,0,0.14908788883018498,59.86702575069638,10.588371437337793,8.047593985905447,1241.8742857668246
43,56864.65114070962,5,3.7975152291931744,6,99.42843729632412,0.04600450795695961,294,0.4505448905356894,45.98351721912733,1,1,25,9,0.19474769450026214,3,4.181532696490471,2,4.25066330151061,64.17014709360642,5.5596118515927895,6.468574698844601,944.9659616477635
45,47242.1931868605,5,8.014457762229537,11,93.5303310956198,0.1009788381045086,7,0.15483589108230533,69.8405482998347,0,0,23,24,0.09131514706840621,3,2.6086817081696423,1,5.906452509876585,81.64059275031352,47.252405266845095,7.859409178637,1243.991061345253
40,51292.14825292916,2,3.9209357690457267,5,58.02690073755833,0.17945028793864348,78,0.389514861210897,52.633611273887325,1,1,20,12,0.19163341665719064,1,3.661398529054266,2,2.779047474520616,28.857685291936352,37.40746103496883,5.8303110633530615,992.97495727907
31,68828.67606630914,1,7.507696492110557,12,45.65646660275433,0.09295370380505937,65,0.17368387279401734,34.62873874885415,1,0,18,10,0.3068823657704649,2,4.737221074545894,3,2.5941375108577436,98.14280804800964,16.335381662323634,2.577330780591468,1150.7869559211733
41,85048.56756527109,4,1.2548629679915069,11,55.2667406662987,0.09326000739532604,102,0.06275902624386931,77.72060287656275,0,1,10,17,0.24403458191748378,1,1.0825065280550574,3,6.783338297091906,43.94657393139495,15.472267904053547,2.2799418021254416,1123.1890353187976
19,65920.07294734471,2,7.727714196650791,5,71.46587264538422,0.015201899581137046,357,0.16943675575932043,64.86066269936128,1,0,23,16,0.28198643955901487,2,1.0444671293374945,3,6.017042846555698,29.594375465949362,44.86570584940728,0.09000705863749792,817.3596890433505
62,42061.754069472234,3,2.3693332490664867,6,82.6865620053575,0.08565039071045007,300,0.3048203967675276,48.18468453485654,0,0,22,8,0.3492715419461401,4,4.081117008706854,4,1.6714687499310965,34.844933400145784,9.700843505672905,7.8098213687407245,870.7014906483146
43,66669.0400233021,1,6.773931298888728,10,67.03399345311232,0.1575243525016676,287,0.11618235176684687,60.90756889300924,0,1,18,12,0.26959347419342417,0,3.5855722060323125,1,8.845009632651589,51.95860529671238,27.21682719317068,8.471212261647178,983.9206013315891
31,77949.47229968477,3,5.657815548409964,7,94.06130293482204,0.08748819171714628,171,0.1399661340993513,43.9444484900314,1,0,15,11,0.18781711995874156,2,2.1719188820177306,4,6.7997607016106985,93.67015645071272,35.96170948378577,7.682825996284163,897.2266312014574
68,50853.25643520927,1,9.291447172116873,14,69.44629611166081,0.08411048930438446,77,0.2593539432293191,62.43723552589313,1,1,18,15,0.2946766332436568,2,2.9775868110970496,4,3.6257624916900832,73.51587979194005,20.423127246318792,0.7440205772849073,1319.8783377795048
24,57989.742499906235,4,3.87322517975314,5,85.13914876367889,0.15528572879216468,48,0.2003060116738573,14.13382152074061,1,1,22,18,0.2101509513227155,3,1.167742662395475,2,6.8362468999115,57.710964946378226,2.9552147846113392,7.62221627169866,997.8099536714662
20,60220.32292093796,4,0.6616518883444045,11,82.35163361323774,0.08432179435147177,255,0.2584622952486741,34.70297999458109,1,0,22,19,0.2729213503020937,1,1.7697824214449631,4,1.1265308676781594,16.28103879798618,12.160181872256556,0.4576745315026931,1022.0703562477754
64,48226.5253037664,5,0.19155485551252904,16,114.68866183574772,0.16460268161135616,82,0.2237829540758336,64.68889616430444,1,0,15,19,0.4342776964423003,1,2.69798549810867,6,4.682561245740561,14.935331089087168,45.18859873467631,1.0559306570639115,1359.9987592092323
40,69724.20650765789,3,8.26858560972753,10,60.495181497994544,0.03576802023061276,209,0.2479625319551573,46.25516692671621,1,1,22,11,0.2729494695903825,4,4.336177664885929,6,1.689844095595593,50.2196913813564,26.632829375138165,4.404753729326672,1138.9229609222066
63,58185.77777088327,1,5.247356376614322,11,124.1683818230941,0.1338926987420515,209,0.1567698814190459,53.113134423331125,0,0,19,15,0.4770957553347745,5,2.9186687314403392,2,0.4143124612843663,72.87087046016492,40.95662107791052,4.761470089248401,1003.012810023969
60,66292.98665860541,4,7.752440518349493,9,68.11300294520791,0.18231646038477284,84,0.22317309420303927,29.79821506826848,0,1,16,11,0.44316359869379696,2,3.345450018103915,2,3.3832627028829974,75.10121727551102,28.228591596740248,8.161186366186964,1115.3956421939426
64,46687.6173329685,2,2.3442560001151467,7,53.19886219278381,0.15039284487274568,10,0.10726269943040664,77.71800493553155,0,1,16,15,0.24206946914209568,1,4.495015167975122,0,1.5073548348078325,22.59143838762584,47.23650268990286,6.7952689204091055,1025.9675846161672
62,53438.125495148844,4,3.450837455132337,11,75.66170019146924,0.006636322418236265,29,0.32884336225033883,67.85794465576515,1,0,18,20,0.1888876233584224,2,2.235275654355381,3,6.335179569538248,10.009951284725327,45.54756970228541,1.5332017863121628,1092.3845052631711
35,70835.72036741656,2,0.3010387221131894,12,144.80278297273617,0.06808483792845582,304,0.13657252831826863,46.98972172437006,0,0,16,14,0.29474458380798063,3,3.8027972844082236,1,6.740678940177103,38.44609892537895,24.661514058509695,2.2614678322880133,1022.0671863348855
55,54407.502718623495,1,9.614923245741121,9,97.9041047003725,0.08790242376711085,116,0.312884748754939,43.929562147050106,0,0,21,14,0.4153327763396889,2,4.446669034713013,5,1.4869230622660334,91.81725432440743,16.59542724638112,2.8567518825868676,1016.86288010754
