fraud,transaction_amount,transaction_hour,num_transactions_24h,distance_from_home,merchant_risk_score,is_international,card_present,online_order,new_device,account_age_days,customer_tenure_months,prior_chargebacks,failed_login_attempts,billing_shipping_mismatch,high_risk_country,merchant_category_risk,weekend_transaction,customer_avg_transaction_amount,amount_to_avg_ratio,days_since_last_transaction,num_cards_on_account,ip_risk_score,velocity_score,browser_language_risk,screen_resolution_score,customer_age,loyalty_points_balance,email_domain_age_days,app_version_score,random_marketing_score
0,52.51,14,7,9.33,43.93,0,1,0,1,3001,100.0,0,0,0,0,2.08,0,23.78,2.21,64,1,31.33,97.9,0.29,9.96,72,32593,2791,5.84,13.07
0,22.17,16,2,14.31,21.28,0,1,0,0,2355,78.5,0,1,0,0,7.03,0,17.97,1.23,68,1,14.31,31.24,1.63,4.89,46,18722,4108,6.46,23.12
0,16.33,6,2,8.91,76.3,0,1,0,0,944,31.5,0,0,0,0,4.98,0,32.03,0.51,36,2,85.62,21.63,5.24,5.93,43,36957,4292,3.19,66.25
0,204.34,22,4,54.62,27.66,0,1,0,0,1992,66.4,0,0,0,0,8.42,1,43.51,4.7,15,1,71.97,60.51,6.61,6.64,52,7161,3661,8.64,99.29
0,22.26,21,4,16.67,76.47,0,0,1,0,966,32.2,0,1,1,0,5.53,1,34.16,0.65,80,1,86.48,69.02,8.52,8.97,56,1322,1436,2.39,46.88
0,133.25,21,0,56.23,36.69,0,0,1,0,2105,70.2,1,1,0,0,4.73,0,11.61,11.48,9,4,3.44,0.0,1.44,9.27,72,42057,4513,4.07,32.53
0,39.31,6,4,55.68,49.02,0,0,1,0,1328,44.3,0,0,0,0,7.0,0,22.97,1.71,86,2,68.79,67.16,4.78,7.05,79,3503,546,8.31,22.56
0,44.72,10,2,2.94,29.04,1,1,0,0,815,27.2,0,1,0,0,6.68,0,24.98,1.79,39,1,52.56,26.99,8.98,1.37,68,13756,120,9.76,9.33
0,56.5,0,1,14.01,5.23,0,1,0,0,743,24.8,0,0,0,0,2.25,1,14.05,4.02,89,1,30.01,15.59,8.82,2.14,72,1225,4290,7.01,78.02
0,16.43,17,4,9.74,83.46,0,0,1,0,1883,62.8,2,0,0,0,5.7,1,32.18,0.51,79,1,4.0,53.44,1.55,2.72,58,48490,1181,3.67,61.16
1,125.64,8,2,10.49,47.77,0,1,0,0,3485,116.2,1,1,1,0,9.14,0,25.08,5.01,4,4,14.58,23.62,1.59,2.34,46,21955,54,4.18,84.58
0,11.05,9,2,7.59,35.87,1,1,0,1,419,14.0,0,0,1,0,2.58,0,15.61,0.71,69,2,4.01,23.95,8.75,5.51,22,5860,36,2.84,44.53
0,29.42,23,1,61.32,7.39,0,1,0,0,883,29.4,0,1,0,0,7.86,0,26.68,1.1,38,4,4.87,20.5,5.53,4.67,62,39436,2243,7.25,5.25
0,56.54,16,2,16.5,4.0,0,1,0,0,1831,61.0,0,1,0,0,8.09,0,26.07,2.17,8,2,66.33,17.94,7.0,8.08,65,6640,2252,6.92,61.84
1,5.99,23,4,26.67,76.35,0,1,0,1,1925,64.2,0,2,0,0,2.11,0,57.08,0.1,53,1,74.03,64.56,3.16,9.8,79,15441,2574,8.95,45.42
1,34.02,17,1,16.89,7.04,1,1,0,1,2023,67.4,0,2,0,0,4.93,1,37.88,0.9,65,2,59.24,11.33,7.63,8.83,50,42936,4196,7.76,81.03
1,12.98,10,4,7.44,24.64,1,0,1,0,2044,68.1,0,2,1,0,6.54,0,57.45,0.23,11,1,60.7,43.97,8.16,8.77,36,49111,2003,7.88,71.55
0,83.95,6,1,3.68,38.28,0,0,1,0,3515,117.2,0,0,0,0,8.29,0,48.42,1.73,73,1,81.75,30.65,7.34,8.7,41,23369,2966,6.93,50.51
0,43.5,2,0,15.57,52.69,0,1,0,1,2020,67.3,0,0,0,0,6.87,0,34.66,1.26,42,1,93.29,6.0,6.53,7.66,78,30416,1881,7.55,94.54
0,143.33,4,4,5.74,41.56,0,1,0,0,1348,44.9,0,0,0,0,5.18,1,81.24,1.76,84,1,64.56,60.18,8.66,8.61,47,14971,726,1.56,64.16
0,25.72,17,4,20.67,80.42,0,1,0,0,3293,109.8,0,2,1,0,6.18,1,46.21,0.56,54,2,74.04,77.1,0.69,5.99,76,31800,3865,3.17,97.1
0,122.47,19,4,2.87,65.87,0,1,0,0,2265,75.5,0,1,0,0,5.74,1,40.29,3.04,57,3,72.62,49.7,2.56,2.54,67,22992,1300,7.26,56.39
0,82.4,12,4,5.15,72.26,0,1,0,1,789,26.3,0,0,0,0,4.83,0,25.27,3.26,40,4,55.35,66.14,6.23,7.43,62,26941,4939,3.12,50.89
0,17.81,5,2,4.2,60.93,1,1,0,0,1957,65.2,0,1,0,0,2.04,0,24.98,0.71,62,1,33.63,33.77,2.04,2.39,66,40456,4999,7.66,79.78
0,248.36,18,1,16.22,67.51,0,1,0,0,956,31.9,0,1,0,0,5.4,0,20.49,12.12,64,1,33.77,20.91,8.65,3.77,44,42616,3878,9.43,9.82
0,48.14,5,4,35.48,44.6,0,1,0,0,1174,39.1,0,2,0,0,7.98,1,51.73,0.93,64,2,79.13,61.03,0.06,8.12,56,7214,1470,4.7,22.43
0,26.76,5,3,23.46,37.72,1,0,1,0,1015,33.8,0,0,0,0,7.9,0,61.39,0.44,15,1,30.4,49.58,4.07,9.51,79,22129,4654,9.25,85.32
0,111.73,3,2,4.21,25.75,0,1,0,0,2581,86.0,0,0,0,0,2.8,0,52.46,2.13,23,2,74.12,17.35,9.67,1.99,64,15238,1796,1.62,9.14
0,290.11,15,2,15.4,79.41,0,0,1,0,1297,43.2,0,1,0,0,3.63,0,68.5,4.24,20,1,99.33,22.58,9.92,6.59,73,9897,3896,1.17,1.43
0,20.66,21,3,39.29,87.77,0,1,0,1,561,18.7,1,2,0,0,2.26,1,31.79,0.65,17,2,44.12,50.12,9.16,0.4,66,42538,337,1.79,23.15
0,41.1,18,5,29.93,38.99,0,1,0,1,1143,38.1,0,0,0,0,2.34,0,30.76,1.34,46,1,64.53,87.88,9.23,3.73,23,9405,1677,4.59,64.45
0,11.37,22,2,31.68,25.83,0,1,0,0,1657,55.2,0,1,0,0,1.63,0,15.94,0.71,0,1,14.39,36.64,1.47,2.01,21,19270,2427,3.67,1.27
0,18.55,22,4,98.08,73.79,0,1,0,0,3066,102.2,0,0,0,1,8.26,0,40.99,0.45,26,1,57.55,57.37,3.69,2.73,20,11720,3572,6.76,4.16
0,31.52,20,1,1.0,8.44,0,1,0,0,1608,53.6,0,1,0,0,8.13,0,130.49,0.24,72,1,70.47,9.28,7.55,7.82,52,42309,1664,2.46,56.56
0,19.94,17,2,28.12,66.56,1,1,0,0,3436,114.5,1,1,0,1,2.62,0,23.89,0.83,43,2,47.36,20.62,2.1,4.88,59,42541,731,2.12,71.98
0,121.5,17,4,35.86,41.39,0,1,0,1,1585,52.8,1,0,0,0,7.86,0,24.04,5.05,65,2,56.25,61.91,7.48,4.23,70,40621,944,3.1,53.67
0,15.52,5,3,46.14,20.61,1,1,0,0,413,13.8,0,0,0,0,3.18,0,40.37,0.38,64,1,87.39,35.23,2.02,9.18,54,22132,4312,8.67,55.2
0,24.45,20,2,6.53,93.43,0,0,1,0,1932,64.4,0,3,0,1,6.53,0,44.94,0.54,55,3,58.39,14.9,5.53,7.6,34,40226,849,4.05,12.23
0,13.31,6,2,12.14,88.01,0,0,1,0,404,13.5,0,2,0,0,6.46,1,30.73,0.43,89,2,49.9,36.95,5.16,1.18,48,21695,2052,5.04,54.64
0,18.97,1,0,23.63,20.0,1,0,1,0,2499,83.3,0,1,1,0,2.01,1,24.46,0.78,48,1,58.75,0.0,7.68,9.41,40,6994,4613,3.6,84.08
0,26.86,2,2,4.12,51.79,0,1,0,0,1702,56.7,0,1,0,0,5.99,0,12.85,2.09,53,2,56.94,25.66,7.68,5.04,50,35282,763,9.22,34.96
0,421.22,18,1,23.55,46.36,0,1,0,0,2140,71.3,0,1,0,0,4.33,0,40.16,10.49,13,4,68.85,23.52,9.65,7.89,49,49070,3810,6.73,98.47
0,71.14,6,3,13.63,75.39,1,1,0,1,405,13.5,1,1,0,0,9.6,0,36.25,1.96,3,2,27.41,38.37,1.01,0.85,49,21658,1169,1.23,78.46
1,62.82,6,2,67.81,86.93,0,1,0,1,823,27.4,0,2,0,0,4.13,1,29.3,2.14,7,3,83.56,28.37,5.1,5.54,32,20530,4100,1.65,42.35
0,46.74,22,1,71.6,57.33,0,1,0,0,2683,89.4,1,1,0,0,9.18,0,14.22,3.29,77,1,1.2,11.76,7.05,4.04,62,12369,2491,2.86,27.82
0,66.93,18,2,2.05,24.36,0,1,0,0,2412,80.4,0,0,0,0,9.56,0,21.61,3.1,21,1,91.97,42.59,6.01,3.68,77,26382,3689,7.87,97.11
0,31.94,15,8,0.26,25.21,0,0,1,0,1456,48.5,0,0,1,0,4.38,0,40.73,0.78,34,1,8.69,100.0,8.59,5.19,45,25530,4092,6.51,7.81
1,31.34,0,3,19.05,38.36,0,1,0,0,2623,87.4,2,2,1,0,6.24,0,55.92,0.56,38,2,75.35,22.42,5.6,7.8,37,43973,369,3.4,74.71
0,37.59,16,9,60.14,22.27,0,1,0,0,170,5.7,1,2,0,0,8.0,0,72.82,0.52,62,2,50.67,100.0,6.3,3.22,39,2835,4637,3.86,22.29
0,65.6,16,2,4.65,56.8,0,1,0,1,3533,117.8,1,1,0,0,8.75,0,27.36,2.4,64,2,79.79,34.54,4.73,6.6,47,41256,4173,7.93,72.38
0,56.62,3,2,67.59,75.51,0,1,0,0,289,9.6,0,0,0,0,8.06,0,58.12,0.97,79,1,72.52,21.99,6.25,2.85,45,35073,3815,5.32,95.36
0,84.61,20,3,37.55,71.89,0,1,0,0,1782,59.4,2,1,0,0,2.25,1,32.07,2.64,86,2,88.74,54.01,3.93,6.3,52,46049,3916,6.19,18.79
0,126.92,11,2,30.48,2.31,0,1,0,0,2553,85.1,0,0,0,0,7.34,1,24.98,5.08,9,1,59.32,36.08,5.35,1.97,35,23087,2140,2.55,22.01
0,40.69,19,2,14.3,50.75,0,1,0,0,1947,64.9,0,2,0,0,4.92,1,38.53,1.06,76,2,62.31,22.62,8.14,8.75,59,19003,2241,1.72,41.41
0,15.21,23,2,25.82,6.38,1,0,1,0,1245,41.5,1,2,0,0,7.85,0,22.29,0.68,75,2,11.52,42.02,5.03,2.84,25,20022,808,3.81,23.94
0,140.87,13,2,5.28,2.04,1,1,0,0,3588,119.6,0,0,1,0,4.63,1,33.6,4.19,71,2,57.73,28.85,5.1,2.41,74,22272,4475,3.29,12.0
0,33.08,17,5,9.96,54.07,0,1,0,0,3258,108.6,1,0,0,0,8.31,1,42.99,0.77,9,1,77.45,81.07,9.3,5.0,77,34542,1424,2.03,46.86
0,14.49,22,3,44.12,33.22,0,0,1,0,73,2.4,0,3,0,0,4.6,1,51.69,0.28,29,3,60.04,58.8,6.79,0.99,73,15695,86,1.32,50.89
0,8.21,9,7,19.38,99.79,0,1,0,0,1532,51.1,0,0,0,0,5.58,0,41.1,0.2,44,3,21.16,99.0,8.07,3.9,19,31891,4679,5.81,84.17
0,47.55,19,4,16.51,35.45,0,0,1,0,3346,111.5,0,0,0,0,1.38,0,40.81,1.17,75,4,42.07,61.96,6.76,8.23,27,2970,48,8.36,53.45
0,43.5,9,5,0.03,95.8,0,1,0,0,2864,95.5,1,2,0,0,7.39,0,49.98,0.87,88,1,86.3,74.78,6.75,8.84,32,49948,3225,2.08,1.46
0,62.12,4,4,45.98,19.34,0,1,0,0,1155,38.5,1,0,1,0,4.8,0,117.68,0.53,60,4,89.67,60.09,8.8,2.77,39,34451,3384,6.93,68.54
1,134.36,13,2,23.95,77.8,0,1,0,1,2531,84.4,0,1,0,0,5.06,0,38.47,3.49,3,1,29.56,23.26,0.49,6.45,51,13192,1513,9.33,12.54
1,127.37,16,4,98.35,48.8,0,1,0,0,965,32.2,0,2,0,0,6.59,1,40.88,3.12,39,1,6.7,58.95,2.25,5.06,73,47383,947,6.42,82.37
0,7.37,16,4,12.42,53.94,1,1,0,0,591,19.7,0,1,0,0,5.88,0,10.76,0.68,75,1,64.86,73.78,3.22,0.1,28,5317,3757,4.34,62.43
0,26.38,22,5,0.4,97.12,0,0,1,0,1471,49.0,0,0,0,0,7.18,1,87.98,0.3,23,1,2.79,70.6,0.69,1.74,48,5887,4125,6.41,12.96
0,16.27,19,4,22.55,11.59,1,0,1,1,3590,119.7,1,1,0,0,9.35,0,33.9,0.48,44,4,51.46,48.65,2.82,2.05,79,7420,3165,3.59,77.25
0,20.56,23,3,9.98,71.16,0,0,1,0,287,9.6,0,1,1,0,4.52,0,40.85,0.5,21,2,59.89,55.17,0.02,0.39,46,40271,2701,3.12,80.98
0,35.2,17,4,8.05,43.92,0,1,0,0,726,24.2,1,0,1,0,1.41,1,33.82,1.04,26,2,57.47,51.61,6.78,8.62,34,44817,4645,3.53,75.13
0,6.63,2,1,8.86,58.65,0,0,1,0,1499,50.0,0,0,0,0,5.32,1,31.69,0.21,35,1,88.56,9.93,1.05,8.14,58,12800,2444,9.56,42.23
0,61.22,10,3,15.78,95.41,1,1,0,0,3043,101.4,0,0,0,0,6.28,0,30.63,2.0,55,1,60.56,36.93,8.88,9.35,42,9542,2113,9.28,97.86
0,24.83,20,1,2.91,45.48,0,1,0,0,3558,118.6,0,1,0,0,4.37,0,54.83,0.45,77,2,29.2,9.64,0.49,8.04,61,39190,4744,7.59,74.53
1,224.21,12,3,17.08,8.06,0,1,0,0,709,23.6,0,0,0,0,3.65,0,80.13,2.8,71,1,46.98,51.31,4.54,5.63,49,32324,3813,5.42,94.53
0,35.98,2,5,5.57,47.78,0,1,0,0,2575,85.8,0,1,0,0,5.77,0,34.23,1.05,30,1,68.78,90.38,5.14,9.31,44,6624,830,9.55,43.15
1,54.11,20,2,105.23,6.67,1,1,0,0,416,13.9,1,3,0,0,4.59,0,43.56,1.24,50,1,73.17,31.15,3.36,9.69,19,11017,1773,8.93,91.98
0,36.75,1,4,13.89,89.29,1,0,1,1,3082,102.7,0,1,0,0,2.98,0,98.75,0.37,29,1,36.19,71.13,3.72,1.49,74,14618,1351,3.85,0.43
0,19.27,22,1,41.64,88.41,0,0,1,1,847,28.2,0,0,0,0,3.6,1,65.69,0.29,85,2,91.36,17.99,0.13,0.5,20,23444,3236,5.68,44.7
0,13.82,17,1,44.55,59.99,0,1,0,1,1395,46.5,0,1,0,0,2.02,0,22.3,0.62,89,1,66.58,17.14,7.51,9.71,37,20815,1031,8.47,46.0
1,9.02,22,0,54.34,78.86,0,0,1,0,3249,108.3,0,2,1,0,8.66,0,28.41,0.32,35,2,54.91,0.0,6.53,2.02,68,27671,1805,2.12,91.25
0,64.49,11,5,73.28,3.23,1,1,0,0,1495,49.8,0,1,0,0,8.35,0,55.78,1.16,75,3,65.59,60.18,7.72,6.39,63,6375,2296,7.3,42.12
0,31.45,21,1,11.93,66.86,0,1,0,0,206,6.9,0,1,0,0,3.25,0,26.95,1.17,85,2,20.34,22.13,2.0,8.91,57,9073,1523,6.75,46.09
0,42.12,12,3,23.63,93.61,0,1,0,0,3590,119.7,0,1,0,0,3.99,0,31.63,1.33,51,4,9.01,43.34,8.19,3.88,62,1992,4213,2.38,95.99
0,17.22,10,2,91.37,3.46,1,0,1,0,3332,111.1,0,2,0,1,3.26,0,22.82,0.75,48,2,86.88,27.0,4.14,0.91,26,39088,2071,6.4,94.12
0,46.48,16,1,21.0,25.13,0,1,0,0,2382,79.4,0,1,0,0,3.62,0,38.02,1.22,3,2,8.65,19.31,1.76,2.0,37,6917,3284,2.39,36.53
0,23.76,21,1,55.26,63.59,0,1,0,0,1068,35.6,0,0,0,0,4.13,1,25.49,0.93,61,1,70.34,13.25,9.09,0.95,25,13594,859,7.57,57.52
0,96.71,10,5,9.2,24.93,1,0,1,0,1399,46.6,0,1,0,0,7.03,0,51.27,1.89,33,1,83.06,75.24,5.07,9.26,31,301,1037,2.24,62.1
0,57.88,17,3,66.41,51.57,1,1,0,0,1084,36.1,0,0,0,0,8.66,0,30.31,1.91,8,1,33.35,46.46,6.98,6.21,79,40402,1257,2.66,50.6
0,166.78,22,2,88.09,46.55,0,1,0,0,1502,50.1,1,0,0,0,3.34,0,51.79,3.22,86,1,74.27,24.95,4.48,7.42,30,43678,1843,3.68,18.23
0,27.28,7,6,3.25,83.99,0,1,0,0,2135,71.2,0,0,1,0,1.04,0,19.53,1.4,28,1,14.75,77.96,6.27,7.21,26,23254,1480,7.04,43.49
0,91.97,20,2,0.37,81.46,1,1,0,0,1958,65.3,0,1,0,0,1.69,0,33.96,2.71,42,1,97.28,32.82,6.82,3.72,42,34767,763,3.02,5.42
0,143.81,12,2,2.55,77.49,1,0,1,0,2939,98.0,0,0,1,1,4.61,0,9.58,15.01,67,1,31.0,34.44,5.9,6.88,63,24261,1858,3.37,50.52
0,30.47,1,3,9.25,68.1,0,1,0,0,1653,55.1,0,1,0,1,6.13,0,23.55,1.29,13,1,70.6,38.67,0.69,2.09,40,39163,4556,8.2,6.08
0,4.63,1,7,21.99,55.47,0,1,0,1,1319,44.0,0,0,0,0,3.03,0,27.64,0.17,11,4,42.78,99.55,2.48,7.28,52,3593,1174,6.18,33.38
0,29.26,19,1,17.68,42.44,0,0,1,0,2097,69.9,0,0,0,0,3.8,0,20.94,1.4,61,2,72.78,0.62,9.89,5.48,41,45590,2223,7.74,33.77
0,68.67,19,1,50.4,61.17,0,0,1,0,2241,74.7,0,1,0,0,8.72,0,40.84,1.68,2,4,43.94,30.99,1.09,7.65,74,11527,4155,6.79,19.61
0,23.49,14,3,10.77,81.1,0,1,0,0,1023,34.1,0,0,0,0,6.63,1,42.47,0.55,21,1,42.02,55.96,3.04,0.32,63,30156,1995,9.84,81.99
1,14.54,16,5,2.64,81.34,0,1,0,0,448,14.9,0,0,0,0,1.7,1,10.21,1.42,15,2,61.17,80.89,1.23,5.94,77,16852,4419,4.32,40.0
0,55.88,9,3,18.58,66.81,0,1,0,0,3044,101.5,0,0,1,0,1.26,0,32.77,1.71,16,1,91.74,46.55,3.21,5.74,25,19619,2331,5.84,32.69
0,40.37,2,3,14.94,2.46,0,0,1,1,1516,50.5,0,0,0,0,8.2,1,26.64,1.52,53,1,71.28,24.55,3.57,2.81,59,23919,4673,5.52,43.79
0,61.23,8,6,30.98,52.06,0,1,0,0,1979,66.0,0,1,0,0,7.64,1,62.44,0.98,51,1,98.21,86.8,7.34,5.62,62,42424,3906,9.44,22.41
0,59.36,20,4,26.4,54.47,1,1,0,0,400,13.3,1,0,0,0,6.45,0,46.25,1.28,2,1,10.25,56.83,2.84,6.77,33,29094,3772,5.47,94.47
0,24.43,17,2,29.43,21.96,0,1,0,0,3259,108.6,1,0,0,0,1.25,0,33.82,0.72,33,2,81.84,16.41,5.93,9.67,47,43785,2916,9.56,38.51
0,297.11,23,2,20.7,7.94,0,0,1,0,80,2.7,0,0,0,0,9.81,1,8.09,36.73,20,2,45.27,31.83,5.24,2.41,20,1448,2924,2.77,32.91
0,16.32,23,1,65.95,70.29,0,1,0,0,339,11.3,0,0,0,0,1.96,0,40.63,0.4,36,1,45.14,18.13,4.49,6.11,63,14938,4589,8.24,58.96
0,23.88,11,3,26.75,49.95,0,1,0,0,928,30.9,0,0,0,0,8.5,1,21.4,1.12,18,1,12.81,38.04,8.42,4.96,60,34330,743,8.19,73.61
1,158.77,3,2,11.76,45.06,0,1,0,1,100,3.3,0,0,1,0,1.05,0,26.18,6.06,23,2,63.74,22.1,0.56,4.16,38,20551,123,3.39,9.64
0,63.7,8,2,24.39,50.96,0,1,0,0,562,18.7,0,0,0,0,5.91,1,33.32,1.91,84,2,70.97,26.56,2.35,8.58,27,31383,1112,8.06,65.42
0,29.33,5,3,32.5,85.91,0,1,0,0,40,1.3,0,0,0,1,2.6,0,50.18,0.58,55,1,88.12,50.67,5.28,4.89,68,26206,2818,8.67,38.8
0,280.45,17,5,4.43,47.01,0,1,0,1,3362,112.1,1,1,0,0,4.38,1,35.14,7.98,53,1,98.42,70.47,0.02,1.23,55,33039,3001,1.98,83.89
0,104.13,12,3,33.88,73.42,0,0,1,1,2673,89.1,1,1,1,0,8.75,0,16.09,6.47,85,1,2.32,55.46,7.29,4.75,69,29951,1321,1.65,14.68
0,77.93,14,1,9.71,99.18,0,1,0,0,1416,47.2,1,1,0,1,2.08,0,50.25,1.55,42,4,20.36,4.84,6.13,9.94,63,14191,4957,4.64,90.04
0,52.9,23,4,9.75,90.03,0,0,1,0,39,1.3,0,1,0,0,2.05,0,19.42,2.72,65,1,48.26,65.68,9.9,3.37,35,10494,444,3.79,74.17
0,42.93,12,3,51.11,72.49,0,1,0,0,2449,81.6,2,0,0,0,5.57,1,9.5,4.52,55,2,91.85,61.59,0.48,3.4,45,31023,4953,8.55,40.68
0,40.84,18,0,59.07,31.33,0,1,0,0,972,32.4,0,1,0,0,5.78,1,31.32,1.3,24,3,44.69,10.69,3.82,9.31,49,27257,86,4.7,38.63
0,46.72,1,5,1.54,59.04,0,1,0,0,514,17.1,1,2,0,0,9.83,0,32.45,1.44,58,1,19.92,74.49,9.53,1.82,40,122,473,2.15,80.83
0,35.06,18,1,27.45,37.56,1,1,0,0,2039,68.0,2,0,0,0,6.73,1,21.91,1.6,59,1,17.09,19.49,4.27,8.74,38,18029,3743,9.19,51.97
0,52.67,16,0,51.87,25.42,0,1,0,0,1889,63.0,0,1,0,0,1.44,0,42.87,1.23,38,1,90.43,10.01,4.33,0.31,49,5632,277,9.09,58.77
0,26.44,12,3,1.97,39.03,0,1,0,1,333,11.1,0,0,0,0,7.15,1,56.16,0.47,72,3,54.27,41.77,2.59,4.31,68,25497,2674,4.55,60.61
0,109.49,9,2,43.42,59.35,0,0,1,0,2664,88.8,0,0,0,0,4.88,1,5.31,20.62,79,1,0.16,22.62,5.03,1.77,36,31614,2436,8.71,34.52
0,7.43,0,6,12.85,42.94,0,1,0,1,3053,101.8,0,1,0,0,2.74,0,78.36,0.09,13,1,71.2,99.4,2.58,6.66,65,29126,2364,3.44,69.38
0,25.16,21,2,2.64,33.38,0,0,1,0,1972,65.7,0,0,0,0,2.41,0,68.48,0.37,57,1,23.57,36.47,3.96,8.44,73,37074,4011,6.75,3.72
0,22.8,20,3,29.0,75.47,0,1,0,0,2503,83.4,0,2,0,0,3.62,1,18.53,1.23,53,2,20.78,40.46,9.43,4.13,50,27767,4763,6.22,9.05
0,72.2,11,2,10.85,30.44,1,1,0,1,1325,44.2,0,2,0,0,1.44,0,12.61,5.73,8,1,30.11,14.97,3.12,6.09,24,7064,808,7.0,97.3
0,19.86,7,3,88.11,44.49,0,1,0,0,1577,52.6,1,0,0,0,9.35,0,48.92,0.41,72,1,54.86,47.61,2.16,9.79,39,7428,215,3.28,17.93
0,27.17,11,3,6.45,6.61,1,1,0,1,3561,118.7,0,0,0,0,7.53,1,21.62,1.26,30,1,16.5,45.51,6.69,5.93,62,17215,780,1.23,7.07
1,93.76,12,4,1.98,4.82,0,1,0,0,308,10.3,1,1,1,0,3.38,0,27.85,3.37,13,1,94.42,50.43,1.64,2.39,58,14693,968,6.19,51.4
0,11.37,16,5,91.35,70.88,0,0,1,1,3238,107.9,0,1,0,0,1.07,1,31.72,0.36,75,3,35.44,58.62,8.8,5.76,73,20417,3504,9.63,62.62
0,131.61,7,5,21.55,12.17,0,1,0,1,2091,69.7,2,0,0,0,8.24,1,34.67,3.8,84,4,52.74,72.88,2.28,0.63,30,16777,4495,8.83,0.74
0,18.94,5,1,8.68,98.11,0,1,0,0,3463,115.4,1,0,0,0,1.39,0,56.89,0.33,35,2,1.98,28.84,8.67,2.89,71,39246,2153,8.14,21.06
0,14.6,16,2,0.89,93.59,0,1,0,0,231,7.7,0,0,1,1,2.06,1,90.0,0.16,29,1,44.55,25.41,3.26,6.04,28,3159,2510,8.09,36.63
0,24.7,8,1,52.66,57.77,0,1,0,1,2546,84.9,0,2,0,1,9.52,1,28.12,0.88,87,1,66.47,26.49,0.88,5.01,62,19258,2220,2.17,75.38
0,4.06,13,2,5.6,23.02,0,1,0,0,762,25.4,0,0,0,0,8.54,1,24.6,0.17,77,1,28.2,32.95,5.58,2.28,58,42461,1005,9.95,97.5
0,184.4,15,2,20.18,76.08,0,0,1,0,517,17.2,0,1,0,0,9.72,0,27.49,6.71,38,1,84.66,24.69,2.89,0.54,64,17137,4981,8.4,56.81
0,39.51,14,1,60.66,19.51,1,1,0,0,2500,83.3,0,0,0,0,8.09,1,54.93,0.72,24,4,86.65,15.56,0.74,4.52,50,30102,2327,6.23,76.86
0,20.77,18,3,51.76,40.53,0,1,0,0,621,20.7,0,0,0,0,7.57,1,20.22,1.03,61,2,63.39,41.16,9.02,9.89,65,48142,4890,4.18,47.46
0,61.63,8,5,21.41,7.21,0,1,0,0,1124,37.5,1,1,0,0,1.47,1,30.18,2.04,26,1,33.83,74.02,3.03,8.15,49,41638,4464,5.82,57.47
0,49.44,23,5,33.64,27.92,1,1,0,1,2542,84.7,1,2,0,0,5.51,1,30.37,1.63,54,1,95.76,60.85,2.21,3.54,72,170,3099,1.27,90.21
0,16.79,21,2,1.54,66.31,0,1,0,0,3301,110.0,0,0,0,0,2.54,1,17.36,0.97,4,2,19.76,36.62,5.81,5.69,74,26396,87,7.71,44.18
0,10.47,2,3,4.3,48.53,0,1,0,0,1298,43.3,0,3,0,0,3.59,1,123.58,0.08,65,1,32.97,57.73,8.77,0.37,41,3768,1779,2.32,17.3
0,11.42,17,3,31.61,78.33,0,1,0,0,1835,61.2,0,0,0,0,3.43,1,10.09,1.13,86,1,33.39,51.05,7.91,9.98,28,24365,3446,5.74,79.57
0,18.06,21,3,3.38,55.37,0,0,1,0,204,6.8,0,1,0,0,5.03,0,16.48,1.1,54,1,88.01,56.12,3.34,0.73,52,46003,1195,9.65,22.5
0,20.45,4,2,6.2,99.55,0,0,1,0,880,29.3,2,2,0,0,6.23,0,19.0,1.08,6,2,57.12,26.73,9.89,0.24,34,16396,262,8.97,54.67
0,18.94,11,6,8.72,85.23,0,1,0,1,3382,112.7,0,1,0,0,1.66,0,18.39,1.03,2,2,22.0,87.67,5.25,5.88,39,21710,3166,3.75,26.46
0,20.66,9,1,12.45,98.99,0,1,0,0,1220,40.7,1,1,0,0,4.26,0,25.24,0.82,47,1,75.73,7.39,5.05,3.41,37,2409,2889,9.98,84.5
0,268.54,21,3,18.61,78.06,0,1,0,1,2313,77.1,0,1,0,0,5.78,0,18.12,14.82,3,4,41.44,36.37,4.88,1.11,58,23821,1381,8.85,80.23
1,31.05,17,1,17.99,6.92,0,1,0,1,770,25.7,0,0,1,1,6.31,0,30.11,1.03,86,1,89.96,9.9,7.36,9.01,22,45081,2097,7.21,1.36
0,14.8,12,1,46.63,51.27,1,1,0,0,2948,98.3,0,0,0,0,5.79,1,29.33,0.5,72,1,21.41,27.56,2.14,9.72,28,20572,111,8.68,75.21
0,36.49,5,5,26.39,34.11,0,1,0,0,701,23.4,0,2,0,0,6.94,0,13.65,2.67,77,2,45.74,73.66,7.05,1.54,39,20467,1830,9.92,53.17
0,49.13,16,2,30.46,62.49,1,0,1,1,611,20.4,0,1,0,1,3.14,1,27.22,1.8,4,1,10.05,24.73,3.08,8.76,19,34819,4684,3.86,10.22
0,39.97,17,4,1.92,17.1,0,1,0,0,3053,101.8,0,1,0,1,8.13,0,27.61,1.45,19,2,94.82,57.46,7.68,8.76,22,2718,3550,1.09,48.01
0,7.55,5,0,7.26,24.44,0,0,1,1,425,14.2,0,0,1,0,1.19,0,29.0,0.26,33,1,31.49,0.0,6.78,9.27,51,3152,3178,1.13,15.6
0,133.62,15,2,0.9,44.28,0,1,0,0,1074,35.8,0,0,0,0,2.55,1,46.07,2.9,61,1,83.77,31.76,6.75,9.14,41,11784,1433,5.88,41.09
0,20.84,1,2,2.92,9.14,1,0,1,0,1256,41.9,0,2,0,0,6.53,1,46.55,0.45,25,1,49.06,34.72,9.14,8.69,46,34789,3885,9.78,43.83
0,74.0,13,3,82.88,77.27,0,1,0,1,2245,74.8,0,0,0,0,5.58,0,46.66,1.59,41,3,3.77,47.82,8.01,3.18,46,9126,3037,6.29,80.46
0,16.84,5,2,55.75,44.09,0,1,0,0,1582,52.7,1,1,0,0,8.99,1,52.15,0.32,47,1,93.78,21.63,1.72,3.62,26,45042,2120,7.55,89.98
0,13.09,22,2,5.19,87.92,0,1,0,0,1606,53.5,0,1,0,0,5.6,1,14.97,0.87,32,1,45.4,32.68,1.15,7.16,42,25845,2040,8.28,94.73
0,19.35,8,5,98.87,57.55,1,0,1,0,2965,98.8,1,0,0,1,8.88,0,33.69,0.57,38,1,55.92,78.16,0.96,9.97,40,29969,4504,9.88,69.76
0,47.54,14,1,0.95,57.01,0,1,0,0,1335,44.5,0,0,0,0,5.45,1,40.99,1.16,60,3,55.35,16.87,4.75,4.2,56,31156,2392,1.97,56.89
0,9.31,4,3,145.38,79.92,0,1,0,0,1346,44.9,1,0,1,0,4.57,1,22.89,0.41,1,2,40.98,50.27,5.98,9.03,27,22530,2123,1.91,55.65
0,16.32,4,1,29.59,69.54,0,1,0,1,2383,79.4,0,3,0,0,6.91,0,57.59,0.28,43,3,68.42,16.03,7.41,7.43,36,44014,3750,9.5,98.41
0,6.8,6,2,19.32,27.08,0,1,0,0,3506,116.9,1,0,0,0,3.82,0,50.36,0.14,48,1,69.3,29.15,5.2,4.6,45,15421,249,8.74,69.39
0,49.6,9,2,30.98,25.87,0,1,0,0,2353,78.4,0,0,0,0,5.24,0,29.09,1.71,57,1,79.23,36.04,3.99,4.09,46,18876,905,5.72,99.43
0,71.44,7,3,18.85,4.84,0,1,0,0,1763,58.8,0,1,0,0,3.76,1,37.16,1.92,86,1,28.78,65.31,1.84,6.1,77,8620,4148,7.27,35.34
0,134.76,9,2,11.59,36.54,0,1,0,0,1489,49.6,0,0,0,0,9.38,0,15.07,8.94,30,2,32.47,40.65,1.76,2.2,26,33943,4588,8.79,96.62
0,49.51,20,3,4.46,3.52,0,1,0,0,1011,33.7,0,1,0,0,9.33,1,76.64,0.65,33,2,87.94,49.96,7.2,8.24,31,15844,3198,5.64,85.17
0,79.49,7,2,4.55,10.07,0,0,1,0,2042,68.1,0,0,1,1,2.23,1,26.66,2.98,56,2,87.13,20.28,4.18,0.46,29,22303,1709,1.75,71.14
0,39.61,14,3,27.32,67.35,0,1,0,0,2675,89.2,0,1,1,0,5.65,0,98.1,0.4,65,1,18.34,54.16,0.25,5.02,44,33864,2914,4.15,72.69
0,90.3,2,4,39.09,88.74,0,1,0,1,1735,57.8,0,0,0,0,2.97,0,122.63,0.74,88,1,21.97,65.2,7.59,2.47,30,14977,3628,3.12,92.83
0,19.02,2,2,51.19,23.16,0,1,0,0,162,5.4,0,1,0,0,7.07,1,31.11,0.61,89,2,12.79,36.49,7.34,1.86,31,20936,2866,1.81,50.68
0,68.59,16,2,22.47,73.78,0,1,0,0,3192,106.4,0,2,0,0,8.15,0,26.1,2.63,89,3,86.59,28.05,9.49,1.94,25,23493,1897,2.53,36.92
0,36.89,2,4,44.91,2.87,0,1,0,1,1241,41.4,1,1,0,0,3.43,0,59.23,0.62,63,1,54.95,64.11,8.83,6.24,79,25624,4163,9.28,67.21
0,33.58,4,2,17.99,23.92,0,1,0,0,2397,79.9,0,1,0,1,8.91,0,73.44,0.46,27,1,6.85,17.34,3.72,7.42,29,32172,2965,6.51,84.42
0,156.99,6,1,2.79,12.94,0,1,0,0,1796,59.9,0,0,0,1,4.15,0,64.89,2.42,53,1,54.55,21.54,0.78,0.43,67,10686,2498,1.66,81.49
0,29.17,10,3,3.07,87.04,1,1,0,0,1871,62.4,0,2,0,0,2.1,1,12.89,2.26,34,1,35.6,37.64,6.84,3.95,38,26804,3861,4.66,45.23
0,9.86,20,3,28.03,40.37,0,0,1,0,3008,100.3,0,1,0,0,8.63,0,38.68,0.25,66,3,18.08,54.45,4.51,4.9,77,10975,1428,4.26,3.87
0,23.48,12,3,17.73,22.3,0,1,0,0,160,5.3,0,1,0,0,2.07,1,32.65,0.72,8,1,24.67,57.11,4.16,0.1,65,15088,4565,1.26,70.9
0,19.54,2,4,23.37,95.23,1,1,0,0,1916,63.9,1,0,1,0,3.59,0,30.3,0.64,54,1,57.52,57.1,7.54,8.81,40,23572,4385,3.44,92.97
0,52.06,19,5,26.22,6.87,1,1,0,0,1440,48.0,0,1,0,0,6.88,0,46.17,1.13,71,1,38.35,77.8,8.98,5.35,34,14202,4278,8.26,61.42
0,366.78,3,1,0.11,17.99,0,1,0,0,3627,120.9,0,1,0,0,1.54,1,57.49,6.38,65,2,79.74,23.23,9.47,3.51,27,4144,4423,9.68,9.91
1,25.76,18,8,17.8,52.87,0,1,0,0,932,31.1,0,1,0,1,8.03,0,12.77,2.02,76,2,58.26,100.0,1.23,0.49,76,3044,1565,4.56,64.94
0,20.13,18,1,45.22,54.44,0,0,1,0,2531,84.4,1,0,1,1,6.63,0,56.28,0.36,45,1,6.51,23.04,1.36,9.2,33,24528,1483,1.56,22.45
0,157.7,14,3,8.81,69.99,0,0,1,0,767,25.6,0,1,0,0,3.69,0,30.59,5.16,46,1,63.57,37.72,1.38,7.2,54,6854,1805,8.69,21.38
0,345.81,5,3,8.17,43.82,1,1,0,0,3041,101.4,0,0,0,0,2.95,0,49.96,6.92,57,1,31.96,23.99,7.79,8.74,77,46482,892,7.54,91.43
0,38.29,8,2,38.54,75.67,0,0,1,0,2873,95.8,0,0,0,0,1.62,1,32.5,1.18,3,2,11.57,27.96,1.71,8.19,32,28628,4946,3.1,14.67
1,15.53,4,4,84.85,74.25,0,1,0,0,2976,99.2,0,0,0,0,4.87,0,26.45,0.59,55,2,68.79,54.36,0.09,1.8,33,38107,296,9.7,17.94
0,12.28,4,2,2.4,66.1,0,1,0,0,2807,93.6,0,0,0,0,9.16,0,30.65,0.4,70,1,72.81,0.53,5.57,0.46,55,14892,3941,5.44,4.28
0,1.62,3,1,3.57,90.1,0,1,0,0,2299,76.6,0,0,0,0,7.21,0,26.08,0.06,62,1,65.72,28.89,9.45,5.4,42,44814,539,8.1,71.34
0,5.32,10,2,9.63,70.17,0,0,1,0,598,19.9,0,0,1,1,3.44,0,70.94,0.07,85,1,69.85,19.09,1.59,0.51,26,27380,3245,1.66,4.52
0,29.54,23,3,19.11,86.01,0,1,0,0,1817,60.6,0,1,0,0,4.47,0,16.98,1.74,31,3,11.78,47.95,0.9,3.43,46,5885,4806,9.73,46.22
0,57.27,7,3,2.17,15.32,0,1,0,1,1043,34.8,0,1,0,0,6.61,0,28.71,1.99,14,1,90.36,34.14,6.09,0.35,31,34437,4925,6.03,55.25
0,109.32,17,4,77.45,51.9,0,0,1,0,2484,82.8,1,0,0,0,6.87,0,23.36,4.68,40,1,55.34,53.19,3.08,6.04,73,34386,3179,1.64,70.61
0,119.58,10,6,47.22,8.9,0,1,0,0,3042,101.4,0,1,0,0,7.92,0,40.67,2.94,4,2,99.65,81.37,9.73,2.46,33,17492,1611,9.95,81.31
0,255.93,12,2,54.93,94.97,0,1,0,1,2756,91.9,0,2,0,0,5.91,0,31.71,8.07,88,1,49.23,28.2,3.67,0.85,65,20122,449,2.67,29.22
0,25.46,19,0,29.13,7.56,1,1,0,0,2782,92.7,0,0,0,0,6.76,1,33.36,0.76,88,1,61.32,0.0,4.77,1.69,61,20923,222,9.44,91.26
0,70.05,23,1,1.43,73.02,0,1,0,0,1619,54.0,0,2,1,0,6.78,0,35.91,1.95,89,1,31.4,16.59,9.68,4.99,59,8574,3086,4.21,0.5
0,26.98,17,3,17.86,53.91,1,0,1,0,1692,56.4,0,2,0,0,8.6,0,17.31,1.56,19,1,48.39,43.28,5.99,8.94,69,31437,1307,6.83,71.7
0,22.08,12,5,30.11,54.56,0,0,1,0,34,1.1,0,1,0,0,4.55,0,29.0,0.76,11,1,46.94,57.4,0.43,5.31,33,35507,2197,3.24,4.39
0,97.36,16,3,34.81,74.57,0,0,1,0,1379,46.0,0,2,0,0,3.35,0,23.99,4.06,38,3,46.02,39.87,2.6,8.83,23,2084,2437,1.58,15.53
0,64.36,3,5,2.6,43.4,0,1,0,1,3094,103.1,0,0,0,0,9.25,1,26.9,2.39,47,1,16.52,70.43,8.05,1.79,51,42474,3946,5.32,36.68
0,35.28,12,2,21.86,93.61,0,1,0,0,3426,114.2,0,0,0,0,3.56,0,26.76,1.32,65,2,37.26,28.4,5.63,9.43,44,14845,1644,4.24,82.18
0,138.43,21,4,42.46,99.79,0,1,0,0,2344,78.1,0,1,0,0,4.46,1,81.56,1.7,54,1,88.18,65.2,8.03,4.63,44,639,490,6.24,58.66
0,19.29,9,3,4.17,3.6,0,1,0,0,1954,65.1,0,1,0,0,2.1,1,15.29,1.26,85,2,24.42,45.96,6.11,2.24,38,4111,2922,7.61,80.76
0,33.59,22,2,5.61,92.23,0,1,0,0,252,8.4,0,0,0,0,7.5,1,15.97,2.1,34,1,46.23,40.67,3.11,0.22,65,13667,184,5.73,16.43
0,9.46,21,4,0.42,17.97,0,0,1,0,2571,85.7,1,0,0,1,9.76,1,47.45,0.2,41,3,8.76,50.04,8.15,2.63,62,41464,3635,4.15,60.21
0,60.99,6,3,116.89,6.85,0,0,1,0,1946,64.9,0,0,0,0,7.97,0,47.91,1.27,28,2,91.85,40.93,5.5,8.75,54,26092,3626,9.79,74.34
0,16.96,14,2,29.58,56.92,0,1,0,0,2322,77.4,0,2,1,0,4.98,0,41.32,0.41,82,1,35.76,29.38,3.03,1.18,64,22143,2763,3.09,41.24
0,17.1,17,8,74.44,0.44,0,1,0,0,3522,117.4,0,1,0,0,1.85,0,45.69,0.37,42,1,95.81,100.0,3.9,0.72,42,43249,117,1.48,35.62
0,6.3,20,2,13.29,15.53,1,1,0,0,2477,82.6,0,0,0,0,2.02,0,29.3,0.22,65,4,63.94,37.36,4.24,4.4,67,24181,4223,2.29,23.71
0,55.24,12,3,7.64,6.77,0,1,0,0,3040,101.3,0,0,0,0,9.69,1,62.05,0.89,78,1,40.36,59.34,8.76,2.34,27,2812,2785,7.55,78.22
0,13.04,1,1,27.83,7.53,0,1,0,0,1187,39.6,0,0,0,0,9.41,1,45.82,0.28,86,1,51.53,17.59,1.56,9.52,21,10553,3328,4.36,55.69
0,21.41,1,1,26.05,81.03,0,1,0,0,2583,86.1,0,0,0,1,8.19,0,46.56,0.46,31,1,69.49,9.02,7.48,5.0,63,25692,3431,9.86,76.25
0,68.87,8,2,5.91,13.76,0,0,1,1,853,28.4,0,1,0,0,2.27,0,52.19,1.32,47,2,39.57,19.91,4.88,2.82,79,41945,761,4.2,21.47
0,11.63,23,1,19.76,31.71,0,0,1,0,2781,92.7,0,0,0,0,9.42,1,44.09,0.26,55,2,0.06,26.52,6.48,6.62,62,43995,4116,8.55,85.19
0,50.4,20,1,27.37,36.97,0,1,0,0,3608,120.3,0,1,0,0,4.15,0,47.98,1.05,68,2,21.35,15.69,4.56,6.8,26,985,546,4.03,85.69
0,79.29,4,1,15.95,11.78,0,1,0,0,3303,110.1,2,0,0,0,1.58,0,36.54,2.17,53,1,53.76,0.0,1.43,6.47,39,33775,1466,5.57,68.37
0,17.62,23,6,26.96,44.4,0,1,0,0,902,30.1,0,0,0,0,3.65,0,69.16,0.25,40,3,64.53,95.85,8.84,3.67,69,14747,192,8.31,26.18
0,44.3,16,4,7.61,39.79,0,1,0,0,659,22.0,0,0,1,0,5.76,1,66.09,0.67,82,1,8.86,54.71,3.25,2.61,26,39537,1288,2.39,19.03
0,18.42,17,3,1.51,60.37,0,0,1,0,201,6.7,1,1,0,0,4.2,0,36.36,0.51,7,1,90.6,57.69,7.98,5.1,42,43572,883,6.09,15.61
0,77.17,4,3,0.7,95.59,1,0,1,1,531,17.7,0,1,0,0,6.82,0,8.21,9.4,0,1,4.76,65.54,2.21,2.8,44,390,2699,2.45,42.38
0,42.97,11,2,61.01,0.93,0,0,1,0,248,8.3,1,1,0,0,3.34,1,26.27,1.64,83,2,40.89,28.95,1.2,8.77,77,8699,2383,2.68,74.48
0,50.02,20,1,31.91,28.13,0,0,1,0,2720,90.7,0,0,0,0,9.38,1,48.01,1.04,79,1,75.54,16.69,2.45,8.26,19,10929,3183,7.82,7.57
0,40.61,20,1,8.18,19.39,0,1,0,1,84,2.8,0,0,0,0,3.84,0,57.59,0.71,5,3,80.86,20.32,0.6,9.79,51,38622,3129,8.04,88.17
0,72.61,9,1,37.37,77.56,0,1,0,0,1208,40.3,0,1,0,0,5.42,0,34.61,2.1,2,2,9.5,15.27,8.62,9.96,50,11898,4240,2.55,28.82
0,60.27,20,1,4.03,14.23,0,0,1,1,3204,106.8,0,1,0,0,8.17,0,25.13,2.4,59,2,53.84,19.95,7.54,8.62,34,18489,4140,4.17,59.9
0,27.13,0,3,12.73,92.91,0,1,0,0,2182,72.7,0,1,0,0,8.7,1,16.28,1.67,48,2,56.48,55.78,9.45,4.82,48,46905,3487,5.4,64.21
0,84.11,3,5,9.02,8.66,0,0,1,0,593,19.8,0,1,0,0,3.31,0,24.65,3.41,86,1,20.33,71.76,2.59,6.5,71,25303,2096,5.32,52.62
0,13.43,3,1,1.86,36.71,0,1,0,1,3092,103.1,1,0,1,0,9.34,0,35.77,0.38,34,1,56.7,18.2,6.14,4.2,48,5787,1997,8.42,46.45
0,367.55,20,2,11.34,39.46,0,0,1,0,2085,69.5,0,1,0,0,6.17,1,51.53,7.13,22,1,51.9,25.93,5.44,7.56,50,11819,85,2.08,90.01
1,6.52,10,4,15.9,98.06,0,1,0,1,368,12.3,2,1,0,0,2.59,0,31.85,0.2,59,4,76.2,59.8,4.83,1.65,60,37920,2988,3.01,11.44
0,25.7,4,2,22.55,87.83,0,1,0,1,186,6.2,0,0,0,0,3.31,0,6.56,3.92,42,1,64.86,29.34,1.81,3.11,30,13673,22,9.99,47.6
0,107.38,12,2,19.97,74.15,0,1,0,1,2652,88.4,0,0,0,1,5.96,1,36.35,2.95,9,2,30.93,24.28,2.14,1.53,21,8099,4018,6.72,50.35
0,55.82,14,2,2.94,47.66,0,1,0,0,2969,99.0,0,0,0,0,7.6,1,43.62,1.28,72,1,71.4,31.84,5.01,4.13,34,22567,3643,4.4,69.18
1,62.43,14,2,20.08,88.94,0,1,0,0,951,31.7,0,2,0,0,7.56,1,33.96,1.84,86,1,1.16,18.41,8.26,1.5,48,2764,2514,5.53,88.17
0,34.22,21,3,18.38,20.99,0,1,0,0,2752,91.7,1,0,0,0,4.19,0,25.13,1.36,11,2,60.97,50.25,5.32,1.75,64,22991,2628,4.14,58.52
0,26.79,13,0,2.04,44.98,0,1,0,0,1156,38.5,0,0,0,0,7.81,0,20.96,1.28,2,1,6.34,0.27,2.01,4.85,37,15592,4610,4.84,19.89
0,27.67,2,6,11.04,21.28,0,1,0,0,3367,112.2,1,0,0,0,9.49,0,34.39,0.8,73,1,79.01,93.9,4.49,3.55,43,18810,2991,6.61,8.27
0,44.49,16,7,1.26,66.43,0,0,1,0,2031,67.7,0,2,0,0,5.52,0,40.09,1.11,67,3,69.91,100.0,9.27,2.5,59,40589,809,8.56,15.14
0,43.38,9,3,29.13,92.04,0,0,1,0,1411,47.0,0,0,0,1,5.88,1,38.33,1.13,45,1,68.0,43.05,6.51,8.12,70,49162,4799,5.01,7.25
0,30.56,15,3,28.14,1.1,0,1,0,0,2031,67.7,0,0,0,0,7.44,0,19.46,1.57,50,1,45.46,43.75,1.43,5.11,36,18479,3614,9.36,26.35
0,45.48,20,2,62.12,75.13,0,1,0,0,695,23.2,1,3,0,0,3.32,0,27.89,1.63,1,1,88.64,34.62,8.65,9.55,72,19176,1335,1.3,5.33
0,98.66,17,1,2.52,25.56,0,1,0,1,3173,105.8,0,0,1,0,4.49,0,27.54,3.58,56,1,56.29,17.32,6.83,0.54,65,24056,1663,8.35,44.89
1,66.19,2,4,2.45,55.03,0,1,0,0,2572,85.7,0,1,0,0,7.16,0,101.73,0.65,43,1,62.39,65.54,1.22,2.1,41,26078,2521,5.6,34.56
0,108.53,11,0,5.74,25.77,0,1,0,0,1993,66.4,0,2,0,0,7.2,0,17.8,6.1,17,3,15.01,8.75,5.06,3.46,49,28715,1361,3.18,11.39
0,89.55,12,3,14.2,14.42,0,1,0,1,2592,86.4,0,1,0,0,7.43,0,45.24,1.98,25,1,55.77,56.48,3.59,0.58,60,12554,1757,8.64,46.8
0,69.99,6,1,7.77,76.53,0,1,0,0,1921,64.0,0,0,0,0,6.01,0,38.91,1.8,72,2,21.46,19.97,9.88,3.35,67,4909,3434,5.67,4.66
0,25.43,12,2,3.17,34.71,0,1,0,0,647,21.6,0,0,0,0,6.12,0,52.63,0.48,71,2,28.77,43.03,0.85,7.96,70,21716,1347,8.24,34.84
0,56.36,11,4,15.89,0.82,1,0,1,0,2542,84.7,0,0,0,0,3.37,1,108.79,0.52,82,2,26.47,58.1,5.63,5.73,20,4300,3499,8.94,92.36
0,140.97,0,4,23.44,35.65,0,1,0,1,258,8.6,0,1,0,0,6.41,1,70.17,2.01,55,2,98.04,67.78,3.46,6.59,53,10876,2987,9.27,30.9
0,29.21,12,1,18.64,56.79,0,0,1,0,802,26.7,0,1,0,0,7.63,0,23.72,1.23,21,3,14.28,8.32,7.3,9.22,64,44425,1580,2.08,3.34
0,43.79,11,3,4.97,73.95,0,0,1,0,1482,49.4,1,0,0,0,4.55,1,22.41,1.95,32,1,50.98,50.25,6.06,5.32,54,34291,4196,2.72,7.71
0,28.24,9,3,5.99,57.02,1,1,0,0,1147,38.2,0,1,0,0,6.32,0,38.68,0.73,76,1,14.7,41.47,0.62,3.78,30,21731,1327,7.39,4.93
0,127.19,15,2,70.35,37.05,0,0,1,1,1764,58.8,1,1,0,0,7.01,1,26.98,4.71,18,2,84.84,38.3,8.1,8.27,33,44491,362,6.04,53.61
0,27.47,14,2,3.64,63.22,0,1,0,0,971,32.4,0,1,0,0,4.26,0,16.23,1.69,79,1,28.07,30.74,7.88,4.53,26,16155,500,8.64,16.7
0,93.67,21,5,44.3,74.6,0,1,0,0,3255,108.5,0,1,0,0,2.77,1,37.32,2.51,35,2,37.72,79.33,3.72,0.17,43,40976,3130,7.8,12.84
0,43.68,22,5,71.83,7.5,0,0,1,0,225,7.5,2,0,0,0,1.16,0,21.62,2.02,80,2,65.81,83.99,6.84,8.43,34,44022,1651,7.53,93.04
0,10.51,18,1,18.85,76.86,0,1,0,0,85,2.8,0,0,0,0,8.48,1,46.95,0.22,65,1,30.68,20.41,5.52,8.65,65,2108,2741,7.27,28.32
0,23.82,9,7,42.38,40.47,0,1,0,0,1984,66.1,0,1,0,0,2.08,1,20.85,1.14,60,4,26.66,100.0,7.64,6.5,42,13553,4402,4.15,90.18
0,9.84,3,1,20.83,55.9,1,1,0,0,429,14.3,0,0,1,1,2.73,1,16.29,0.6,15,2,3.21,4.35,6.05,2.05,67,24814,1937,7.51,27.01
0,97.2,4,2,22.14,80.07,0,1,0,0,1754,58.5,0,0,0,0,8.54,0,50.56,1.92,40,1,50.49,46.49,6.54,2.7,26,1704,1085,3.44,48.88
0,44.6,16,5,8.49,74.46,0,1,0,0,844,28.1,0,0,0,0,2.48,0,36.94,1.21,28,4,79.3,76.09,7.35,7.83,30,27969,2564,6.94,58.86
0,16.55,17,2,6.65,61.27,0,1,0,0,1180,39.3,0,0,1,0,5.93,0,39.56,0.42,8,1,60.7,32.08,2.92,0.5,19,43285,1542,9.21,17.15
0,23.92,5,1,99.51,26.87,1,1,0,1,510,17.0,0,0,0,0,7.65,0,59.11,0.4,72,1,68.03,0.28,1.97,9.19,62,45896,474,7.99,87.24
0,97.98,16,2,29.11,8.76,0,1,0,0,2331,77.7,0,0,1,1,9.51,0,18.33,5.35,75,2,65.15,42.06,3.06,1.19,79,19071,1844,3.32,88.03
0,34.47,14,1,15.32,38.18,1,0,1,0,711,23.7,0,0,0,0,6.69,1,35.79,0.96,35,1,83.13,15.44,8.78,4.47,35,44041,2151,4.88,59.07
0,21.58,1,4,17.32,91.99,0,1,0,0,417,13.9,0,1,0,0,3.81,1,32.44,0.67,45,3,69.64,65.21,4.19,4.63,30,29905,1274,8.15,14.4
0,63.08,17,4,1.4,56.8,1,1,0,0,2269,75.6,1,1,0,0,1.43,1,37.08,1.7,82,2,22.21,73.63,7.28,3.68,76,15643,836,4.67,95.72
0,9.06,19,1,7.81,80.03,0,0,1,0,2234,74.5,0,0,0,0,1.67,0,35.39,0.26,21,1,47.6,19.92,1.73,8.91,75,19809,1308,6.9,77.93
0,2.42,22,1,33.41,13.08,1,1,0,0,1520,50.7,0,3,0,0,4.52,0,17.86,0.14,72,1,50.88,17.4,3.45,3.04,21,10092,3687,8.32,26.8
0,29.75,9,0,14.14,95.97,0,1,0,0,846,28.2,0,1,1,0,1.53,0,58.65,0.51,41,1,60.97,0.0,6.62,8.0,68,16628,4977,9.29,7.23
0,55.01,15,2,33.81,30.43,0,1,0,0,236,7.9,1,1,0,0,8.68,0,51.73,1.06,12,2,7.83,35.66,3.48,7.78,63,15089,3537,1.88,5.61
0,364.6,16,5,7.36,24.37,0,1,0,0,1981,66.0,0,2,0,0,7.46,0,44.01,8.28,82,1,58.12,70.16,1.76,3.78,66,33411,4994,5.87,2.97
0,20.02,16,5,51.23,82.46,0,1,0,0,2275,75.8,0,1,1,0,1.39,0,12.27,1.63,1,3,27.57,77.95,6.92,9.35,61,20235,2157,3.38,3.95
0,39.71,3,2,12.09,25.6,0,1,0,0,1402,46.7,0,1,0,0,9.5,0,18.28,2.17,10,1,20.9,20.43,9.92,8.21,35,19402,296,8.49,93.93
0,14.47,19,3,1.9,14.51,0,1,0,0,3284,109.5,0,0,0,0,7.81,0,33.94,0.43,2,1,89.65,44.22,7.19,4.9,73,39870,4326,2.38,32.5
0,109.01,5,5,54.97,21.82,0,1,0,1,1481,49.4,0,0,0,0,9.42,0,69.25,1.57,15,2,35.44,85.7,2.92,2.9,51,16360,4590,5.2,98.65
0,19.13,10,3,15.47,64.5,0,1,0,0,2430,81.0,0,0,0,0,1.0,0,54.09,0.35,20,2,78.22,53.25,8.42,4.34,78,45601,1181,2.37,62.76
0,109.7,4,4,6.99,87.06,0,0,1,0,3493,116.4,1,0,0,0,2.46,1,38.01,2.89,53,2,19.0,59.21,4.94,9.31,35,3904,2661,3.27,8.06
1,50.8,23,1,13.98,53.96,0,1,0,0,3064,102.1,0,0,0,1,4.78,0,49.18,1.03,49,1,93.57,14.5,9.15,3.03,19,28234,3559,6.64,11.02
0,51.71,19,3,4.1,45.72,0,1,0,1,1359,45.3,0,0,0,0,7.87,1,58.67,0.88,29,2,50.25,29.2,9.77,7.47,37,40514,2563,3.15,23.94
0,7.21,12,1,3.98,19.69,0,0,1,0,2665,88.8,0,1,0,0,3.32,0,43.81,0.16,85,2,74.94,21.83,4.39,3.76,34,46362,3986,4.14,89.22
0,10.92,15,2,42.29,56.55,0,1,0,0,3612,120.4,1,1,0,0,7.84,0,20.41,0.54,33,1,39.78,27.41,8.79,4.58,53,3996,1087,9.18,97.51
0,23.87,15,4,6.92,31.8,0,1,0,0,1819,60.6,0,1,0,0,8.2,1,18.19,1.31,78,1,39.69,54.48,3.9,9.22,44,41751,1725,7.13,13.38
0,14.76,22,1,0.16,58.48,0,1,0,1,2281,76.0,0,0,0,0,4.66,1,39.25,0.38,86,3,57.88,24.07,0.48,9.77,24,44300,3207,4.04,96.92
0,50.05,13,3,33.46,72.05,1,1,0,1,566,18.9,1,1,0,0,4.39,0,22.37,2.24,82,3,50.67,46.33,3.67,3.41,22,45501,3693,9.19,69.42
0,19.18,22,5,20.46,17.01,0,0,1,0,617,20.6,0,0,0,0,5.32,0,43.51,0.44,81,1,16.7,85.99,5.34,2.53,40,28985,2074,7.53,97.61
0,173.07,3,4,4.43,97.98,0,1,0,0,2461,82.0,2,0,0,0,7.62,0,47.27,3.66,21,1,45.15,56.63,1.41,4.43,21,47017,2318,5.38,25.53
0,67.64,10,3,10.91,27.84,1,0,1,0,2921,97.4,0,2,0,0,3.95,1,47.2,1.43,27,3,33.3,43.2,7.59,3.22,76,17090,2365,9.06,6.97
0,78.77,11,2,8.32,13.32,0,1,0,0,1237,41.2,0,1,0,1,8.63,0,36.46,2.16,18,1,33.48,30.17,5.58,9.77,38,26382,3057,4.14,90.73
0,38.67,4,2,3.62,49.35,0,1,0,0,2407,80.2,1,2,0,0,8.43,0,37.85,1.02,49,2,4.04,31.32,3.8,1.83,63,9625,4771,6.67,92.76
0,180.26,15,3,8.84,2.92,0,0,1,0,140,4.7,0,0,0,0,2.62,0,79.56,2.27,3,1,98.22,37.52,3.34,0.58,60,16087,3234,7.68,14.13
0,46.59,10,2,29.7,25.14,0,0,1,0,3324,110.8,0,1,1,1,1.98,0,80.45,0.58,29,2,14.14,24.18,0.85,6.59,65,46877,4577,4.2,40.38
0,53.33,14,2,41.95,9.47,0,1,0,0,481,16.0,0,2,0,0,9.57,1,25.89,2.06,12,2,17.4,36.92,5.5,0.63,59,17001,1913,5.7,82.72
0,56.63,21,4,35.05,35.29,0,1,0,0,569,19.0,0,1,0,0,6.02,1,34.52,1.64,45,1,7.64,66.56,9.0,5.56,49,40287,2512,3.76,89.16
0,72.55,6,4,15.13,13.6,0,1,0,1,505,16.8,0,1,1,0,9.57,1,23.54,3.08,76,1,5.11,64.1,4.23,3.44,45,4865,4032,5.21,9.02
1,43.5,4,2,4.63,45.22,1,1,0,1,2415,80.5,0,0,0,1,8.66,0,18.43,2.36,2,2,86.62,38.55,0.78,0.14,36,18111,538,8.6,9.14
0,17.76,3,4,4.57,13.23,1,0,1,0,129,4.3,2,1,0,0,3.18,0,77.77,0.23,9,1,24.32,58.31,9.38,9.53,57,27875,3418,5.66,78.41
0,101.94,3,1,62.29,61.3,0,1,0,0,3549,118.3,0,2,0,0,7.56,1,73.88,1.38,87,1,54.16,13.78,3.8,2.62,42,38512,2809,1.96,13.25
0,27.62,15,6,20.82,3.78,0,1,0,0,3417,113.9,1,1,0,0,6.72,1,27.17,1.02,46,1,20.09,72.56,1.31,5.6,18,29968,2456,5.37,3.97
0,9.25,22,2,5.13,16.61,0,1,0,0,2997,99.9,0,3,0,0,2.3,1,40.56,0.23,47,1,2.22,27.57,6.65,7.81,18,11162,1437,1.82,93.42
0,37.01,18,2,6.79,66.27,1,1,0,0,2046,68.2,1,1,0,0,8.65,1,32.2,1.15,43,4,64.48,28.06,1.64,6.49,30,39092,822,8.13,65.07
0,25.42,18,4,32.48,11.19,0,1,0,0,346,11.5,0,1,0,0,3.32,0,41.93,0.61,11,1,76.07,64.69,4.43,5.04,19,27526,4575,1.84,96.86
0,73.71,16,1,14.7,21.69,0,0,1,0,2423,80.8,0,0,0,0,8.19,0,12.33,5.98,67,2,64.15,18.54,8.3,1.95,67,40456,227,6.81,65.71
0,95.44,4,2,32.42,49.99,0,0,1,0,557,18.6,0,0,0,0,3.33,0,62.38,1.53,3,2,77.69,17.33,0.5,7.85,62,16149,888,6.55,18.86
0,6.55,18,4,53.78,14.81,0,0,1,0,3468,115.6,0,1,0,0,7.21,0,40.94,0.16,33,1,75.93,65.89,5.99,8.51,42,14672,3321,2.91,37.62
0,15.29,21,6,15.93,5.06,0,1,0,0,2328,77.6,2,1,0,0,4.75,0,19.48,0.78,51,1,69.94,90.88,1.38,7.73,71,33086,3066,3.46,57.19
0,126.37,5,6,13.0,71.0,0,1,0,0,3056,101.9,0,0,0,0,4.68,0,25.35,4.99,76,2,71.02,89.29,3.85,6.18,40,41573,2425,4.98,10.9
0,24.77,3,3,22.07,55.45,1,1,0,0,457,15.2,0,2,0,0,4.33,0,44.13,0.56,36,2,49.04,51.45,4.03,2.1,18,882,2586,6.3,78.42
0,79.0,14,2,20.25,68.78,0,0,1,0,501,16.7,0,4,0,0,8.34,1,32.66,2.42,31,3,1.37,46.21,3.95,1.74,34,18900,3970,6.07,20.2
0,18.93,12,3,2.35,19.11,0,1,0,0,2741,91.4,0,1,0,0,9.88,0,15.91,1.19,39,1,6.82,51.43,3.46,8.3,75,29972,1655,7.27,30.71
0,62.02,16,3,15.38,69.52,0,1,0,1,2800,93.3,1,1,0,0,9.52,0,35.99,1.72,87,1,52.5,44.44,1.45,1.45,39,24339,2050,9.27,92.34
0,92.25,23,4,56.9,83.42,0,1,0,0,874,29.1,0,0,0,0,7.4,0,44.51,2.07,77,3,17.07,66.25,6.0,7.85,61,49997,2490,6.01,96.53
0,52.86,18,5,31.95,8.82,1,0,1,0,700,23.3,0,0,0,0,7.92,0,9.38,5.64,59,1,66.9,71.33,8.7,5.37,67,30724,3138,3.36,13.6
0,26.82,2,3,3.84,83.19,0,0,1,0,1737,57.9,3,0,0,0,6.14,0,101.38,0.26,54,1,79.0,40.48,0.4,9.24,31,44117,3231,2.32,51.54
0,29.95,15,1,16.25,25.17,0,1,0,0,2242,74.7,2,1,0,0,7.49,0,58.33,0.51,72,2,67.02,18.49,4.55,7.85,48,19856,711,8.12,95.25
0,18.19,11,4,5.82,14.97,0,0,1,0,810,27.0,0,1,0,0,2.08,0,46.26,0.39,72,1,70.07,65.94,5.21,7.32,78,14796,1126,9.32,76.82
1,77.23,4,3,85.06,84.64,0,1,0,1,974,32.5,0,0,0,0,6.37,0,36.91,2.09,48,1,83.33,43.24,4.69,8.02,61,23320,1795,2.89,14.78
0,29.47,5,5,16.97,76.18,0,0,1,0,3119,104.0,1,0,0,0,2.2,0,15.96,1.85,44,1,76.74,77.54,5.46,7.72,77,32920,4156,8.43,29.59
0,47.31,22,4,52.26,40.65,0,1,0,0,1143,38.1,0,0,0,0,9.14,0,55.03,0.86,75,1,69.6,72.47,9.43,2.19,56,16098,4085,1.16,28.25
0,37.92,22,5,17.5,88.64,1,1,0,0,1670,55.7,0,0,0,0,6.84,0,47.39,0.8,48,1,37.04,72.28,8.41,9.0,39,36200,83,1.5,43.8
0,23.22,15,2,14.14,66.51,1,1,0,1,384,12.8,0,2,0,0,7.91,0,76.4,0.3,73,2,46.94,33.47,4.82,9.2,68,46930,4341,4.5,1.31
0,11.53,23,4,15.16,14.34,0,1,0,0,3617,120.6,1,0,0,1,5.79,0,25.79,0.45,11,2,49.48,63.9,7.27,8.32,59,48516,1712,1.47,13.67
0,28.86,7,1,26.35,47.62,0,1,0,0,854,28.5,0,1,0,0,9.61,1,26.08,1.11,78,3,23.04,25.92,1.18,6.48,58,18761,1869,2.99,95.0
0,10.54,20,7,4.82,6.36,1,1,0,0,3362,112.1,0,0,0,0,6.85,0,28.5,0.37,53,1,35.62,100.0,6.38,6.66,70,16710,851,2.91,74.0
0,87.04,10,4,0.73,0.52,0,1,0,0,1363,45.4,0,1,0,1,5.92,0,51.66,1.68,65,4,56.91,63.85,0.14,8.75,62,31194,4205,4.1,19.51
0,28.85,11,2,46.42,27.74,0,1,0,0,288,9.6,1,1,0,1,4.26,0,36.06,0.8,14,2,48.83,44.79,8.6,5.61,44,21656,2637,9.34,44.53
0,24.33,16,3,44.39,98.62,0,1,0,1,813,27.1,0,0,0,0,1.59,0,16.49,1.48,42,1,70.4,47.15,1.54,1.04,74,35917,1277,1.53,93.81
1,9.07,20,1,61.6,60.7,1,1,0,0,1460,48.7,0,1,0,1,6.33,0,20.29,0.45,44,1,95.26,6.18,0.63,9.1,62,10041,2256,1.42,36.17
0,174.11,2,1,93.66,14.24,0,1,0,0,1723,57.4,2,1,0,0,1.92,0,61.18,2.85,76,2,12.53,31.24,1.51,5.8,71,16055,831,6.8,15.84
0,32.75,10,2,52.76,28.02,0,0,1,0,1138,37.9,0,1,0,0,4.8,0,19.81,1.65,21,2,30.07,33.82,3.08,7.96,37,43152,1246,3.66,50.39
0,43.16,6,4,15.61,29.79,1,1,0,0,3279,109.3,0,1,0,0,7.21,0,17.41,2.48,14,3,32.99,51.29,0.48,4.45,34,5641,1719,8.67,17.81
0,46.44,20,3,78.45,61.28,0,0,1,1,2637,87.9,0,1,0,0,2.92,0,19.87,2.34,79,1,38.81,49.15,6.51,9.68,31,5302,3674,5.4,84.64
0,63.67,0,2,43.71,7.04,1,1,0,0,1079,36.0,0,1,0,0,8.07,0,37.16,1.71,66,2,60.33,30.34,4.59,4.23,34,44235,419,6.51,87.96
0,13.49,14,4,22.08,34.04,0,1,0,0,1732,57.7,0,0,0,0,2.01,1,33.78,0.4,20,1,27.13,62.23,1.15,1.25,22,27368,1601,7.3,73.06
1,8.03,8,4,0.65,41.36,1,0,1,0,1582,52.7,1,1,1,0,8.16,1,14.38,0.56,88,1,73.14,78.94,6.11,1.81,76,13835,2532,8.25,25.25
0,21.26,18,3,1.35,84.62,1,1,0,1,3511,117.0,0,0,0,0,5.26,0,45.87,0.46,61,1,39.0,63.83,1.5,2.13,51,14011,4473,8.5,71.54
0,87.85,0,4,30.13,16.45,0,1,0,1,3455,115.2,0,0,0,0,6.08,0,35.45,2.48,45,1,88.66,57.99,8.08,2.5,62,3306,482,6.08,33.4
0,64.69,6,2,13.52,0.49,1,1,0,0,623,20.8,0,1,0,0,9.68,1,91.55,0.71,16,1,57.74,45.56,0.97,1.91,34,27421,678,1.14,1.81
0,91.43,21,0,7.89,60.12,1,0,1,0,1887,62.9,0,1,0,0,9.52,0,51.19,1.79,52,1,41.35,0.0,9.83,0.25,22,44268,221,7.69,62.11
0,57.8,6,3,10.61,95.73,0,0,1,0,2200,73.3,0,1,0,0,2.84,0,92.48,0.62,22,1,95.74,40.65,3.72,8.65,59,10093,3987,1.11,33.35
0,25.6,16,3,34.98,18.25,0,0,1,0,1103,36.8,0,0,0,0,6.7,0,26.27,0.97,3,1,25.81,42.33,6.97,3.35,49,39521,4998,1.95,66.46
0,28.59,21,0,7.99,59.5,1,1,0,1,1044,34.8,1,0,0,0,8.45,0,24.91,1.15,70,3,42.72,1.34,0.96,0.86,61,7976,2205,4.0,13.16
0,24.6,10,3,15.64,22.45,1,1,0,0,3050,101.7,0,0,0,1,7.5,0,41.89,0.59,26,4,45.94,44.01,0.17,3.85,38,5702,469,2.68,29.23
0,93.49,20,2,11.16,33.76,0,0,1,1,1861,62.0,0,2,0,0,8.29,1,50.66,1.85,1,2,9.18,26.34,0.83,1.44,30,43382,3815,1.84,63.95
0,83.35,21,5,28.46,47.76,1,1,0,1,1847,61.6,0,3,0,1,6.28,1,29.65,2.81,23,3,40.66,75.86,8.47,4.98,60,10819,4725,9.31,55.08
0,44.16,15,3,0.95,59.28,0,1,0,0,2943,98.1,0,0,0,0,7.97,0,30.58,1.44,1,2,7.36,49.93,4.01,4.17,30,43853,4245,3.67,12.64
0,18.51,6,2,31.26,33.34,0,1,0,0,2140,71.3,0,3,0,1,8.09,1,26.59,0.7,86,3,15.78,30.59,5.23,7.16,32,23144,4780,6.21,11.59
0,36.3,22,3,19.47,58.88,0,1,0,0,1536,51.2,0,1,1,0,5.68,0,54.14,0.67,39,1,88.81,48.44,7.51,5.66,41,11722,26,4.28,70.78
0,166.94,9,3,17.25,40.16,1,1,0,0,114,3.8,0,0,0,0,8.8,0,15.27,10.93,38,1,74.98,40.5,5.33,0.53,28,6077,1621,1.82,28.24
0,22.25,2,1,76.87,34.53,0,1,0,0,2346,78.2,0,1,0,0,7.19,0,34.47,0.65,72,1,84.2,14.26,5.07,6.53,36,22518,4440,6.7,36.91
0,7.99,20,4,24.66,2.99,1,1,0,0,1862,62.1,1,0,0,0,3.39,0,15.17,0.53,89,1,11.51,75.84,0.33,6.63,69,22661,4658,8.66,96.55
0,548.51,6,5,107.6,6.89,0,0,1,0,1059,35.3,0,2,1,0,7.84,0,23.24,23.6,30,1,5.76,77.94,0.5,7.49,37,1851,1277,6.13,85.59
0,99.12,13,4,8.02,5.31,0,1,0,0,1415,47.2,1,0,0,0,8.16,0,35.13,2.82,12,2,14.8,53.62,5.84,4.54,65,16565,2170,8.2,4.57
0,12.68,11,2,35.86,20.83,0,0,1,1,824,27.5,0,0,0,0,8.37,1,32.11,0.39,24,1,13.23,32.1,6.79,4.62,51,30114,1562,2.45,51.8
0,26.47,20,5,50.52,57.62,0,1,0,1,2961,98.7,0,4,0,0,2.79,1,19.89,1.33,30,2,37.66,79.58,7.52,2.33,66,10814,2747,6.85,0.44
0,37.62,23,2,13.59,53.05,0,1,0,0,2478,82.6,0,0,1,0,4.68,0,14.64,2.57,29,2,14.99,32.88,0.97,4.1,60,21879,49,5.89,17.28
0,24.9,8,2,0.72,80.99,1,1,0,0,598,19.9,1,1,0,0,5.11,1,51.5,0.48,68,1,69.69,27.29,4.17,3.66,42,40385,2242,6.24,15.36
0,47.89,5,2,20.1,80.94,0,1,0,0,1766,58.9,1,1,1,0,7.68,0,27.12,1.77,49,1,60.19,40.24,9.0,1.04,47,2074,4482,2.62,21.29
1,65.37,13,1,42.79,60.97,1,0,1,0,1304,43.5,0,0,1,0,4.71,0,24.82,2.63,67,3,79.05,12.19,4.73,2.86,65,47035,4060,3.92,91.81
0,63.9,13,1,18.53,95.64,0,1,0,0,1962,65.4,1,0,1,0,7.5,0,69.15,0.92,71,1,17.62,26.42,2.95,0.61,36,5056,4387,5.97,83.42
0,38.14,4,4,35.89,65.75,0,1,0,0,1414,47.1,0,0,0,0,8.49,0,27.83,1.37,77,1,42.44,59.25,6.5,5.46,60,16832,2339,6.22,92.22
0,54.1,15,0,102.7,29.13,1,0,1,0,2164,72.1,0,2,0,0,4.65,0,11.1,4.87,13,1,92.36,0.0,1.79,9.7,49,33380,4367,4.54,34.55
0,146.98,22,2,56.61,90.28,0,1,0,0,2336,77.9,0,1,0,1,8.47,0,36.87,3.99,74,1,53.6,30.06,2.28,3.01,43,15263,4309,3.41,2.46
0,7.77,3,4,5.69,90.93,1,1,0,0,2895,96.5,0,0,0,0,5.94,0,22.9,0.34,58,2,17.74,64.81,5.37,3.54,78,8383,4633,2.71,45.18
1,27.25,19,6,8.1,92.21,0,0,1,1,1203,40.1,0,1,1,0,5.27,0,19.7,1.38,38,4,52.47,74.11,3.19,1.07,60,45404,3474,8.92,21.62
0,69.39,7,3,0.71,65.04,0,0,1,1,434,14.5,0,2,0,0,9.58,1,42.08,1.65,5,2,28.54,48.27,2.39,7.95,43,40256,1220,9.47,63.77
0,65.4,15,8,2.16,7.42,0,0,1,0,3508,116.9,0,0,0,0,2.75,1,64.53,1.01,34,1,9.64,100.0,8.67,7.58,53,20364,4975,9.43,22.72
0,24.98,12,2,20.75,30.04,0,0,1,0,3317,110.6,0,1,0,0,4.71,0,38.28,0.65,71,2,58.96,48.05,7.27,5.81,25,46015,3602,9.52,21.5
0,38.32,18,4,2.79,64.01,0,1,0,0,1712,57.1,0,1,0,1,2.99,1,34.92,1.1,78,1,15.43,60.35,6.79,2.66,47,6244,1802,1.65,14.01
0,102.55,9,4,18.12,59.65,0,0,1,1,2078,69.3,0,0,0,0,1.93,1,70.03,1.46,54,2,52.0,53.15,8.42,9.83,32,13751,165,6.63,13.68
0,106.14,11,4,46.61,66.12,1,1,0,0,1904,63.5,1,1,0,1,9.55,1,39.58,2.68,83,1,1.77,54.02,0.18,5.65,40,24677,1916,6.55,16.67
0,13.09,22,4,19.16,20.61,0,1,0,1,3569,119.0,0,1,0,0,9.16,0,24.15,0.54,85,1,86.35,65.1,6.32,4.56,40,15773,4201,2.41,93.19
1,123.48,4,3,0.13,61.39,1,0,1,0,1880,62.7,0,2,0,0,4.58,0,22.44,5.5,60,1,46.85,51.49,1.31,0.02,79,1812,4463,1.49,12.03
0,43.94,6,2,29.25,45.54,0,1,0,0,1978,65.9,0,0,0,0,7.95,0,27.48,1.6,45,1,38.14,45.3,4.45,0.11,43,42804,447,6.24,63.56
0,17.12,22,2,53.0,45.77,1,0,1,0,532,17.7,1,2,0,0,1.74,0,55.31,0.31,75,1,65.81,21.65,6.39,6.98,35,33602,2007,1.66,97.22
0,95.87,3,3,35.01,23.42,0,1,0,0,2885,96.2,0,0,0,0,8.58,0,15.5,6.19,0,2,47.22,53.46,5.19,3.85,39,44925,3747,4.84,82.83
0,38.88,10,4,8.45,58.29,1,0,1,0,2233,74.4,0,2,0,0,6.64,0,23.79,1.63,23,1,47.74,65.17,3.91,4.73,57,619,3317,4.08,74.9
0,68.6,6,3,39.75,36.29,1,1,0,0,2970,99.0,0,1,0,0,1.23,1,33.33,2.06,59,2,74.47,54.86,3.48,9.4,70,22494,823,3.95,34.43
1,146.91,21,1,24.91,82.33,0,0,1,0,1038,34.6,1,2,0,0,8.09,1,39.28,3.74,15,2,74.98,13.92,1.52,6.83,61,33351,1990,7.32,94.84
0,112.04,12,3,1.65,43.65,0,1,0,0,3511,117.0,0,0,1,0,3.22,1,58.34,1.92,87,2,96.17,47.14,3.55,4.76,75,43312,968,6.2,7.89
0,199.25,13,3,26.71,23.82,0,1,0,0,2689,89.6,0,0,1,0,7.35,1,44.38,4.49,19,2,43.22,42.1,3.39,4.08,25,27169,2114,6.22,19.61
1,101.33,7,4,10.36,90.97,1,1,0,1,1606,53.5,1,1,0,0,4.39,1,11.12,9.11,22,3,78.67,64.84,1.31,2.47,36,31842,2314,9.98,16.42
0,52.2,1,3,34.3,61.71,0,1,0,0,3326,110.9,0,0,0,0,5.52,0,34.67,1.51,64,1,78.17,42.92,9.72,1.23,58,5418,2389,1.77,11.94
0,186.52,2,3,3.83,82.54,0,1,0,0,550,18.3,0,3,0,0,3.32,0,39.78,4.69,88,2,59.87,32.25,6.51,5.86,70,24316,4155,3.48,92.96
0,15.89,12,0,34.22,47.67,1,1,0,1,930,31.0,0,1,0,0,1.24,0,43.98,0.36,83,1,16.41,0.0,3.48,0.52,78,43184,3409,2.12,39.32
0,51.55,1,3,9.63,29.39,1,1,0,1,1956,65.2,1,0,0,0,1.83,0,27.44,1.88,29,1,9.92,40.7,5.17,0.68,78,48207,4097,3.7,82.38
0,41.52,5,5,13.46,98.69,0,1,0,1,2915,97.2,0,0,0,0,3.23,1,58.41,0.71,4,2,13.2,70.79,8.97,5.07,64,44802,591,2.09,96.88
0,164.29,11,2,22.1,34.7,0,0,1,1,2277,75.9,0,1,0,0,4.37,0,38.26,4.29,27,1,21.9,45.02,2.42,6.14,36,5205,685,2.38,52.58
0,12.81,22,3,18.36,27.25,0,0,1,0,1120,37.3,0,0,0,1,1.29,1,50.7,0.25,61,1,69.0,31.05,4.81,6.53,38,33216,668,5.0,5.53
0,295.62,8,3,28.9,89.25,0,1,0,0,202,6.7,0,0,1,0,2.12,1,79.31,3.73,17,1,32.13,43.8,1.11,7.31,43,42550,951,7.83,33.96
0,13.85,14,3,74.05,70.0,0,1,0,0,1819,60.6,0,1,0,0,6.17,1,17.43,0.79,24,3,99.4,47.11,8.19,7.67,35,3390,2236,3.8,3.15
0,46.54,22,6,21.31,54.13,0,1,0,0,2510,83.7,0,0,0,0,6.92,1,59.24,0.79,65,2,75.95,88.63,3.31,9.34,60,29604,3584,8.37,88.45
0,140.65,9,2,36.2,47.44,0,0,1,1,150,5.0,0,0,1,0,9.7,0,31.95,4.4,86,1,63.75,34.6,5.87,5.1,30,26031,3204,1.01,60.1
0,8.67,20,2,12.4,41.16,0,0,1,0,3252,108.4,0,1,0,0,5.59,0,50.01,0.17,55,1,88.81,36.94,6.48,8.08,54,38209,2671,6.61,16.05
0,100.89,18,1,1.54,3.61,0,1,0,0,1919,64.0,0,2,0,0,1.89,0,13.77,7.33,35,2,69.84,12.48,9.5,4.34,44,22083,2850,9.71,6.84
0,13.64,16,6,4.57,21.13,1,1,0,0,2676,89.2,0,0,0,0,3.97,0,84.06,0.16,48,2,30.36,93.3,5.87,0.75,36,42073,1253,6.95,1.89
0,69.15,18,0,18.13,87.77,0,1,0,0,500,16.7,1,1,0,0,3.74,0,7.38,9.37,32,1,66.13,0.0,4.01,4.03,72,19992,3744,2.9,74.83
0,22.98,2,5,27.19,97.7,0,0,1,0,3074,102.5,0,2,0,0,6.46,1,51.85,0.44,3,2,67.03,86.9,8.31,6.85,30,21184,3218,9.71,74.77
1,35.08,17,2,19.88,30.06,0,0,1,1,2493,83.1,1,0,0,0,7.72,1,35.21,1.0,49,1,32.71,23.58,1.49,8.37,18,8417,1184,4.62,4.73
0,64.1,18,3,0.79,58.73,1,1,0,0,2080,69.3,0,0,0,0,7.62,0,55.24,1.16,79,1,40.29,47.2,0.97,7.29,68,29773,3135,5.0,6.61
0,82.98,5,1,3.94,67.38,1,0,1,1,3107,103.6,0,0,0,0,10.0,0,19.52,4.25,80,2,50.17,11.44,2.34,2.65,42,19727,2082,7.14,6.47
0,67.12,7,3,45.84,81.27,0,1,0,0,106,3.5,0,2,0,0,1.9,0,15.9,4.22,3,1,69.93,47.98,5.61,8.49,27,35173,4339,7.03,65.79
0,33.35,0,3,25.77,31.28,0,1,0,0,1289,43.0,0,2,0,0,5.55,0,66.49,0.5,26,1,39.77,34.31,2.39,0.3,75,8941,2084,8.82,76.58
0,131.51,18,5,1.04,19.21,0,0,1,0,2493,83.1,0,0,0,0,5.73,0,23.78,5.53,81,2,30.99,74.84,7.1,7.97,25,49339,2295,8.72,15.8
0,12.33,1,5,7.77,42.05,1,1,0,1,3586,119.5,0,0,0,0,8.27,0,28.58,0.43,75,2,85.17,85.75,1.69,6.11,36,45000,4026,7.96,74.74
0,39.14,16,2,92.96,20.29,0,1,0,0,2448,81.6,0,2,0,0,1.39,0,12.7,3.08,44,2,70.6,25.2,9.48,1.27,22,22801,4617,1.34,12.78
0,23.11,4,2,1.14,47.22,0,1,0,0,1489,49.6,0,1,0,0,3.89,0,29.48,0.78,55,2,82.58,28.91,5.37,1.85,39,36986,2070,1.84,86.02
0,31.24,13,2,22.32,4.39,0,1,0,0,2080,69.3,1,2,0,0,9.18,0,32.69,0.96,32,4,29.43,33.15,9.25,5.48,28,5468,1887,6.31,25.05
0,153.33,12,1,13.13,68.54,0,1,0,0,532,17.7,1,2,0,0,7.51,1,32.01,4.79,27,1,57.91,17.57,9.22,5.3,37,4482,3640,9.31,31.52
0,65.31,13,6,27.07,31.37,0,1,0,0,176,5.9,0,0,0,0,3.37,0,35.06,1.86,22,1,45.12,92.69,8.77,3.86,23,15059,4378,1.16,78.36
0,44.23,16,2,10.28,7.53,0,1,0,1,785,26.2,0,0,0,0,8.64,0,12.73,3.47,23,2,36.8,36.88,7.93,1.78,48,33905,394,2.22,75.43
0,55.85,3,4,25.07,83.29,0,0,1,0,957,31.9,0,0,0,1,8.3,0,13.97,4.0,28,2,30.93,65.66,9.88,3.51,68,22360,2638,7.0,18.06
0,49.8,4,3,4.78,3.38,0,1,0,0,288,9.6,0,1,0,0,4.89,0,35.61,1.4,49,1,85.13,47.24,4.95,6.6,52,39934,3508,6.14,3.5
0,112.01,22,6,24.37,72.22,0,1,0,0,2554,85.1,0,2,0,0,9.71,0,42.8,2.62,56,2,58.02,82.68,8.85,5.95,38,17465,4987,2.31,7.45
0,20.62,0,4,5.81,11.54,0,1,0,0,742,24.7,0,1,0,0,3.19,0,70.82,0.29,6,3,12.0,68.38,0.5,7.38,55,14090,100,3.16,65.45
0,54.34,10,5,28.66,28.03,0,1,0,0,1198,39.9,2,0,1,0,3.69,0,36.52,1.49,54,1,66.27,68.53,2.93,5.86,37,34877,4070,2.0,71.7
0,27.23,6,1,18.73,9.03,0,0,1,0,2449,81.6,0,0,0,0,5.8,0,40.64,0.67,25,1,12.34,13.49,2.27,0.91,47,41121,3146,5.06,54.71
0,60.35,23,3,21.83,89.21,0,1,0,0,1129,37.6,1,1,0,0,5.46,0,12.81,4.71,19,1,59.41,51.06,9.19,6.63,50,17427,2135,4.27,98.59
0,44.28,18,1,11.34,50.44,0,0,1,0,3330,111.0,1,1,0,0,4.16,0,26.83,1.65,89,3,67.05,25.48,7.42,3.62,20,8959,2727,4.49,37.49
0,29.59,6,1,82.51,27.61,0,1,0,0,1617,53.9,0,0,0,0,1.29,0,34.42,0.86,58,2,33.58,12.03,9.58,9.75,24,28488,4574,3.17,46.9
0,118.9,1,4,2.76,78.59,0,1,0,0,1127,37.6,0,2,0,0,2.43,0,34.65,3.43,41,1,53.59,61.12,5.73,4.07,39,16053,3305,7.78,48.29
0,6.44,10,2,1.47,95.63,0,1,0,0,1962,65.4,0,0,0,0,9.97,1,34.04,0.19,47,2,72.6,31.06,6.76,7.83,66,30666,1436,1.38,92.6
0,10.81,11,5,1.73,30.01,0,0,1,0,2442,81.4,0,0,0,1,3.74,0,32.33,0.33,16,1,10.62,91.46,8.35,0.62,25,35430,4988,1.89,34.83
0,17.3,8,6,23.06,20.98,0,1,0,0,2481,82.7,0,2,1,0,3.93,0,25.67,0.67,40,2,52.64,89.73,7.81,1.69,55,27290,2774,5.48,61.59
0,40.1,19,3,8.87,73.82,0,1,0,0,2977,99.2,0,1,0,0,4.7,0,28.88,1.39,67,1,6.29,53.22,6.58,7.35,47,37420,2462,5.01,8.16
0,224.53,6,4,109.32,14.53,1,1,0,0,2904,96.8,0,1,0,0,4.48,0,35.72,6.29,56,2,58.15,70.03,1.65,2.42,38,38440,3553,1.52,21.66
1,40.31,12,2,102.51,70.85,0,0,1,1,1814,60.5,1,2,0,0,3.59,0,31.21,1.29,78,2,97.08,28.02,1.29,2.38,51,12167,4334,6.43,20.35
0,48.5,23,3,62.12,14.54,0,1,0,0,3351,111.7,2,1,0,0,3.45,0,92.74,0.52,44,2,62.99,47.6,9.62,7.89,23,16994,2772,3.3,95.25
0,18.84,8,2,11.03,88.53,0,1,0,0,3032,101.1,0,0,0,0,5.34,0,36.37,0.52,66,2,75.86,27.38,7.21,0.4,40,21183,3482,2.24,58.79
0,38.07,15,2,46.41,61.66,1,0,1,1,1248,41.6,0,0,0,0,7.24,0,39.66,0.96,50,2,16.31,30.15,6.38,3.25,23,29659,4190,1.44,53.31
0,50.8,3,2,18.59,7.68,1,1,0,0,3348,111.6,0,1,0,0,8.21,1,37.05,1.37,64,3,17.5,24.05,3.51,3.38,71,25981,4596,3.04,32.05
1,23.11,11,4,4.45,49.48,0,1,0,0,408,13.6,0,1,0,0,9.75,0,41.44,0.56,74,2,94.41,59.81,3.22,0.45,28,1409,3468,8.73,23.97
1,10.49,23,5,2.61,36.69,0,1,0,1,1183,39.4,0,1,0,0,5.95,0,31.71,0.33,15,1,15.81,68.99,5.51,0.28,69,30224,485,2.3,90.55
0,31.57,8,3,13.53,36.36,0,1,0,0,114,3.8,0,0,0,0,6.08,1,59.19,0.53,79,1,96.94,54.07,8.9,7.93,79,12737,2815,5.88,77.62
1,39.27,2,2,24.2,41.4,0,1,0,1,2428,80.9,0,2,0,0,8.9,1,20.81,1.89,41,3,83.09,18.54,2.12,0.25,26,35128,3118,3.6,59.84
0,11.99,17,4,1.34,7.22,0,0,1,1,1541,51.4,0,0,0,0,8.84,0,24.8,0.48,29,1,66.43,60.4,7.16,8.39,55,15659,2799,2.48,90.75
0,237.59,14,4,3.2,92.4,1,0,1,0,1868,62.3,0,2,0,0,3.17,0,42.72,5.56,74,2,13.33,60.63,7.54,1.04,42,5728,3564,3.73,1.39
0,30.54,6,2,49.98,5.76,0,0,1,0,622,20.7,0,0,0,0,8.01,1,41.59,0.73,61,1,7.81,27.66,6.52,9.99,72,30248,4039,3.82,16.14
0,54.56,21,3,52.91,94.72,0,1,0,1,2518,83.9,0,0,0,0,1.41,0,23.76,2.3,82,1,45.14,43.64,4.64,8.46,72,8918,2409,9.08,18.83
0,52.2,11,4,3.2,2.48,0,0,1,0,1010,33.7,0,0,0,0,2.81,1,26.64,1.96,5,1,98.8,57.55,2.86,5.8,55,3006,376,3.91,20.71
0,15.34,6,2,95.11,6.27,0,1,0,0,3489,116.3,1,0,0,0,8.88,0,12.91,1.19,5,1,46.03,26.96,4.03,9.79,69,10674,4468,5.15,40.69
0,28.94,21,3,5.13,30.61,0,1,0,0,1944,64.8,0,1,0,0,7.15,0,26.6,1.09,0,1,54.16,40.86,8.41,1.74,32,45015,2033,3.06,88.15
0,41.47,16,5,10.99,94.68,0,1,0,0,1018,33.9,0,0,1,0,6.37,0,38.29,1.08,34,1,16.8,78.13,6.16,2.88,52,16865,1531,6.84,80.07
0,13.88,10,1,11.56,71.08,1,1,0,1,3250,108.3,0,2,0,0,4.65,0,29.15,0.48,26,3,43.52,20.96,7.64,5.64,61,26734,4357,9.13,17.01
0,84.93,12,2,15.46,36.86,0,1,0,1,1739,58.0,0,0,0,0,4.67,1,16.45,5.16,45,1,3.49,34.55,9.86,6.6,31,11641,4026,2.03,90.91
0,121.31,13,2,20.61,21.22,1,0,1,0,171,5.7,0,4,0,0,1.07,0,35.83,3.39,20,2,48.86,39.4,9.46,3.04,51,14443,763,3.2,49.62
0,4.81,13,4,68.1,42.76,0,0,1,0,1299,43.3,0,1,0,0,4.01,0,37.02,0.13,60,1,37.42,81.56,0.57,0.68,59,43355,3858,9.62,68.96
0,44.49,7,4,27.35,4.62,0,1,0,0,1184,39.5,1,0,0,0,7.43,1,13.44,3.31,28,1,4.04,61.56,2.37,2.17,70,49620,3804,7.24,42.27
1,75.88,3,4,53.72,28.36,1,0,1,1,408,13.6,0,1,0,0,3.67,1,32.3,2.35,41,2,48.96,55.45,5.27,2.83,55,9885,3459,3.27,22.31
0,18.11,10,4,5.21,98.2,0,0,1,1,1620,54.0,0,1,0,0,2.26,0,26.33,0.69,7,1,94.69,54.89,0.97,8.85,33,13927,1276,7.16,80.1
0,10.62,8,2,4.59,12.26,0,0,1,1,669,22.3,0,2,0,0,1.19,0,7.84,1.35,20,2,57.35,41.95,5.74,7.13,77,21428,4759,8.87,15.17
0,321.74,10,2,4.31,15.57,1,1,0,0,726,24.2,0,0,0,0,9.71,0,25.02,12.86,87,1,18.85,35.56,0.27,8.94,41,46316,1617,3.03,35.52
0,38.1,2,2,16.14,9.57,0,1,0,0,3209,107.0,0,2,1,0,3.29,1,48.46,0.79,8,1,90.94,26.05,9.82,3.96,26,7938,2699,5.68,2.52
1,15.62,19,2,4.43,49.04,0,0,1,0,3140,104.7,0,0,1,0,6.53,0,27.1,0.58,81,2,74.47,25.72,2.57,2.47,74,26598,4460,2.3,42.18
0,17.3,11,2,9.39,62.61,0,1,0,0,2038,67.9,0,2,0,0,8.66,0,49.41,0.35,75,4,60.11,26.7,8.94,8.08,22,111,3940,2.56,64.69
0,129.6,17,1,7.99,60.42,0,1,0,0,3223,107.4,0,1,0,0,9.22,1,26.72,4.85,18,2,99.77,0.0,6.42,0.62,33,3151,4224,5.58,26.18
0,39.62,15,2,8.89,12.86,0,1,0,0,3127,104.2,0,0,0,0,9.58,0,32.03,1.24,63,1,11.43,36.84,2.82,1.49,74,16825,400,3.97,62.28
0,34.75,9,1,33.51,56.52,0,1,0,1,3508,116.9,0,2,0,0,3.9,1,67.77,0.51,32,1,1.49,9.24,3.05,3.95,71,6483,1358,2.13,26.18
0,9.73,7,2,38.13,10.06,0,1,0,0,345,11.5,0,3,0,0,9.36,0,19.61,0.5,4,1,55.93,27.11,8.25,9.82,25,43163,1519,6.05,32.17
0,15.7,5,5,14.3,68.85,0,1,0,0,467,15.6,1,0,0,0,6.2,0,31.8,0.49,35,1,6.53,69.15,6.18,4.05,43,15395,151,6.39,31.34
0,63.57,22,7,60.29,6.32,0,1,0,0,711,23.7,1,1,0,0,2.73,0,30.68,2.07,32,1,16.04,100.0,4.08,7.32,35,29031,1148,7.04,9.65
0,29.0,18,4,3.93,43.7,0,1,0,0,3286,109.5,0,1,0,0,1.38,0,36.06,0.8,37,1,78.96,63.89,9.95,2.47,27,18416,2295,1.57,95.71
0,24.18,4,5,8.13,19.47,1,1,0,1,1716,57.2,0,1,0,0,3.5,0,43.43,0.56,55,1,46.55,86.97,7.5,1.96,44,45298,4651,4.68,96.4
0,36.59,15,3,35.82,31.24,1,1,0,1,2903,96.8,0,1,0,0,5.36,0,13.19,2.77,28,1,36.59,60.86,0.65,3.58,51,34939,3539,6.12,54.71
0,130.53,16,6,79.37,6.61,0,1,0,0,313,10.4,1,2,0,0,7.5,0,23.2,5.63,30,2,69.3,82.85,7.62,4.1,29,16817,3739,3.06,3.24
0,64.38,6,3,14.03,40.67,1,0,1,0,1345,44.8,0,2,0,0,5.11,0,40.81,1.58,84,1,56.75,28.19,5.91,1.07,60,32671,1474,8.43,91.78
0,24.76,15,2,5.06,63.1,1,1,0,0,781,26.0,0,1,0,0,1.65,0,12.58,1.97,74,1,78.97,40.23,0.73,6.12,53,26363,2829,8.39,88.15
0,37.07,3,3,11.18,62.95,0,1,0,0,713,23.8,0,2,0,0,8.53,0,42.62,0.87,16,1,41.59,50.43,8.75,0.74,52,30178,685,6.83,2.49
0,118.16,16,3,43.78,96.45,0,0,1,1,1464,48.8,0,2,0,1,4.91,1,38.17,3.1,84,2,64.34,37.5,5.04,5.72,69,10624,4085,1.26,93.28
0,27.43,2,5,2.53,81.12,0,1,0,1,1046,34.9,1,0,1,0,1.77,0,30.75,0.89,16,2,41.15,76.52,1.33,8.18,24,12153,4300,6.58,97.97
1,7.51,1,0,33.32,97.3,0,1,0,0,3645,121.5,1,1,0,0,3.76,1,78.07,0.1,38,1,72.0,14.4,6.57,6.13,50,18946,1789,8.95,60.85
0,64.37,11,4,25.96,88.96,0,0,1,1,496,16.5,0,0,0,0,2.87,0,72.93,0.88,54,2,4.3,62.34,6.26,8.0,49,260,1274,7.38,64.74
0,22.21,17,3,47.44,15.79,0,1,0,0,2091,69.7,0,1,0,1,1.34,0,23.6,0.94,86,2,22.63,67.52,1.0,5.6,75,8308,353,3.18,49.16
0,12.43,1,4,1.15,70.0,0,1,0,0,2914,97.1,0,1,0,0,6.62,0,44.92,0.28,65,1,59.23,56.68,7.4,1.38,30,10715,2778,5.7,87.66
0,125.7,4,2,21.26,56.62,0,1,0,0,3145,104.8,0,0,0,0,9.16,0,12.74,9.87,5,1,40.44,32.63,7.69,1.08,23,37796,1567,6.57,39.37
0,84.51,16,4,19.8,59.22,0,1,0,0,2839,94.6,0,2,0,0,5.51,1,32.67,2.59,68,4,92.47,66.79,8.25,1.33,26,35352,2521,5.12,98.21
1,368.11,7,3,19.63,46.24,1,1,0,0,161,5.4,0,0,0,0,7.14,0,18.66,19.73,41,1,10.09,42.04,4.3,4.72,28,39974,971,8.69,71.23
0,16.25,19,1,49.06,94.21,0,0,1,0,561,18.7,1,1,0,0,1.57,0,18.59,0.87,17,1,84.18,17.04,6.61,9.61,32,13501,2808,5.8,35.56
0,26.71,5,6,69.72,98.62,0,1,0,0,2728,90.9,0,1,0,0,8.65,0,36.69,0.73,2,3,98.54,81.39,0.47,3.39,70,3368,1337,2.64,62.11
0,51.27,22,6,21.48,86.66,0,1,0,1,1864,62.1,0,0,0,0,7.63,0,21.94,2.34,29,1,43.67,80.82,3.07,6.15,19,28795,1331,9.73,98.98
0,54.78,13,2,2.61,85.31,0,1,0,0,1039,34.6,0,1,0,0,4.08,0,17.68,3.1,33,2,88.03,24.73,9.08,0.66,50,39258,799,1.25,84.67
0,231.0,5,1,16.66,34.85,0,1,0,0,347,11.6,0,1,0,0,8.47,0,35.1,6.58,60,1,15.59,23.65,4.05,1.03,71,26884,1908,9.6,98.53
0,100.57,5,2,18.14,14.66,1,1,0,1,3477,115.9,0,1,0,1,5.02,0,20.81,4.83,36,1,82.59,37.49,2.06,9.13,66,11359,1689,7.94,28.36
0,66.12,22,6,6.81,86.42,0,1,0,0,2625,87.5,0,3,0,0,2.34,0,14.21,4.65,49,4,20.22,93.5,9.93,2.74,47,6674,3991,8.61,28.82
0,21.54,9,1,2.65,48.44,0,1,0,0,3644,121.5,0,0,0,0,7.28,0,28.84,0.75,48,2,48.78,7.26,2.96,5.3,30,19496,2345,1.39,92.24
0,22.24,10,1,3.49,71.3,0,1,0,0,2521,84.0,0,0,0,0,6.1,1,27.28,0.82,38,1,60.53,13.45,7.67,5.85,37,25806,3149,2.53,65.08
0,23.92,11,5,31.46,88.56,1,1,0,0,230,7.7,0,1,0,0,2.39,0,27.96,0.86,44,3,11.37,69.99,9.82,6.41,70,35040,2928,6.64,29.53
0,16.25,6,8,0.75,25.2,0,0,1,0,2991,99.7,0,0,0,0,7.14,1,26.69,0.61,52,2,26.72,100.0,8.47,7.75,27,32209,3134,8.65,93.75
0,56.45,12,2,9.6,80.65,0,1,0,1,2691,89.7,1,1,0,0,5.16,1,19.33,2.92,11,1,24.68,36.88,7.04,0.68,50,39278,2606,3.57,76.53
1,129.35,12,3,13.89,6.18,0,1,0,0,3196,106.5,0,1,1,0,1.28,0,38.46,3.36,63,1,55.0,43.66,8.39,1.75,74,26733,3538,5.07,21.12
0,33.98,5,3,39.41,46.48,0,1,0,1,1423,47.4,0,1,0,0,3.64,1,28.65,1.19,41,2,41.88,37.33,5.3,5.29,64,9410,2493,8.15,62.14
0,77.2,20,3,7.85,5.88,0,1,0,0,3304,110.1,0,0,0,0,3.37,1,21.19,3.64,81,1,88.22,36.68,1.67,6.31,49,2967,4184,2.03,89.28
0,23.27,21,0,40.05,78.79,1,0,1,0,997,33.2,2,1,0,0,9.81,0,88.24,0.26,28,1,76.51,0.0,7.87,8.8,60,14354,3799,6.65,33.68
0,11.3,1,6,39.35,15.43,0,1,0,0,1383,46.1,1,1,0,0,9.57,0,50.02,0.23,20,1,31.1,94.79,0.76,2.53,57,15417,22,5.71,15.71
0,13.18,21,2,20.12,75.03,0,1,0,1,931,31.0,0,1,1,0,6.71,1,49.92,0.26,77,1,66.94,26.97,8.38,9.67,66,23845,1254,7.72,38.82
0,52.08,2,2,36.6,39.26,0,0,1,0,3040,101.3,0,2,1,0,4.47,1,39.96,1.3,61,4,28.45,41.27,3.27,1.69,78,25879,3808,3.21,29.0
0,42.43,15,2,12.08,0.16,0,0,1,0,518,17.3,0,0,0,0,4.25,1,69.07,0.61,67,1,41.39,37.55,8.8,1.99,61,9560,1549,9.15,64.32
0,127.46,23,5,1.94,71.6,0,1,0,0,2211,73.7,0,2,0,0,2.3,0,20.33,6.27,14,1,68.79,64.43,0.0,2.91,74,37610,3042,8.9,12.15
0,50.91,1,7,33.01,65.5,0,0,1,0,2957,98.6,0,1,0,0,6.81,0,20.34,2.5,44,3,92.51,100.0,9.1,8.97,63,8686,4882,9.57,68.44
0,14.76,4,3,3.98,22.28,0,1,0,0,478,15.9,2,1,0,0,6.91,0,34.3,0.43,77,2,76.47,52.89,8.18,2.12,21,25875,1756,1.76,37.75
0,67.59,8,4,54.22,1.49,0,1,0,0,1530,51.0,1,0,0,0,7.36,1,28.72,2.35,30,2,22.97,66.96,8.56,0.23,32,5650,3197,4.59,1.31
0,36.32,5,3,90.11,72.81,1,0,1,0,157,5.2,0,1,0,0,9.71,0,59.37,0.61,14,3,42.78,51.2,0.87,9.17,24,36696,754,8.86,9.25
0,33.38,8,3,12.41,8.7,0,1,0,0,88,2.9,0,1,0,0,2.6,0,33.47,1.0,81,2,19.01,45.26,7.03,3.58,32,26444,3344,3.84,15.82
0,38.16,18,4,16.21,44.67,0,1,0,0,2087,69.6,0,0,0,0,9.38,0,33.0,1.16,75,2,72.05,67.73,5.11,1.06,71,8814,2357,5.81,17.21
0,187.05,5,0,29.02,25.3,0,1,0,0,333,11.1,0,1,1,0,4.23,0,40.08,4.67,56,1,92.65,0.0,0.38,9.22,57,30624,795,6.09,4.24
0,87.96,7,4,24.01,20.77,1,1,0,0,1089,36.3,1,1,0,0,5.81,0,30.04,2.93,67,2,50.7,52.94,3.42,9.89,48,13789,663,1.3,60.52
0,19.48,12,2,1.16,2.15,0,1,0,0,3513,117.1,0,0,0,0,3.34,0,34.47,0.57,20,3,92.86,35.49,6.66,0.31,49,24738,3386,4.98,52.96
0,11.1,13,5,2.07,20.16,0,1,0,1,1558,51.9,0,0,0,0,3.81,1,23.47,0.47,73,1,71.46,88.01,5.33,7.87,56,41285,2275,7.93,63.76
0,63.95,6,0,9.31,1.86,0,1,0,0,3162,105.4,2,3,0,1,6.56,0,33.0,1.94,32,1,72.31,0.0,4.71,9.81,41,41823,2974,1.31,87.21
1,65.97,22,0,20.0,97.66,0,1,0,1,2945,98.2,0,0,1,0,2.46,0,13.45,4.9,85,2,23.22,0.0,8.77,6.46,60,19226,4031,9.66,88.09
0,19.95,5,7,48.4,26.84,0,1,0,0,3481,116.0,0,3,0,0,6.95,0,55.84,0.36,0,4,2.08,100.0,4.33,6.99,48,35359,3443,9.95,38.33
0,88.77,8,4,18.19,0.24,0,1,0,0,2826,94.2,1,1,0,0,9.46,1,18.99,4.67,11,3,37.74,64.11,6.27,6.83,49,30522,1090,1.75,59.27
0,30.02,23,5,41.81,75.02,0,1,0,0,2744,91.5,0,2,0,0,3.12,0,41.84,0.72,54,1,65.06,70.24,1.86,4.49,68,48862,3294,9.02,45.78
0,33.41,22,1,7.79,78.14,1,1,0,1,3494,116.5,0,0,0,0,1.68,0,50.49,0.66,29,1,67.57,20.06,1.08,0.48,33,40600,1307,8.89,44.34
1,124.22,10,3,0.68,63.58,0,0,1,0,3363,112.1,0,2,0,0,1.22,0,31.12,3.99,54,1,82.78,45.9,1.6,5.21,79,2925,600,6.82,52.27
1,39.79,6,4,19.1,91.2,1,1,0,0,2253,75.1,0,0,1,0,9.88,0,33.27,1.2,46,1,61.12,42.69,7.72,7.34,78,2814,1075,7.12,8.51
0,5.68,11,3,50.48,90.48,1,1,0,0,2529,84.3,0,3,1,0,5.35,0,49.52,0.11,69,1,9.61,53.4,5.43,1.21,38,16746,1174,5.85,8.46
0,88.94,4,3,1.62,41.18,0,1,0,0,3094,103.1,0,1,0,0,5.9,0,47.39,1.88,43,3,54.66,62.14,1.33,0.18,22,3755,3397,9.1,19.5
0,8.91,2,0,7.96,81.78,0,1,0,0,302,10.1,1,1,0,0,4.93,0,48.22,0.18,37,1,18.43,0.0,0.54,3.18,67,36873,3788,3.44,85.01
0,11.06,23,3,22.43,64.43,0,1,0,0,3402,113.4,0,0,0,0,5.87,1,27.81,0.4,79,1,97.61,44.31,3.01,6.91,38,32362,4950,5.74,39.51
0,13.7,14,6,2.56,11.32,0,1,0,1,3156,105.2,2,1,0,0,7.11,1,36.14,0.38,21,1,10.3,91.55,0.8,2.16,25,589,657,6.27,93.55
0,29.3,12,1,43.28,11.74,0,1,0,0,676,22.5,1,2,0,0,4.85,1,35.38,0.83,18,1,6.42,28.31,2.76,4.44,29,18900,4613,4.88,50.09
0,42.89,6,7,11.57,35.29,0,1,0,0,2371,79.0,0,0,0,0,5.79,1,46.57,0.92,71,2,15.46,100.0,4.37,1.01,23,39279,4372,1.78,58.67
0,17.24,18,2,31.48,87.49,0,0,1,0,1131,37.7,0,1,0,0,2.18,0,96.82,0.18,89,1,16.5,32.3,6.02,5.82,74,13005,2768,6.7,79.3
0,10.63,4,5,16.47,86.24,0,1,0,0,66,2.2,0,0,0,0,6.49,0,21.99,0.48,60,2,90.62,67.04,8.37,0.23,30,42376,3253,9.91,69.4
0,15.72,6,3,1.32,49.58,1,1,0,0,304,10.1,0,2,0,0,2.25,1,17.06,0.92,77,1,47.87,45.85,9.41,2.31,55,13929,4434,3.37,86.31
0,54.41,16,2,45.68,79.88,0,1,0,1,2208,73.6,0,2,0,0,7.62,0,23.7,2.3,74,1,24.19,29.13,8.8,3.56,18,41102,1240,9.25,51.19
0,13.82,4,3,10.49,32.91,0,1,0,0,2361,78.7,0,1,0,0,4.41,0,35.47,0.39,75,1,43.25,48.87,7.31,5.05,18,40632,3446,6.73,68.9
0,47.37,5,2,14.06,94.26,0,1,0,0,1578,52.6,2,0,0,0,9.89,1,37.28,1.27,72,1,43.68,15.15,6.09,8.69,44,47119,3053,1.03,39.59
0,49.39,3,2,15.77,18.26,0,1,0,0,3413,113.8,0,1,0,0,6.97,0,38.64,1.28,32,1,99.05,39.77,3.83,6.59,62,2310,2997,2.64,18.31
0,195.95,7,4,19.03,98.44,1,0,1,0,1388,46.3,1,0,1,0,9.25,0,43.53,4.5,72,2,85.7,48.21,3.1,4.99,72,32123,2518,2.8,45.55
0,10.34,7,4,16.45,3.86,0,1,0,0,3096,103.2,0,1,0,0,1.13,0,32.19,0.32,19,1,61.49,69.06,7.33,8.16,63,21447,4427,1.0,68.12
0,25.49,6,3,3.01,29.5,0,1,0,0,2672,89.1,0,0,0,0,1.27,0,66.35,0.38,36,1,77.61,54.13,4.37,6.38,45,27692,1702,6.72,19.68
0,112.67,12,8,17.9,15.2,1,1,0,0,892,29.7,1,2,0,0,9.4,1,65.44,1.72,9,4,67.05,100.0,3.38,3.29,26,19134,3747,9.27,30.49
0,270.95,13,3,33.93,57.77,0,1,0,0,710,23.7,0,0,0,0,6.57,0,39.06,6.94,71,1,1.17,50.65,3.43,2.21,25,2857,2542,3.09,80.4
0,20.78,3,3,26.95,94.3,0,1,0,0,79,2.6,0,0,0,0,8.94,0,13.43,1.55,61,2,95.19,44.38,3.51,2.31,77,33523,2452,6.87,43.87
0,123.78,0,4,10.73,66.52,1,0,1,0,3000,100.0,0,1,0,0,9.27,0,48.96,2.53,24,2,56.99,54.0,7.5,9.34,20,12296,726,8.27,5.68
0,95.55,22,2,5.84,68.11,0,1,0,0,142,4.7,0,1,0,0,4.3,0,108.26,0.88,43,3,47.85,26.47,9.54,1.92,73,16092,2529,2.05,19.41
0,37.66,20,2,12.74,12.16,0,1,0,1,1727,57.6,1,2,0,0,8.21,0,31.43,1.2,60,1,30.94,37.97,2.68,7.51,18,38570,3997,6.1,8.1
0,28.45,2,2,40.65,87.14,0,1,0,0,355,11.8,0,1,0,0,2.65,1,57.33,0.5,68,3,65.06,34.32,6.67,1.89,42,14944,776,2.92,94.12
0,16.79,6,4,3.46,42.86,0,1,0,0,2786,92.9,0,0,0,0,6.48,1,29.69,0.57,61,3,56.13,70.5,5.96,1.35,76,14824,1655,5.83,34.08
0,10.74,4,2,2.06,85.8,1,1,0,1,850,28.3,0,1,0,0,9.13,1,47.66,0.23,32,2,50.66,27.31,7.17,7.83,26,4419,4014,7.59,87.46
0,84.86,7,0,8.56,79.43,0,1,0,0,1077,35.9,1,0,1,0,1.19,0,49.99,1.7,4,1,22.15,2.43,0.16,5.95,58,36739,2651,9.98,58.54
0,46.87,0,3,25.68,41.45,0,1,0,0,1411,47.0,0,0,1,0,4.95,0,17.24,2.72,20,1,24.18,48.01,8.46,2.95,39,26883,919,7.32,70.54
0,101.1,12,1,48.19,3.7,0,1,0,0,288,9.6,0,0,0,0,3.6,0,50.4,2.01,61,1,55.5,21.78,4.83,5.0,61,24543,2775,9.23,64.65
0,48.93,19,3,52.38,69.38,0,1,0,0,923,30.8,0,0,0,0,9.93,1,36.6,1.34,37,2,30.06,36.56,0.32,9.87,31,31605,2011,2.38,27.2
0,170.5,11,6,39.85,35.11,0,1,0,0,2255,75.2,0,1,1,0,5.11,0,60.72,2.81,1,4,64.07,93.53,4.82,6.62,76,3155,877,6.74,23.79
0,46.35,2,4,0.78,25.02,0,1,0,0,3398,113.3,0,1,0,0,5.79,0,45.47,1.02,18,1,80.92,62.68,5.84,8.83,41,24895,2598,3.59,78.38
0,105.41,2,4,1.79,96.84,1,1,0,0,2515,83.8,0,0,0,0,6.03,1,11.74,8.98,45,2,67.09,56.77,2.2,0.58,70,26675,4487,8.02,65.31
0,23.36,13,4,10.26,91.72,1,1,0,0,2122,70.7,0,0,0,0,9.6,0,20.54,1.14,57,2,77.9,48.87,8.83,3.59,50,9673,2287,6.8,75.72
0,102.51,14,3,15.67,51.77,0,1,0,1,2966,98.9,0,1,0,0,7.7,0,26.27,3.9,48,1,29.1,46.55,7.78,6.51,25,46666,755,2.54,10.38
0,155.62,11,4,36.98,96.53,0,1,0,0,2272,75.7,0,2,1,0,5.76,1,35.15,4.43,38,1,65.28,60.83,6.6,3.01,23,42980,3890,8.85,90.69
0,81.97,12,4,21.83,58.29,0,0,1,1,1727,57.6,0,0,0,0,3.89,0,43.23,1.9,81,1,73.46,54.47,4.59,9.51,34,41145,1953,1.55,48.86
0,77.58,22,4,5.19,65.77,0,1,0,0,494,16.5,1,0,1,0,5.32,0,28.65,2.71,66,3,80.2,57.34,6.24,4.86,35,35846,683,8.99,60.34
0,97.88,23,4,25.43,18.79,0,1,0,1,1724,57.5,0,2,0,0,4.3,0,21.52,4.55,43,3,79.01,58.21,6.25,0.86,31,21286,508,3.59,12.87
0,4.77,16,1,11.13,39.92,0,1,0,0,1228,40.9,0,1,0,0,3.44,0,43.85,0.11,34,2,77.09,19.69,9.85,4.05,28,12776,2534,8.69,93.72
0,64.13,17,4,10.06,42.77,0,0,1,0,1452,48.4,0,1,0,0,5.3,1,41.15,1.56,6,2,5.42,62.13,1.85,9.73,65,12553,730,8.88,96.43
0,30.91,15,3,3.22,90.47,0,1,0,1,3441,114.7,0,0,0,0,5.61,0,23.84,1.3,4,1,25.06,43.86,1.89,5.65,33,27843,3467,5.62,87.52
0,63.88,23,2,32.77,6.12,1,1,0,0,1678,55.9,1,0,0,0,7.35,1,17.35,3.68,60,2,96.52,24.03,6.82,1.98,47,1938,1967,2.5,98.56
0,15.41,22,3,3.13,14.75,0,1,0,0,2490,83.0,0,0,0,0,7.97,1,30.27,0.51,21,2,73.69,35.26,1.24,3.03,58,10965,3713,7.29,86.96
0,129.33,6,5,1.16,24.71,1,1,0,0,2387,79.6,0,0,0,0,3.26,0,25.8,5.01,54,3,97.85,80.32,7.67,7.88,48,35417,568,7.46,18.61
1,101.38,15,5,8.3,33.63,0,1,0,0,2202,73.4,0,3,0,0,7.82,1,27.66,3.67,36,1,0.84,82.16,1.58,9.75,43,9875,4739,8.28,38.25
1,89.42,9,1,9.62,8.03,0,1,0,0,873,29.1,0,1,0,0,8.44,0,10.36,8.63,33,3,91.14,22.98,3.67,0.39,55,43647,3243,3.21,69.27
0,51.0,16,6,6.09,67.8,0,1,0,1,3239,108.0,0,1,1,0,5.76,1,70.82,0.72,20,1,39.03,87.59,6.88,6.24,46,25055,407,2.9,47.73
0,14.81,3,3,46.35,44.77,0,0,1,0,2131,71.0,0,0,0,0,5.01,0,41.98,0.35,80,1,63.44,51.13,9.36,4.21,42,13221,3959,1.45,76.46
0,36.35,9,3,72.04,33.86,0,1,0,0,2614,87.1,0,3,0,0,2.68,1,25.94,1.4,81,1,58.88,54.3,3.84,4.05,47,35368,1282,2.79,8.62
0,23.87,22,2,40.8,47.36,0,1,0,0,3633,121.1,0,0,0,0,6.65,0,29.48,0.81,22,1,33.47,25.66,0.03,7.59,19,41866,2297,4.31,85.76
0,28.15,18,3,24.71,27.22,1,1,0,1,2337,77.9,0,1,0,0,6.39,0,25.49,1.1,41,2,14.58,51.49,1.28,7.36,79,16130,3652,9.27,41.8
0,25.44,19,3,23.49,17.06,0,1,0,0,3270,109.0,0,0,0,1,1.32,0,15.99,1.59,57,1,73.11,50.74,4.99,6.85,52,27420,1374,4.53,43.38
0,57.24,12,3,3.71,52.88,0,1,0,0,2184,72.8,2,0,1,0,5.34,1,29.0,1.97,72,3,67.82,47.97,9.72,2.31,73,36972,3168,6.09,67.33
0,199.7,18,2,6.04,44.86,0,1,0,0,1752,58.4,0,1,0,0,1.43,1,42.03,4.75,45,1,46.25,22.04,7.01,0.85,33,10657,4185,9.81,56.52
0,88.17,12,4,2.45,47.62,0,1,0,0,2962,98.7,0,2,1,0,9.16,0,33.31,2.65,59,1,27.32,41.52,7.97,5.23,47,37797,3385,9.21,33.09
0,25.16,5,3,23.74,65.49,0,0,1,0,2496,83.2,0,1,0,0,5.79,1,20.61,1.22,83,1,2.06,43.45,3.8,3.61,25,26162,4939,9.87,87.79
0,42.38,13,1,31.4,54.17,0,0,1,1,2860,95.3,1,0,0,0,4.49,0,35.64,1.19,26,1,34.31,14.87,5.91,8.11,79,3983,3524,5.56,11.24
0,45.91,2,1,24.89,52.0,0,0,1,0,3159,105.3,0,0,0,0,6.74,1,12.03,3.82,12,2,84.99,6.27,8.52,4.45,69,19383,4105,9.58,98.11
0,22.42,13,4,101.22,25.44,0,1,0,0,2847,94.9,1,0,0,1,9.47,0,33.28,0.67,48,1,20.84,56.13,5.92,0.92,35,14410,733,6.92,72.94
0,18.38,2,0,3.01,5.99,0,0,1,0,2150,71.7,0,0,0,1,5.53,0,95.44,0.19,70,1,14.19,0.0,5.27,3.11,60,35333,1063,3.12,81.74
0,94.6,16,1,1.04,88.48,0,1,0,0,785,26.2,1,4,0,0,3.19,0,48.77,1.94,53,2,68.88,28.68,5.44,2.09,78,7232,2940,2.73,93.09
0,50.53,21,3,19.07,74.5,0,1,0,0,485,16.2,0,4,0,1,5.41,0,47.05,1.07,18,1,69.9,38.94,3.36,3.39,32,48888,2976,7.11,0.32
0,40.2,14,3,5.9,65.73,0,1,0,0,153,5.1,0,0,0,0,1.11,0,123.74,0.32,61,1,39.95,38.51,3.92,4.54,36,49102,2730,8.57,97.37
0,4.52,10,1,41.63,56.01,0,1,0,1,2923,97.4,0,1,0,0,9.92,1,22.02,0.21,59,1,92.94,21.34,9.03,9.08,25,32929,54,7.7,9.89
0,161.62,4,3,49.59,99.61,1,1,0,0,339,11.3,1,0,0,0,9.16,0,17.32,9.33,77,1,15.98,27.26,9.65,5.61,78,25382,370,8.25,78.81
0,16.1,22,2,0.52,75.43,0,1,0,0,1660,55.3,1,1,0,0,4.81,0,35.25,0.46,17,3,95.08,50.99,8.76,2.57,30,23386,4733,4.27,7.19
1,40.74,15,1,10.6,94.0,0,1,0,0,2659,88.6,0,0,0,0,8.06,1,19.18,2.12,58,2,84.35,20.52,7.5,8.38,64,5886,4166,8.31,24.87
0,22.23,17,1,7.74,36.85,0,1,0,0,3157,105.2,0,1,1,1,9.7,0,43.43,0.51,48,1,88.64,17.22,2.05,2.38,24,39344,3748,8.83,91.11
0,45.12,2,1,47.14,22.26,0,1,0,0,1071,35.7,0,1,0,0,1.73,0,54.87,0.82,30,1,13.51,27.17,8.08,6.93,79,6444,3525,8.17,11.43
0,26.82,15,4,12.6,29.57,0,1,0,0,499,16.6,0,0,0,0,3.02,0,56.4,0.48,70,2,2.84,62.85,2.88,1.89,79,39697,1910,8.05,75.85
0,21.91,17,6,7.23,56.75,0,0,1,0,2535,84.5,1,0,0,0,7.64,0,29.23,0.75,88,1,57.86,74.88,7.62,7.99,42,1214,3468,9.51,23.75
0,71.39,12,2,5.16,55.82,0,1,0,0,3411,113.7,0,0,0,0,6.83,1,32.94,2.17,86,1,66.05,30.24,5.43,5.94,35,18808,1531,8.01,84.65
0,26.79,22,2,26.53,20.85,0,1,0,0,1885,62.8,0,1,0,0,4.43,0,20.41,1.31,18,1,99.12,15.47,4.49,9.16,36,30730,4139,7.11,37.08
0,21.3,0,4,2.35,20.16,0,0,1,1,1582,52.7,0,1,0,0,2.16,1,19.85,1.07,73,1,33.22,52.11,5.9,5.89,62,12571,2027,5.87,83.12
0,13.71,14,3,52.72,25.12,0,1,0,0,2292,76.4,0,0,0,0,2.15,0,21.64,0.63,87,1,37.97,39.97,4.12,7.27,70,36213,149,9.51,65.76
0,20.93,6,2,33.31,0.09,0,1,0,0,1652,55.1,0,1,1,0,9.03,1,20.61,1.02,4,1,81.91,28.52,5.32,0.15,29,30204,2185,4.48,14.67
1,10.11,14,3,11.19,70.8,0,0,1,1,560,18.7,0,1,0,1,4.12,0,28.32,0.36,53,2,72.65,51.02,5.6,2.07,78,11405,2271,1.22,62.29
1,27.57,2,4,8.46,58.54,0,1,0,0,283,9.4,0,1,0,0,1.04,0,28.21,0.98,22,1,84.35,51.13,3.5,7.59,55,14027,4859,5.36,7.97
0,47.58,11,0,0.7,95.64,0,1,0,0,3194,106.5,0,0,0,0,4.44,0,29.71,1.6,42,2,13.28,14.49,2.5,5.82,47,47084,2118,5.54,49.69
0,12.54,1,3,6.01,9.8,0,0,1,1,2846,94.9,0,2,0,0,3.57,0,19.32,0.65,27,2,74.55,51.52,1.31,3.78,24,17281,861,2.03,29.32
0,37.62,23,3,4.79,39.03,1,1,0,1,3490,116.3,0,0,0,0,5.04,1,23.02,1.63,20,1,38.98,45.34,4.55,6.33,40,48114,4100,2.05,64.79
0,75.52,9,0,38.82,96.13,0,1,0,0,2549,85.0,0,0,0,0,6.9,0,39.29,1.92,41,1,33.06,3.82,4.03,7.32,21,12733,3991,8.87,4.39
0,57.45,17,2,106.66,92.85,0,0,1,0,61,2.0,0,2,0,0,9.59,1,15.65,3.67,24,2,46.11,38.5,7.47,8.82,74,33458,226,9.66,85.28
0,35.98,4,3,15.73,14.22,0,1,0,0,1881,62.7,1,1,0,0,9.31,0,44.58,0.81,64,1,1.24,34.21,3.6,7.24,50,35289,3532,7.93,22.53
0,14.86,8,4,3.0,86.82,0,1,0,0,2125,70.8,0,1,0,0,8.86,0,14.47,1.03,71,1,13.24,62.02,5.74,6.33,48,32833,155,5.4,3.9
0,11.49,17,5,38.07,97.88,0,1,0,0,1465,48.8,0,0,0,0,7.88,0,128.86,0.09,0,4,43.55,72.9,5.11,3.97,21,13101,2865,4.56,55.27
0,27.06,1,3,0.2,11.04,0,1,0,0,1196,39.9,0,0,0,0,6.59,0,37.03,0.73,21,2,31.0,40.17,7.07,3.96,75,17484,2703,3.67,38.46
0,48.7,7,5,5.78,44.3,0,1,0,0,334,11.1,0,2,1,0,8.47,1,34.78,1.4,1,1,45.04,79.31,4.79,6.66,28,6819,1537,4.21,36.46
0,32.84,11,2,11.87,42.35,0,1,0,0,2275,75.8,0,1,0,0,6.89,0,36.34,0.9,4,1,50.73,25.44,1.66,9.58,33,38382,2461,6.97,21.27
1,27.19,1,0,20.58,60.07,0,0,1,0,538,17.9,0,0,0,0,8.33,1,27.11,1.0,35,1,67.07,1.25,6.47,0.42,52,34898,4227,9.73,82.52
0,22.8,12,2,0.81,44.68,0,1,0,0,3334,111.1,0,0,0,0,3.33,0,31.83,0.72,17,2,21.02,29.12,6.59,5.29,37,48681,3052,1.4,43.55
0,37.75,1,2,22.4,9.26,0,1,0,0,476,15.9,0,0,0,0,4.21,0,33.29,1.13,45,1,77.09,28.07,1.49,2.93,18,25411,4351,7.81,32.72
0,68.61,2,3,5.67,92.39,0,0,1,0,909,30.3,0,1,0,0,9.74,0,54.42,1.26,19,2,88.01,37.54,4.45,3.76,35,6752,2473,1.56,43.89
0,15.18,6,2,6.54,34.75,0,0,1,0,474,15.8,0,1,0,1,5.66,0,44.11,0.34,74,1,85.37,25.24,1.28,8.66,74,23451,4344,7.38,1.45
0,5.87,21,5,4.26,82.62,1,1,0,0,3529,117.6,0,2,0,0,3.85,1,17.32,0.34,30,2,74.34,65.27,8.16,0.79,21,9417,91,1.33,95.03
0,50.16,22,3,1.38,86.47,0,0,1,0,3277,109.2,1,0,0,0,1.23,1,34.73,1.44,73,2,25.79,36.05,9.16,1.33,34,439,2960,1.07,77.67
0,19.53,0,2,20.47,23.3,0,1,0,0,2303,76.8,0,2,0,0,4.67,0,22.6,0.86,23,2,54.14,25.92,8.27,7.47,41,21519,2294,5.05,70.17
0,37.8,14,4,38.43,30.22,0,1,0,0,656,21.9,0,0,1,0,3.15,1,17.49,2.16,15,3,49.28,66.09,7.71,8.81,41,49765,421,4.3,83.53
0,7.78,5,0,11.54,47.45,0,0,1,0,668,22.3,1,0,0,0,7.17,1,55.49,0.14,76,2,63.55,0.0,4.23,2.55,29,2222,3615,2.83,4.96
0,20.96,8,1,13.19,68.97,0,1,0,0,2161,72.0,0,1,0,0,4.8,1,30.37,0.69,25,2,28.53,17.8,4.78,6.58,50,15384,4655,4.5,50.55
0,13.6,12,3,13.56,21.2,1,1,0,0,1662,55.4,0,1,1,0,6.14,0,46.19,0.29,69,2,7.52,40.11,1.27,0.97,26,6662,2957,3.95,24.97
0,9.84,3,2,10.5,3.55,0,1,0,1,1543,51.4,0,0,0,0,9.94,0,11.82,0.83,49,1,73.83,31.38,0.85,8.02,38,26068,684,7.78,15.69
0,60.97,1,5,3.28,45.06,0,0,1,0,2132,71.1,0,0,0,0,8.58,1,20.26,3.01,81,2,43.27,81.57,3.7,3.91,56,30962,1081,8.07,51.03
0,63.72,4,4,15.41,74.46,0,1,0,0,2877,95.9,0,1,0,1,2.05,0,27.51,2.32,14,1,18.87,63.49,3.75,4.77,44,36843,12,4.24,97.4
0,112.14,22,2,0.94,57.53,0,1,0,0,169,5.6,0,1,0,0,8.22,0,29.53,3.8,66,1,35.1,31.39,6.3,7.4,23,6405,914,2.42,53.9
0,94.56,23,2,25.77,75.71,0,0,1,0,2189,73.0,0,0,0,0,2.03,0,17.74,5.33,73,3,63.16,33.93,9.13,7.52,69,27942,4705,1.53,33.69
0,48.41,22,2,10.49,69.66,1,1,0,0,73,2.4,0,0,0,0,4.98,1,35.37,1.37,27,2,74.54,25.82,0.14,0.39,47,33798,3707,3.67,32.6
0,82.4,10,5,7.34,23.73,0,0,1,0,390,13.0,0,2,0,0,4.71,0,38.21,2.16,0,1,20.14,62.23,0.66,8.76,42,32086,1155,7.46,22.31
0,33.26,12,3,18.16,72.96,0,1,0,0,373,12.4,0,0,0,0,4.58,0,33.16,1.0,36,2,92.62,36.76,0.62,8.24,79,13206,4155,6.09,30.44
0,67.42,16,3,8.37,30.57,0,1,0,1,483,16.1,0,1,0,1,4.16,1,33.49,2.01,55,1,75.32,31.64,2.41,9.95,36,17666,1572,6.32,4.99
0,66.91,19,3,15.21,46.46,0,0,1,0,2085,69.5,0,1,1,0,4.63,0,30.61,2.19,23,1,50.92,56.26,2.77,8.74,51,41340,3816,2.97,47.13
0,60.04,12,3,71.03,3.57,0,1,0,0,3120,104.0,0,2,0,1,6.98,0,51.97,1.16,22,4,75.15,52.51,8.54,2.84,39,6108,2831,8.14,58.65
0,44.76,2,3,10.63,72.47,0,1,0,1,2903,96.8,1,1,0,0,2.77,0,21.23,2.11,0,4,13.78,39.29,1.6,0.28,67,43238,3059,6.88,52.98
0,74.61,6,0,17.05,9.01,0,1,0,0,1088,36.3,0,0,0,1,7.42,0,68.44,1.09,18,2,44.56,5.55,2.22,2.18,21,46249,1463,4.26,46.67
0,11.06,16,1,26.01,22.0,1,0,1,1,3134,104.5,0,0,0,0,9.51,0,33.29,0.33,16,1,63.95,13.73,6.67,5.7,26,39736,1996,9.65,94.84
0,15.59,18,2,16.46,77.72,0,1,0,1,1997,66.6,0,0,0,0,3.53,1,34.85,0.45,74,2,71.12,20.81,7.94,4.97,20,15529,2852,9.65,76.84
0,186.99,5,1,4.23,89.05,0,0,1,1,1750,58.3,0,0,0,0,8.68,1,38.89,4.81,2,2,76.96,29.96,7.88,3.24,27,22444,122,7.14,45.82
0,25.97,8,2,23.15,61.16,0,1,0,1,1348,44.9,0,0,0,0,1.1,1,23.95,1.08,75,2,52.63,32.53,0.83,5.58,45,42678,1638,7.89,40.8
0,61.19,16,3,33.83,10.24,1,1,0,1,1154,38.5,0,1,0,0,7.9,0,35.83,1.71,25,2,46.69,42.58,8.56,0.79,73,34752,864,4.77,93.79
1,77.98,4,0,17.02,51.21,0,1,0,1,890,29.7,0,0,0,0,5.95,1,19.72,3.95,51,1,95.85,2.75,9.36,9.87,56,27579,4663,6.34,90.65
0,24.22,6,2,12.16,91.4,0,1,0,0,64,2.1,0,2,1,0,1.13,0,45.14,0.54,61,2,54.94,14.46,0.62,2.99,54,17920,2031,7.0,90.89
0,36.85,16,4,78.76,40.09,0,1,0,1,60,2.0,0,0,0,0,9.72,0,56.74,0.65,20,1,9.07,42.08,0.27,0.74,54,40315,3792,5.07,66.08
0,5.36,23,2,31.87,40.72,0,1,0,1,1737,57.9,1,0,0,0,9.08,0,84.36,0.06,45,2,18.72,33.95,3.74,6.16,58,40302,3973,3.22,22.02
0,14.55,9,4,22.51,90.4,0,0,1,0,3242,108.1,1,2,0,0,7.06,1,18.65,0.78,35,2,71.01,54.86,1.66,5.81,28,18109,586,5.76,50.74
0,49.28,17,2,116.47,1.76,0,1,0,1,1161,38.7,0,2,1,0,1.66,0,43.09,1.14,61,1,75.39,17.62,7.59,3.43,41,14928,1780,7.94,85.33
0,8.68,20,3,7.47,52.16,1,1,0,0,541,18.0,1,2,0,0,2.73,0,41.34,0.21,52,1,66.6,33.72,3.71,1.31,71,23913,4879,8.07,18.78
0,23.36,9,5,12.15,72.6,1,1,0,1,3453,115.1,0,0,0,0,2.81,1,75.44,0.31,87,1,56.73,85.32,1.84,4.74,32,3236,4125,8.43,97.83
0,121.63,17,4,5.28,8.09,0,1,0,0,1123,37.4,0,1,0,0,5.84,0,23.79,5.11,51,1,50.77,60.96,7.47,7.9,73,37696,2064,7.42,55.27
0,42.25,20,2,39.02,78.58,0,1,0,1,3430,114.3,0,1,0,0,6.22,0,33.37,1.27,65,2,12.2,42.41,2.93,4.36,28,20624,2735,5.02,21.16
0,47.47,5,4,26.2,80.84,0,1,0,0,167,5.6,0,0,0,0,1.47,1,59.89,0.79,28,2,9.11,72.97,4.36,3.46,23,39512,214,5.61,76.56
0,59.97,15,4,40.01,14.79,0,0,1,1,3475,115.8,0,1,0,0,2.92,1,32.78,1.83,2,2,91.57,49.57,2.38,1.76,75,2082,2387,7.86,31.71
0,74.34,11,4,46.68,85.37,0,1,0,0,3425,114.2,0,0,1,0,3.95,1,31.4,2.37,89,2,47.35,62.97,0.4,3.23,23,7052,759,6.45,63.9
0,9.24,5,1,14.57,79.8,0,1,0,0,1111,37.0,0,0,1,0,7.21,1,21.58,0.43,42,1,1.92,16.12,4.4,7.45,23,6161,10,2.46,81.65
0,67.15,0,2,9.41,14.27,0,1,0,0,2033,67.8,0,0,0,0,1.18,0,29.85,2.25,58,2,20.63,20.39,6.08,0.82,59,37918,1166,9.92,67.49
0,24.32,18,1,17.62,96.8,0,1,0,1,1486,49.5,0,1,0,0,4.84,0,36.49,0.67,71,1,51.63,14.4,6.52,3.41,53,32922,1693,5.38,27.99
0,128.74,0,5,1.07,2.09,1,0,1,1,1762,58.7,0,2,0,0,5.54,0,29.35,4.39,51,1,51.91,79.86,6.88,6.42,68,25821,4532,7.96,94.23
0,27.47,23,2,1.03,83.46,0,0,1,0,1148,38.3,0,0,0,0,1.54,0,39.4,0.7,44,1,95.22,20.47,0.6,4.84,63,28799,2075,7.68,33.07
0,5.72,11,1,11.55,98.63,0,1,0,0,220,7.3,0,0,0,0,1.41,1,29.7,0.19,74,1,33.79,9.1,6.43,4.43,33,11996,2594,7.72,15.55
0,27.33,20,2,23.85,96.51,0,0,1,0,1581,52.7,0,1,0,0,4.89,1,67.6,0.4,43,1,67.9,28.41,6.48,8.92,65,12907,2536,4.55,97.79
0,12.05,10,2,5.65,59.88,0,1,0,0,467,15.6,0,2,1,0,7.12,0,35.6,0.34,52,2,49.52,36.12,4.69,8.19,27,36096,4233,1.94,41.73
0,24.8,2,2,22.82,80.21,0,0,1,0,149,5.0,0,0,1,0,8.71,0,41.32,0.6,49,2,27.55,43.12,3.07,1.4,23,28134,3288,8.71,74.15
0,140.18,0,5,0.34,42.66,1,0,1,0,1522,50.7,1,3,0,0,4.33,0,19.82,7.07,13,1,97.97,75.57,6.25,6.18,55,29162,17,8.91,95.21
0,73.88,3,3,4.57,10.82,0,0,1,0,2305,76.8,0,3,0,0,8.83,0,18.95,3.9,9,2,80.57,61.73,4.06,7.91,54,7653,4963,3.2,15.29
0,6.07,19,5,11.51,81.48,0,0,1,0,810,27.0,0,0,0,0,8.87,0,13.56,0.45,13,2,86.63,76.39,9.68,9.11,33,49687,4191,8.26,8.48
0,70.57,16,2,1.55,36.83,0,0,1,0,2338,77.9,0,1,0,1,7.9,1,27.8,2.54,36,1,84.53,19.68,6.7,8.22,26,9222,308,6.34,92.83
0,20.73,7,2,5.02,70.29,0,1,0,1,294,9.8,0,1,0,0,7.84,0,22.82,0.91,18,2,12.16,26.85,2.67,2.28,39,31864,2025,2.84,91.45
0,41.08,13,1,22.15,24.21,0,0,1,0,2164,72.1,0,2,1,0,2.02,0,57.83,0.71,16,1,51.44,8.56,0.34,2.24,78,8606,4590,8.45,79.42
1,53.65,1,2,7.02,33.52,0,1,0,0,2876,95.9,0,0,1,1,4.79,0,18.46,2.91,75,2,52.34,25.55,7.96,5.12,40,31689,2066,9.63,91.36
0,215.59,5,2,5.64,22.7,0,1,0,1,3518,117.3,0,1,0,0,7.11,0,19.19,11.23,53,2,36.86,33.3,8.56,4.69,71,17554,3429,3.4,90.2
0,116.97,17,3,17.78,87.69,0,1,0,0,737,24.6,0,1,0,0,7.46,0,38.3,3.05,21,1,40.51,38.44,7.99,9.99,42,36898,4499,8.51,15.3
0,64.1,18,2,6.79,47.99,0,1,0,0,958,31.9,1,1,0,0,1.82,0,27.0,2.37,56,1,16.91,20.8,7.9,3.14,29,9581,29,4.49,36.91
0,30.25,15,5,2.93,66.89,0,1,0,0,2054,68.5,0,0,0,0,1.29,1,41.87,0.72,45,2,51.69,66.32,3.35,1.73,55,47964,749,5.5,46.07
0,31.43,19,4,48.57,89.97,0,1,0,1,2009,67.0,0,2,0,0,6.18,1,30.92,1.02,17,1,11.02,57.9,8.86,4.3,22,49169,3388,4.17,2.73
0,19.74,17,3,4.53,18.42,0,0,1,1,948,31.6,0,2,0,0,1.57,0,21.1,0.94,45,1,78.28,44.81,1.21,1.07,46,27271,4120,8.88,28.58
1,13.59,3,3,9.31,49.86,0,0,1,0,2969,99.0,0,3,1,0,7.62,0,30.76,0.44,36,1,73.14,45.14,4.61,6.51,23,2564,4786,2.98,36.67
0,23.52,1,5,38.42,63.63,0,1,0,0,2712,90.4,0,0,1,0,1.52,0,36.09,0.65,47,2,25.35,70.98,0.36,1.74,74,41187,3724,6.57,25.78
0,92.53,15,4,59.5,73.12,0,1,0,0,566,18.9,0,2,0,0,2.26,0,44.57,2.08,53,1,91.71,61.69,7.14,3.79,48,16993,3934,7.05,38.18
0,134.0,7,7,4.93,52.26,0,1,0,0,1456,48.5,1,0,0,0,7.17,1,63.71,2.1,38,2,68.47,97.32,7.04,0.44,48,5734,2426,2.02,53.24
0,68.1,5,3,11.51,33.59,0,1,0,1,1151,38.4,1,2,0,0,1.56,0,13.55,5.03,84,1,2.78,34.71,6.91,4.72,48,24591,2416,5.78,20.97
0,43.75,16,2,0.43,35.61,0,1,0,0,2354,78.5,0,0,1,0,5.92,0,51.37,0.85,40,1,1.92,37.6,0.54,4.58,78,48245,4297,1.61,30.4
0,55.5,17,3,25.5,31.97,0,1,0,0,1724,57.5,1,2,0,0,7.73,0,48.19,1.15,33,2,77.24,60.81,3.72,5.06,43,38633,694,8.35,69.44
0,26.55,5,1,31.87,94.52,0,1,0,0,2273,75.8,1,1,0,0,1.54,0,20.05,1.32,63,1,84.38,32.21,0.55,4.41,18,4351,3057,5.22,68.81
0,37.91,19,5,5.45,49.59,1,1,0,0,451,15.0,0,0,0,1,8.31,0,22.21,1.71,38,1,74.37,69.33,6.74,4.35,37,2310,3095,1.11,9.68
0,22.92,7,5,28.8,97.09,0,1,0,0,623,20.8,0,2,0,0,1.69,1,23.48,0.98,83,1,31.43,82.89,8.3,0.8,68,18187,1903,2.22,81.43
0,127.79,0,7,28.8,49.27,0,0,1,1,743,24.8,0,0,0,0,8.76,0,66.2,1.93,17,3,50.92,88.98,5.15,2.7,32,26136,2763,5.88,11.89
0,10.81,22,2,23.97,11.21,1,0,1,1,430,14.3,0,0,0,0,6.19,1,39.19,0.28,14,3,53.61,33.36,3.29,3.85,74,37554,838,4.19,60.55
0,41.03,18,3,28.29,31.89,0,1,0,0,1889,63.0,0,0,0,0,3.17,1,28.4,1.44,34,3,97.07,40.47,3.64,8.29,57,36587,1065,6.69,59.45
0,14.47,2,2,97.52,53.18,0,1,0,0,3407,113.6,0,1,0,1,4.14,0,25.35,0.57,39,1,89.35,34.34,6.73,3.93,54,31442,274,4.1,91.78
0,27.44,5,4,8.89,94.01,1,1,0,0,3164,105.5,0,1,0,0,1.84,0,37.68,0.73,15,2,3.09,56.64,6.97,2.81,56,42197,3007,7.08,70.82
0,51.71,8,5,12.0,53.56,1,1,0,1,1563,52.1,0,1,0,1,2.33,0,37.77,1.37,55,2,55.98,65.62,4.47,2.67,68,33061,3214,6.4,22.89
0,85.25,18,6,14.47,38.8,0,1,0,0,1001,33.4,1,1,0,0,7.72,0,42.63,2.0,24,1,61.95,100.0,8.23,0.16,79,24919,1309,7.89,94.64
1,43.86,13,4,56.84,96.45,0,1,0,0,1461,48.7,0,1,0,0,6.57,0,53.1,0.83,42,1,92.28,78.0,2.64,9.28,36,5632,4282,5.73,54.15
0,30.31,15,3,4.05,24.61,0,1,0,0,1677,55.9,0,1,0,0,7.99,0,63.72,0.48,76,3,18.11,53.2,3.32,6.72,45,6882,4872,1.56,71.26
0,70.38,5,1,12.67,78.66,1,0,1,1,3171,105.7,0,1,0,0,1.4,1,31.4,2.24,62,3,28.38,6.11,0.55,2.1,23,33001,330,3.21,41.23
0,27.35,14,5,6.21,33.97,0,1,0,0,1160,38.7,0,2,0,0,7.79,1,15.13,1.81,39,1,32.2,64.19,2.38,8.98,64,13524,726,9.34,83.72
0,43.61,17,3,108.39,19.37,0,1,0,0,1520,50.7,1,0,0,0,7.84,0,45.39,0.96,57,2,46.3,48.72,8.31,4.76,71,35933,4028,4.94,59.45
0,63.46,6,2,77.99,73.27,0,1,0,1,2746,91.5,0,0,0,0,6.68,1,15.23,4.17,1,3,38.19,31.05,8.75,1.3,69,17322,3486,5.2,37.02
0,28.67,20,2,40.1,69.28,0,0,1,0,229,7.6,0,0,0,1,1.83,0,22.65,1.27,88,2,80.26,31.98,8.77,7.52,75,47366,841,9.08,48.06
0,13.65,20,2,21.94,21.89,0,1,0,0,1287,42.9,0,0,0,1,3.53,0,63.16,0.22,89,1,19.51,33.5,3.85,5.98,78,26814,61,5.34,38.89
0,25.87,0,3,1.74,47.09,0,0,1,0,3580,119.3,0,2,0,1,6.88,0,23.57,1.1,84,4,56.16,44.64,0.33,6.7,76,36031,3214,1.48,54.92
0,15.96,16,3,4.23,15.98,0,1,0,1,1058,35.3,1,0,0,0,3.3,0,34.66,0.46,42,1,11.14,35.06,2.15,7.27,23,34330,2718,6.23,43.35
0,13.25,14,4,9.36,58.98,0,1,0,0,3159,105.3,0,4,0,0,1.76,0,29.42,0.45,88,3,9.75,51.77,7.16,1.66,75,34596,3769,3.32,19.21
0,33.65,20,3,4.33,12.76,0,1,0,1,3574,119.1,0,0,0,0,6.3,0,38.8,0.87,35,1,45.99,56.28,6.58,4.52,24,18704,3341,8.28,44.34
0,53.86,9,4,1.21,85.73,0,1,0,1,1323,44.1,1,0,0,0,4.71,0,39.1,1.38,24,4,77.88,68.05,8.63,8.42,27,13424,715,3.33,67.59
0,84.31,18,3,1.31,85.71,1,1,0,0,563,18.8,0,2,0,0,2.9,0,43.72,1.93,44,1,58.44,48.9,3.77,7.09,40,37733,1524,9.99,48.9
0,39.2,12,2,28.79,76.64,0,1,0,0,2570,85.7,0,1,0,0,8.17,0,26.42,1.48,27,2,71.91,21.37,8.49,5.75,66,42356,1770,7.36,72.0
0,29.25,9,4,1.61,13.02,1,1,0,0,2912,97.1,1,1,0,0,8.96,1,72.27,0.4,5,2,80.82,62.31,8.42,6.32,24,30861,4452,5.15,43.35
0,27.4,7,1,12.23,73.65,0,1,0,0,61,2.0,1,0,0,1,4.01,0,10.21,2.68,83,1,96.45,32.74,0.05,9.9,29,12990,1081,6.11,46.55
0,27.47,15,2,13.88,76.95,0,1,0,1,1215,40.5,0,2,0,0,8.43,0,31.44,0.87,69,1,26.16,35.05,1.53,2.96,36,11297,2948,6.31,86.42
0,98.92,7,5,29.65,12.55,0,1,0,0,383,12.8,1,1,0,0,4.51,0,17.51,5.65,52,1,92.84,84.73,0.11,2.71,25,37588,4336,9.1,47.39
0,31.25,7,4,9.09,88.7,0,0,1,0,1239,41.3,0,1,0,0,8.39,0,23.23,1.35,50,1,3.32,63.3,6.06,4.29,27,13157,3291,8.06,85.74
0,49.61,21,7,37.55,82.9,0,1,0,0,3118,103.9,0,0,0,1,9.91,1,28.71,1.73,34,1,10.42,100.0,4.79,0.15,28,22118,3817,8.68,51.14
1,58.86,12,2,2.85,55.14,0,1,0,0,1250,41.7,0,0,1,0,1.16,1,13.08,4.5,19,1,58.11,19.1,2.19,0.62,43,12953,1389,9.15,26.24
0,14.73,2,3,14.67,22.26,0,1,0,0,2447,81.6,0,5,0,0,1.95,0,83.35,0.18,71,2,2.5,50.53,4.98,3.76,43,15851,1209,6.58,75.22
0,95.1,4,1,9.13,26.77,0,0,1,1,816,27.2,2,1,0,0,5.47,0,78.26,1.22,0,1,97.31,7.82,4.84,5.93,62,5878,1870,4.99,43.72
0,10.6,4,2,16.63,8.02,0,1,0,0,1709,57.0,0,1,0,0,9.01,1,21.95,0.48,85,2,6.73,19.62,9.06,8.41,72,33533,2750,9.17,91.01
0,44.29,19,3,1.1,85.99,0,1,0,1,2343,78.1,0,0,0,0,5.48,0,25.25,1.75,72,3,20.6,49.17,6.66,8.87,46,27381,3615,1.44,25.54
0,28.82,6,3,18.71,90.59,0,0,1,0,3530,117.7,0,2,0,0,5.73,0,37.46,0.77,6,3,50.2,52.36,6.26,1.53,69,17528,4573,9.36,13.05
0,19.17,4,2,46.01,91.46,0,1,0,0,2105,70.2,0,1,0,0,1.36,0,26.58,0.72,68,2,8.0,41.89,0.38,1.0,34,20429,954,4.34,85.44
1,306.36,10,1,17.56,97.25,0,0,1,1,3612,120.4,1,0,0,0,9.05,1,54.67,5.6,77,2,7.33,15.27,5.38,0.19,58,32770,3897,7.71,96.55
0,154.56,5,2,18.26,56.5,0,1,0,0,1790,59.7,0,1,0,0,5.26,1,23.06,6.7,35,1,87.23,23.26,4.78,3.94,28,47874,2030,3.85,83.85
0,101.92,12,2,13.21,71.0,0,1,0,1,673,22.4,0,1,1,1,7.28,0,47.48,2.15,83,2,35.1,41.05,8.94,9.46,23,25318,4450,9.65,39.78
0,51.48,2,2,47.97,7.72,0,1,0,0,811,27.0,0,0,0,0,7.31,0,43.29,1.19,41,1,15.71,25.7,2.58,8.6,19,45375,1972,9.42,46.57
0,14.53,21,3,7.49,1.25,0,1,0,0,960,32.0,0,1,0,0,4.84,1,20.38,0.71,17,1,7.39,51.44,8.24,5.76,47,25696,2324,2.95,5.19
0,59.01,10,3,20.92,99.93,1,1,0,0,2456,81.9,0,0,0,0,3.14,1,29.25,2.02,83,2,7.94,47.82,7.72,0.39,72,49846,1861,1.12,18.53
1,74.61,23,2,43.95,90.99,0,0,1,0,1197,39.9,0,0,1,0,3.14,0,20.09,3.71,30,1,43.61,24.24,5.67,9.62,69,23322,1499,1.13,67.25
0,25.11,10,2,14.25,0.21,0,1,0,0,2226,74.2,0,0,0,0,7.62,1,32.53,0.77,10,2,73.34,35.44,0.09,4.78,78,40376,3336,5.07,81.29
0,220.68,14,6,59.27,51.22,0,1,0,1,1032,34.4,0,1,0,0,7.86,1,26.18,8.43,78,3,85.41,93.03,0.97,5.48,23,10429,3431,1.8,79.15
1,35.5,23,2,45.29,1.31,0,0,1,1,1689,56.3,1,2,0,0,3.65,1,11.73,3.03,82,1,95.03,43.13,3.88,7.56,58,39749,3737,3.97,17.78
0,30.66,16,3,1.94,98.06,0,1,0,0,456,15.2,1,0,0,1,8.18,0,71.56,0.43,45,1,63.66,47.28,2.61,4.66,61,14818,489,5.56,62.85
0,41.95,5,3,14.76,25.63,0,0,1,0,579,19.3,0,1,0,0,2.87,0,8.57,4.89,19,2,6.5,43.81,9.14,1.14,41,2643,1513,6.1,97.72
0,4.42,23,4,10.52,40.0,0,1,0,0,2034,67.8,2,0,0,0,6.07,1,22.93,0.19,41,2,51.83,55.49,8.25,4.66,60,35978,4394,3.1,52.3
0,23.43,23,2,0.36,63.08,0,0,1,0,463,15.4,0,1,0,1,9.4,0,11.22,2.09,85,2,84.27,39.63,0.48,9.51,30,4448,4334,7.57,6.72
0,58.31,10,3,60.86,42.29,0,1,0,1,1818,60.6,0,1,0,0,2.67,0,30.38,1.92,23,2,0.56,49.76,8.07,3.64,60,2041,4104,1.31,47.32
0,24.16,2,3,58.31,81.56,0,1,0,0,3356,111.9,0,1,0,0,8.02,0,31.92,0.76,68,2,84.86,29.7,5.98,7.24,78,45912,4792,1.5,48.74
0,311.3,8,1,14.52,5.34,0,1,0,0,3485,116.2,0,0,0,1,6.14,1,88.1,3.53,64,1,90.26,10.25,2.3,0.27,31,17452,1871,6.52,16.04
0,168.19,13,1,14.35,14.34,0,1,0,0,909,30.3,0,0,1,0,9.11,0,45.41,3.7,56,1,89.02,20.6,3.44,9.88,77,49535,2690,4.65,37.01
0,27.86,4,1,0.95,46.58,0,1,0,0,2687,89.6,1,0,0,0,7.92,0,20.54,1.36,84,1,21.42,0.0,6.26,3.73,50,30621,2734,8.18,29.78
0,220.77,23,1,19.62,77.18,1,1,0,0,337,11.2,1,1,0,0,3.96,0,23.22,9.51,18,3,24.86,13.82,1.8,5.28,49,19278,1852,1.02,90.32
0,24.19,9,3,24.26,88.7,0,1,0,0,1221,40.7,0,0,0,0,3.59,1,62.17,0.39,43,2,40.28,48.49,0.44,0.69,78,44595,3346,8.29,13.18
0,53.61,23,4,10.3,24.17,1,1,0,0,1664,55.5,0,0,0,0,2.25,0,53.88,0.99,30,2,14.76,67.58,8.99,1.18,43,42771,2480,1.38,87.25
0,18.03,15,4,3.44,25.23,0,0,1,0,629,21.0,0,1,0,0,8.59,0,28.16,0.64,80,1,4.53,62.96,2.71,6.87,47,19676,4389,3.79,39.83
0,33.22,1,3,6.32,86.05,0,0,1,1,1108,36.9,0,1,1,0,4.88,0,40.21,0.83,15,1,62.02,37.69,1.44,2.8,26,49770,1981,7.87,5.57
0,40.81,20,4,17.98,37.03,1,1,0,0,688,22.9,0,2,0,0,6.12,0,57.0,0.72,45,1,82.45,47.5,4.32,2.84,39,36889,762,4.71,29.62
0,81.54,21,3,4.12,97.97,0,0,1,0,1536,51.2,0,1,0,0,2.82,0,26.77,3.05,56,1,36.46,47.5,3.57,8.09,72,32794,1804,9.86,22.76
0,149.35,14,4,0.44,86.41,0,1,0,0,2305,76.8,0,0,0,0,7.36,0,15.65,9.54,70,1,59.35,62.62,2.08,8.43,38,8053,686,3.94,18.4
0,16.26,22,0,65.01,70.1,0,0,1,0,2347,78.2,0,2,0,0,9.42,1,14.28,1.14,23,2,25.81,0.0,5.96,2.9,37,17506,528,6.36,73.8
1,53.0,11,3,39.8,71.88,0,1,0,0,651,21.7,0,1,0,0,7.5,0,37.16,1.43,22,2,82.82,40.84,8.24,4.93,66,45637,2139,8.32,23.03
0,43.51,18,6,11.27,66.75,1,1,0,0,2908,96.9,1,1,0,0,7.31,1,16.53,2.63,23,1,70.19,88.79,8.03,1.14,51,42860,677,6.97,44.93
0,103.74,17,5,10.08,34.17,0,1,0,1,2245,74.8,0,0,0,0,1.84,1,33.23,3.12,49,1,58.7,70.07,2.43,6.75,36,6422,287,4.37,21.08
0,24.45,7,3,16.24,73.56,0,1,0,0,1141,38.0,0,1,0,0,7.99,0,22.06,1.11,32,1,95.98,47.34,4.44,5.07,28,17957,3346,6.01,25.53
0,17.37,10,5,31.11,77.35,0,1,0,0,1022,34.1,0,0,0,0,3.69,0,31.55,0.55,65,1,11.67,80.66,1.06,5.95,64,42715,4086,8.48,15.98
0,19.48,19,4,1.93,16.25,0,0,1,0,2036,67.9,0,2,0,1,1.22,1,32.02,0.61,18,1,76.59,78.53,2.85,0.41,30,27634,4613,8.37,92.06
0,15.25,15,4,43.01,30.92,0,1,0,1,1089,36.3,0,1,1,0,1.59,0,57.85,0.26,3,1,69.69,46.24,5.11,6.71,75,12067,3848,4.32,99.0
0,31.0,21,4,12.28,46.76,0,0,1,0,2639,88.0,0,0,0,0,8.78,1,33.91,0.91,43,2,92.25,57.39,9.29,6.95,25,19612,1650,7.45,88.09
0,31.97,4,4,82.52,5.16,0,1,0,0,2155,71.8,0,3,0,0,6.99,0,130.31,0.25,27,1,70.95,72.99,0.32,3.57,47,10571,675,1.84,8.15
0,93.28,7,5,15.64,93.0,0,0,1,0,1524,50.8,0,1,0,0,3.48,1,133.52,0.7,74,1,2.12,72.34,9.85,0.4,34,37810,986,9.4,84.5
0,40.54,2,8,0.89,10.1,0,0,1,0,2317,77.2,0,0,1,0,9.95,0,35.38,1.15,49,1,87.79,100.0,8.86,9.08,22,43958,4697,3.4,87.49
0,150.16,15,0,15.99,45.93,0,0,1,0,2258,75.3,1,0,0,0,8.63,0,26.44,5.68,42,1,22.74,0.0,0.12,4.1,43,46889,3053,4.85,90.86
0,28.4,23,2,46.36,46.69,0,1,0,0,3575,119.2,0,0,0,0,7.52,0,13.67,2.08,76,1,94.14,22.96,2.09,8.53,48,9481,4516,7.46,45.68
0,21.5,9,1,1.08,42.96,0,1,0,0,198,6.6,0,0,0,0,5.01,0,48.26,0.45,70,2,49.28,8.58,1.01,9.71,28,39603,2040,3.48,25.23
1,25.49,8,3,28.01,73.7,0,1,0,0,448,14.9,1,1,0,1,2.92,1,52.7,0.48,52,1,79.87,41.89,0.94,3.16,71,19059,2770,8.91,78.99
0,170.88,12,3,3.97,74.91,0,1,0,0,1424,47.5,0,1,0,0,2.83,0,34.64,4.93,88,1,65.3,48.12,3.89,8.38,19,29756,1126,4.94,92.82
0,78.76,15,3,13.63,1.08,1,1,0,0,1564,52.1,0,1,0,0,8.27,0,44.89,1.75,38,1,29.62,53.86,0.68,0.92,75,26875,510,8.6,24.34
0,63.16,11,0,2.43,27.05,1,1,0,0,1576,52.5,1,0,1,0,9.13,1,57.72,1.09,67,1,47.85,0.0,2.59,3.95,60,35098,4229,2.43,62.45
0,24.68,12,2,45.88,63.71,0,1,0,0,878,29.3,2,0,0,1,9.08,0,17.7,1.39,70,1,19.04,13.93,6.74,4.23,18,42084,4374,4.13,45.99
1,77.01,14,4,27.86,70.05,0,0,1,1,1331,44.4,0,1,1,0,2.32,1,14.86,5.18,39,3,26.86,73.0,1.56,1.93,39,20548,3798,5.49,63.45
0,34.21,2,2,41.68,12.77,0,1,0,0,888,29.6,1,0,0,0,10.0,0,74.12,0.46,7,1,69.16,31.35,0.66,7.38,23,3271,4239,8.23,79.16
0,8.14,11,5,3.4,37.15,0,1,0,0,2331,77.7,1,0,0,0,9.29,1,93.78,0.09,11,1,52.61,69.79,9.22,0.56,62,7281,945,2.64,71.37
0,37.8,13,5,45.24,76.88,0,1,0,0,3237,107.9,0,0,0,0,6.06,0,43.31,0.87,84,1,16.47,78.39,9.44,6.92,20,22329,4851,7.27,70.94
0,15.86,3,1,36.46,94.81,0,1,0,0,616,20.5,1,0,0,0,8.21,0,36.02,0.44,42,1,27.01,17.46,0.59,9.83,77,45527,163,7.99,44.11
1,50.56,0,3,12.2,4.32,0,1,0,1,295,9.8,1,1,0,0,3.96,0,46.16,1.1,0,3,87.05,46.39,9.79,2.62,58,292,1988,9.9,77.42
0,26.11,15,2,34.1,45.18,0,0,1,0,3047,101.6,0,0,0,0,5.64,1,60.78,0.43,16,1,90.31,38.07,3.48,1.87,24,6831,2079,3.23,65.69
0,7.79,1,4,4.85,2.45,0,0,1,0,1821,60.7,0,0,0,0,9.83,0,117.69,0.07,26,1,99.55,63.58,7.35,6.43,49,18583,3817,6.47,7.95
0,8.28,1,2,11.04,5.83,1,0,1,0,787,26.2,0,0,0,1,1.26,1,20.8,0.4,21,2,28.83,15.09,6.36,4.72,25,42879,1900,4.73,11.33
0,15.25,11,4,4.17,10.71,0,0,1,1,2758,91.9,0,3,0,0,4.01,0,25.37,0.6,71,1,21.5,66.11,7.63,8.69,27,8203,4875,5.86,34.0
0,77.3,8,3,50.03,64.74,0,1,0,0,1738,57.9,0,0,0,1,1.02,0,75.31,1.03,9,1,9.82,38.56,1.47,7.2,69,3965,288,8.97,26.08
0,9.09,22,2,13.72,77.82,1,1,0,0,147,4.9,0,0,0,0,5.28,1,66.3,0.14,14,4,71.07,32.16,3.01,4.97,30,49166,2177,3.39,22.59
0,37.18,21,2,6.1,97.61,1,1,0,1,2043,68.1,0,0,0,0,9.72,0,43.82,0.85,72,1,72.84,22.94,7.87,0.22,61,27051,25,8.58,17.03
0,8.71,10,5,25.25,31.57,0,1,0,0,2876,95.9,0,0,0,0,8.97,0,29.82,0.29,13,1,88.33,65.98,8.23,2.58,55,10180,1715,4.35,45.46
0,11.96,8,3,141.13,47.25,1,1,0,0,819,27.3,0,0,0,1,7.21,0,50.67,0.24,9,2,15.26,39.77,3.0,7.57,38,29433,2881,7.53,60.14
0,17.51,14,3,12.24,53.46,0,0,1,1,2884,96.1,0,1,1,0,4.82,0,29.35,0.6,46,2,58.65,41.64,2.61,3.69,67,3169,4820,2.87,61.94
0,22.89,14,4,37.18,74.25,1,1,0,0,3240,108.0,0,1,0,0,9.85,0,64.88,0.35,46,1,3.49,57.84,8.57,9.9,49,21400,2042,9.05,20.45
0,47.27,21,2,37.6,88.4,0,0,1,0,1278,42.6,0,0,0,0,4.7,0,26.39,1.79,89,1,91.81,30.24,7.62,7.73,65,41397,1323,6.97,4.35
0,53.75,4,6,14.41,67.74,0,1,0,1,2512,83.7,0,2,0,0,4.77,0,34.52,1.56,60,2,37.07,100.0,3.34,2.58,75,38177,186,6.58,88.96
1,149.98,1,3,17.6,76.81,0,0,1,1,3244,108.1,0,0,0,0,8.22,0,34.47,4.35,17,1,45.76,45.77,7.8,6.57,47,44670,2883,4.94,3.19
1,24.14,2,9,51.12,22.78,0,1,0,0,2414,80.5,0,0,1,0,1.2,0,16.15,1.49,11,1,64.62,100.0,5.81,5.23,23,12832,4656,5.44,90.54
0,146.85,21,2,81.69,71.22,0,1,0,0,2545,84.8,0,0,0,0,3.91,0,20.63,7.12,34,1,19.02,39.97,4.18,3.42,36,2954,4251,7.19,61.3
0,108.08,13,1,9.9,77.57,0,1,0,0,3622,120.7,0,2,0,0,7.62,1,41.62,2.6,45,2,24.67,23.67,9.96,6.48,18,45663,4983,8.32,78.88
0,16.7,7,2,69.62,15.66,1,1,0,0,137,4.6,0,0,0,0,8.09,1,32.62,0.51,30,1,23.79,33.82,4.53,0.27,44,37728,138,9.61,77.26
1,8.86,3,4,19.01,86.97,0,0,1,1,114,3.8,0,2,1,1,7.99,0,20.72,0.43,88,2,56.37,59.6,6.98,3.68,66,20646,4465,8.17,10.58
0,24.35,7,4,1.16,97.71,0,1,0,0,937,31.2,0,1,0,0,2.9,0,24.0,1.01,60,1,14.24,54.4,7.36,9.29,79,2653,1692,3.93,54.54
0,146.45,3,6,15.08,26.53,0,1,0,0,3240,108.0,0,0,0,0,1.62,1,25.22,5.81,57,2,64.31,85.83,0.9,6.11,43,13326,4784,6.82,68.68
0,183.5,12,4,29.8,75.85,0,1,0,0,451,15.0,0,0,0,0,5.65,0,16.5,11.12,21,3,40.57,53.67,3.56,1.5,67,21686,2737,4.4,21.19
0,30.97,1,4,28.56,3.93,0,1,0,0,1792,59.7,0,2,0,0,1.27,0,23.39,1.32,70,1,7.7,52.85,9.65,2.39,34,27631,2847,2.94,51.44
0,72.17,5,0,10.84,17.54,0,0,1,0,1324,44.1,0,0,0,0,3.91,1,151.92,0.48,6,1,48.77,0.0,8.1,6.94,59,40417,1809,1.55,46.76
0,32.67,2,1,4.33,6.32,1,1,0,1,1677,55.9,0,0,0,0,4.24,0,22.05,1.48,36,2,84.41,11.94,8.97,8.17,25,28657,1167,3.55,91.52
0,43.93,23,2,42.95,77.21,0,1,0,0,2423,80.8,0,0,0,0,2.23,0,27.65,1.59,44,3,9.59,25.6,5.76,7.16,58,22116,1889,1.04,33.42
0,222.59,18,3,17.32,0.06,0,1,0,0,804,26.8,0,2,0,1,4.97,1,18.98,11.73,70,2,29.95,44.74,5.47,8.09,20,8888,326,6.07,14.74
0,63.35,23,4,14.79,6.36,1,1,0,0,368,12.3,0,1,0,0,1.17,0,63.15,1.0,27,1,58.56,62.02,7.04,8.52,71,2820,2713,7.39,61.7
0,117.81,7,4,11.24,9.12,1,1,0,0,384,12.8,0,1,0,1,5.96,1,10.41,11.32,17,2,44.35,76.02,5.84,6.27,19,22441,1035,4.89,5.06
0,31.13,14,2,3.69,9.29,1,1,0,0,804,26.8,0,1,0,0,1.86,0,61.05,0.51,68,1,9.77,23.64,0.38,9.67,72,37679,1698,9.91,61.25
0,81.27,9,3,14.32,56.44,0,1,0,0,3541,118.0,0,0,0,0,6.93,1,30.41,2.67,17,1,25.13,53.3,9.24,4.85,68,23823,4301,4.54,71.46
0,56.71,18,3,2.46,22.84,0,1,0,0,777,25.9,0,1,0,0,4.1,0,35.8,1.58,10,1,98.98,59.07,4.1,6.41,23,33131,2578,5.35,48.66
0,57.85,11,6,6.36,51.88,0,0,1,0,2588,86.3,0,0,1,1,1.95,0,39.63,1.46,13,1,64.29,83.19,5.59,7.68,29,2258,2876,5.53,39.25
0,44.08,18,1,22.62,8.11,0,1,0,0,2055,68.5,1,1,0,0,1.98,0,26.19,1.68,18,1,57.66,8.36,4.89,3.41,44,23100,2810,3.21,1.86
0,33.37,23,5,78.34,46.6,0,1,0,1,2908,96.9,0,1,0,0,2.41,0,35.85,0.93,45,2,33.04,72.16,5.17,7.84,71,16204,1476,7.92,11.56
0,151.03,6,2,10.29,71.79,0,0,1,1,437,14.6,1,1,0,0,5.81,1,49.06,3.08,48,3,14.29,38.76,9.42,0.62,20,46187,2275,7.38,89.42
0,19.86,17,4,20.63,10.62,0,1,0,0,2906,96.9,0,1,0,0,9.84,0,25.92,0.77,3,2,55.75,59.39,2.4,7.48,42,38752,2457,6.07,64.45
0,7.61,13,2,23.54,48.48,0,0,1,0,3148,104.9,0,1,0,0,4.01,0,21.31,0.36,85,2,14.51,29.86,3.56,7.77,39,38214,1382,5.81,17.42
0,39.06,10,3,1.47,67.11,0,0,1,1,2164,72.1,0,1,0,0,8.69,1,32.42,1.2,17,1,6.58,52.19,5.74,2.04,66,8993,1767,8.42,79.35
0,12.95,12,3,26.17,3.46,1,1,0,0,3354,111.8,0,0,0,0,4.1,0,21.11,0.61,9,2,7.62,38.23,4.01,7.05,59,37779,4423,7.98,83.19
0,104.72,17,4,26.07,26.29,1,0,1,0,2629,87.6,0,1,0,0,5.25,0,56.1,1.87,47,1,73.06,64.88,3.48,0.45,67,7198,4332,5.76,80.11
0,32.78,23,3,80.37,65.41,0,0,1,1,1079,36.0,1,0,1,0,6.82,1,38.15,0.86,10,1,7.45,45.81,5.98,0.33,64,15511,1243,5.45,41.54
0,109.08,14,3,12.83,81.02,1,1,0,0,2722,90.7,0,0,0,0,1.41,1,44.45,2.45,61,4,94.76,34.25,9.13,4.67,53,7266,4731,8.68,89.33
0,76.22,18,5,27.61,80.15,0,0,1,0,998,33.3,0,1,0,0,1.88,0,56.37,1.35,43,1,66.41,77.76,6.42,8.38,42,3217,111,2.91,24.26
0,39.84,16,5,51.04,54.3,1,1,0,1,2429,81.0,0,0,0,0,3.47,0,51.21,0.78,38,1,74.87,75.25,6.56,8.14,57,12674,1463,5.23,72.49
0,42.76,13,2,48.3,8.17,0,0,1,0,762,25.4,0,1,0,0,9.83,1,33.46,1.28,64,1,30.72,26.04,9.5,9.03,79,26177,915,1.15,65.82
0,11.55,9,0,16.32,98.36,0,0,1,0,90,3.0,0,0,0,0,2.37,0,35.25,0.33,13,1,47.63,0.0,6.34,5.24,69,36687,1612,1.66,54.67
0,105.66,0,2,48.21,46.79,1,1,0,0,386,12.9,0,2,0,0,2.67,1,15.31,6.9,4,2,54.5,33.8,6.41,7.61,70,26573,1689,9.11,9.13
0,17.82,14,2,6.3,8.88,0,1,0,0,1708,56.9,0,0,0,0,5.51,0,27.83,0.64,69,1,14.08,31.97,2.17,9.8,31,1473,2134,7.48,37.16
0,21.72,1,1,27.12,75.08,0,1,0,0,586,19.5,0,0,0,1,8.33,1,84.16,0.26,80,2,96.94,17.32,4.96,5.87,70,30285,1471,5.69,38.77
0,83.3,21,0,27.18,27.19,0,0,1,0,563,18.8,1,2,0,0,7.36,1,28.32,2.94,47,2,62.49,5.48,9.9,0.55,77,15388,4229,6.72,9.93
0,23.49,1,2,92.09,78.96,0,1,0,0,3356,111.9,3,0,1,0,4.42,0,38.51,0.61,42,1,74.28,39.49,9.3,1.51,27,40076,3191,9.15,31.66
0,36.19,4,1,27.08,95.62,0,1,0,0,179,6.0,1,2,0,1,1.23,0,54.49,0.66,59,1,41.9,20.94,3.81,9.85,75,40969,625,3.06,42.0
0,59.14,17,3,41.88,31.5,0,0,1,0,2554,85.1,0,0,0,0,6.63,0,19.18,3.08,32,2,0.78,45.92,8.2,3.69,69,42383,2926,5.57,38.74
0,26.37,18,6,5.62,60.66,0,0,1,0,498,16.6,1,1,0,0,4.92,1,120.24,0.22,2,1,1.0,89.94,4.31,1.3,20,38633,2222,6.63,14.4
0,47.95,4,0,8.83,90.32,0,1,0,0,3219,107.3,0,1,0,0,3.86,0,57.46,0.83,26,1,72.62,8.35,5.36,9.31,20,40290,2574,2.45,40.02
0,33.63,6,4,5.15,58.15,1,0,1,0,590,19.7,1,0,1,0,9.18,0,32.89,1.02,81,1,6.47,49.05,2.23,0.4,38,26529,3977,7.27,77.01
0,14.34,18,4,16.86,87.88,0,1,0,0,1597,53.2,0,1,0,0,7.53,0,22.14,0.65,59,1,84.39,73.26,1.24,3.85,60,6469,4625,5.84,84.77
1,47.85,13,2,151.78,49.37,1,1,0,0,2734,91.1,0,2,0,0,2.71,0,23.88,2.0,16,1,71.96,33.68,5.82,1.3,66,20970,3992,1.32,14.0
0,12.91,0,3,4.16,14.94,1,1,0,0,704,23.5,0,0,0,0,1.54,1,19.24,0.67,78,1,75.33,37.77,1.31,2.43,52,49600,2854,7.06,3.19
0,32.66,10,7,7.86,86.56,0,1,0,0,770,25.7,0,1,0,0,6.25,0,34.71,0.94,30,2,94.53,100.0,0.79,0.3,72,1756,4591,8.87,53.49
0,38.44,17,4,106.46,44.09,0,0,1,1,1984,66.1,1,0,0,0,1.65,0,16.93,2.27,26,3,96.89,66.9,3.55,2.47,68,804,120,2.85,5.44
0,75.23,14,4,10.08,83.29,0,1,0,0,843,28.1,0,2,0,0,3.66,1,38.33,1.96,35,1,62.31,65.77,2.51,0.21,48,21870,3150,4.82,76.75
0,69.84,8,5,6.77,11.04,1,1,0,0,1617,53.9,1,0,0,0,2.5,0,18.03,3.87,44,2,53.26,74.66,1.81,9.31,43,2617,3366,7.99,22.77
0,29.62,13,3,13.14,19.75,0,1,0,0,826,27.5,0,0,0,0,6.33,0,16.38,1.81,37,1,90.06,28.07,2.82,0.7,71,22323,1134,7.13,54.41
1,5.32,20,1,76.71,18.16,0,1,0,0,1883,62.8,0,1,0,0,8.74,1,16.89,0.31,76,1,21.15,14.63,0.04,5.48,64,3691,4495,8.64,44.59
0,187.66,21,3,6.93,3.46,0,1,0,0,1107,36.9,0,2,0,1,3.97,1,30.05,6.24,88,2,41.68,47.9,2.69,4.82,38,39889,4826,5.03,82.31
0,25.48,21,4,33.25,52.52,0,0,1,0,840,28.0,0,0,0,0,6.86,0,22.43,1.14,83,1,13.06,59.13,9.78,9.86,42,21627,2953,3.99,43.71
0,27.53,4,5,0.56,9.99,1,1,0,0,1679,56.0,0,3,0,0,1.38,1,71.1,0.39,65,4,77.51,72.48,6.63,5.93,24,45031,524,4.77,63.65
0,81.09,17,3,65.02,30.8,0,0,1,0,2594,86.5,0,1,0,0,8.58,0,23.62,3.43,61,3,44.38,55.79,8.44,0.81,73,7688,263,4.48,86.18
0,25.59,15,1,4.05,90.16,0,1,0,1,2174,72.5,0,1,0,0,2.0,1,52.29,0.49,55,1,64.0,7.3,4.4,6.28,64,28928,4901,1.54,13.75
0,52.75,14,1,25.48,92.41,0,1,0,0,3502,116.7,0,1,0,0,2.76,0,21.43,2.46,80,2,19.05,2.12,5.55,4.24,76,34957,3947,2.49,84.77
0,50.36,22,1,18.07,79.73,1,1,0,0,600,20.0,0,2,0,0,9.56,1,22.91,2.2,12,3,28.51,20.28,0.35,1.99,79,31963,1651,9.49,77.65
0,23.02,17,1,7.13,41.95,0,0,1,0,2292,76.4,0,0,0,0,7.85,0,40.84,0.56,38,2,7.71,10.17,9.72,0.55,52,36803,1826,5.51,99.32
0,11.69,11,2,5.98,64.37,0,1,0,0,1906,63.5,0,0,0,0,4.88,0,44.65,0.26,60,1,50.45,23.1,1.8,7.36,69,41813,3745,2.2,85.51
0,31.11,1,4,16.55,23.92,0,1,0,1,2753,91.8,0,1,0,0,7.42,0,20.47,1.52,65,1,64.91,70.63,4.77,7.59,30,7330,3681,4.52,5.97
0,70.47,0,5,42.07,48.39,0,1,0,0,2368,78.9,0,1,0,0,5.36,1,30.23,2.33,16,3,92.79,75.66,7.85,6.81,51,32713,3199,5.13,28.9
0,109.78,3,4,0.58,74.86,0,1,0,0,2442,81.4,1,1,0,0,3.29,0,26.19,4.19,15,2,37.32,68.23,4.2,3.5,27,31826,4370,5.17,58.91
0,31.41,21,2,29.39,30.17,0,0,1,1,1375,45.8,0,1,1,0,6.21,0,54.36,0.58,87,1,1.46,18.79,3.26,6.08,29,24156,1478,1.46,92.8
0,30.27,23,0,13.07,44.71,0,1,0,0,1024,34.1,1,1,1,0,8.32,0,39.96,0.76,23,1,42.95,1.47,7.26,4.36,23,33242,961,6.37,52.04
0,25.2,21,5,66.86,4.11,0,0,1,0,2405,80.2,1,1,0,0,4.05,0,30.43,0.83,22,1,24.23,67.7,1.03,4.16,54,24625,4673,5.87,24.81
0,13.88,14,0,14.55,95.0,0,1,0,1,1794,59.8,0,1,0,0,5.27,0,75.04,0.18,28,3,70.03,0.0,1.96,2.39,64,5176,2646,1.43,12.43
0,29.97,13,5,24.51,69.06,0,0,1,0,994,33.1,0,0,0,0,2.16,1,10.49,2.86,21,2,44.26,78.96,0.2,8.39,72,5818,769,9.44,28.96
0,21.28,8,2,7.8,56.64,0,0,1,0,3645,121.5,1,2,1,0,2.97,0,13.41,1.59,40,2,99.07,18.03,8.37,0.09,44,42407,186,7.6,28.52
0,135.46,1,1,3.41,97.84,1,1,0,1,489,16.3,0,0,0,0,7.34,1,42.51,3.19,57,2,12.94,13.65,6.59,7.21,20,46156,3354,1.45,90.21
0,49.3,22,1,28.51,94.41,1,1,0,0,2155,71.8,0,0,0,0,8.69,0,24.25,2.03,6,1,95.48,6.4,7.62,3.42,67,34768,3221,1.85,94.82
0,44.57,15,1,108.03,91.05,0,1,0,0,768,25.6,0,0,0,1,6.55,0,28.13,1.58,19,3,90.89,8.82,7.82,7.91,77,45025,3160,4.67,42.58
0,9.2,14,4,7.65,33.76,0,0,1,0,3301,110.0,1,3,0,0,2.53,0,110.41,0.08,43,1,89.61,61.91,2.11,4.92,30,38175,1207,5.45,44.86
0,19.06,3,3,17.44,37.45,0,1,0,0,936,31.2,0,1,0,0,5.77,1,83.82,0.23,2,1,4.45,54.15,3.85,5.57,19,30728,1808,6.32,7.76
1,35.05,18,3,11.51,21.06,0,1,0,1,2305,76.8,0,1,1,0,4.77,0,26.52,1.32,24,2,39.25,40.26,2.23,6.24,26,36523,382,3.3,93.83
1,20.84,2,2,60.65,61.45,0,1,0,0,2329,77.6,1,0,1,0,5.09,1,41.21,0.51,27,2,92.73,29.55,5.03,6.09,18,41803,3117,7.65,51.25
0,102.68,13,0,9.63,49.69,0,1,0,1,517,17.2,0,1,0,0,5.25,0,52.94,1.94,88,3,29.45,0.85,0.33,7.19,67,14908,2729,5.71,15.65
0,21.37,11,2,18.86,82.42,0,0,1,1,2001,66.7,0,0,0,0,9.59,0,22.39,0.95,72,3,1.04,33.47,0.78,5.14,55,32017,4051,3.07,26.15
0,37.64,23,1,18.72,96.0,0,1,0,0,1675,55.8,0,1,0,0,2.06,0,30.92,1.22,54,2,65.84,14.88,6.53,0.73,79,35209,1075,9.77,10.32
0,9.97,23,3,16.62,89.5,1,1,0,0,2438,81.3,0,0,0,0,3.71,0,47.21,0.21,5,1,71.01,35.24,0.9,7.27,78,31209,2679,6.88,64.57
0,7.07,14,4,23.35,28.9,1,0,1,0,1092,36.4,0,1,0,0,3.91,0,54.9,0.13,75,1,94.09,54.32,0.49,8.02,39,24385,4320,6.55,5.74
0,42.78,0,4,9.1,59.67,0,1,0,0,1474,49.1,0,2,0,0,3.55,0,39.35,1.09,49,1,86.23,59.23,3.43,3.14,61,222,3634,5.21,41.13
0,155.21,11,1,22.4,78.32,0,1,0,0,2681,89.4,1,0,0,0,1.56,0,22.89,6.78,37,1,43.11,6.31,9.74,4.56,32,13185,4228,8.41,38.88
0,278.99,3,3,27.22,7.22,0,1,0,0,1849,61.6,0,0,0,0,9.88,0,29.37,9.5,42,2,64.22,44.45,4.06,6.67,25,18903,943,9.32,66.11
0,30.08,23,1,28.01,18.6,1,1,0,0,3194,106.5,0,1,1,0,5.02,0,36.69,0.82,74,1,33.04,19.99,4.72,5.88,60,23854,832,2.84,69.48
0,65.6,20,1,28.53,67.32,0,1,0,0,2113,70.4,0,1,0,0,7.03,0,49.21,1.33,65,1,21.44,6.65,4.45,8.52,50,46372,396,8.07,3.52
0,66.55,18,1,4.11,16.14,0,0,1,0,77,2.6,0,0,1,0,3.26,1,21.48,3.1,8,1,59.79,8.41,6.75,2.14,56,5872,2153,6.47,64.38
0,22.82,20,5,4.26,76.11,0,1,0,0,2236,74.5,1,2,0,0,2.26,1,49.55,0.46,49,1,64.56,84.8,4.21,5.2,45,37192,2046,6.68,13.1
0,172.95,22,5,10.42,22.73,0,0,1,0,2220,74.0,1,0,0,0,9.22,0,79.87,2.17,31,1,64.89,76.54,2.41,1.56,63,7486,1382,6.74,58.91
0,18.92,23,2,3.15,94.58,0,0,1,0,3572,119.1,0,0,0,0,1.83,0,22.52,0.84,76,1,98.3,28.65,0.87,7.39,32,35411,4959,3.92,97.96
0,44.9,1,1,3.91,18.14,0,1,0,1,1753,58.4,0,0,0,0,3.18,0,16.41,2.74,3,1,18.6,18.15,6.56,4.33,70,48940,2121,5.76,41.34
0,15.44,2,4,26.94,95.97,0,1,0,0,2826,94.2,0,1,0,0,5.37,0,47.67,0.32,72,1,89.75,50.67,4.47,5.59,51,31231,1211,2.8,25.96
0,89.59,10,3,22.59,45.03,0,1,0,1,1912,63.7,0,1,1,0,9.14,0,34.86,2.57,4,2,87.96,44.53,9.62,4.52,38,36117,3125,3.8,86.59
0,28.38,2,6,19.78,57.7,1,1,0,0,2417,80.6,0,0,0,0,9.82,0,19.68,1.44,6,1,96.1,89.81,7.92,8.51,63,18617,3728,4.1,61.4
0,66.09,13,1,32.05,88.74,0,1,0,0,2551,85.0,0,1,1,0,8.82,0,23.18,2.85,59,2,9.74,18.86,3.6,3.27,63,20782,730,3.48,23.1
0,295.47,17,5,12.17,42.53,0,1,0,0,1091,36.4,0,0,1,0,2.85,1,45.08,6.55,68,2,65.58,83.81,6.04,7.47,58,9662,122,3.78,74.42
0,13.22,17,1,0.43,56.33,0,1,0,0,3583,119.4,0,0,0,0,2.48,1,29.09,0.45,14,3,49.98,15.25,8.92,1.55,71,30842,3147,1.12,17.59
0,112.76,17,3,41.13,82.59,0,1,0,0,408,13.6,0,1,0,0,1.51,0,30.2,3.73,20,1,95.76,47.28,9.65,9.02,65,8074,3933,1.91,68.82
0,27.17,11,5,15.32,98.81,0,1,0,0,2223,74.1,0,1,0,1,1.93,0,30.39,0.89,2,1,5.51,78.8,7.98,8.48,56,6729,1246,7.66,34.27
0,170.44,23,4,0.34,48.57,0,0,1,0,1068,35.6,0,1,0,0,5.27,1,28.66,5.95,15,1,57.45,53.4,8.6,8.42,49,46904,2856,1.33,25.74
0,38.04,0,7,17.24,56.3,0,0,1,0,1750,58.3,0,1,1,0,3.93,0,9.91,3.84,83,1,21.63,100.0,4.26,9.93,24,48517,903,7.24,18.71
0,88.51,18,2,8.37,94.31,0,1,0,0,3417,113.9,0,0,0,0,7.95,0,37.36,2.37,74,4,39.36,41.07,5.84,9.57,78,15998,1317,8.29,64.48
0,75.56,13,9,7.96,67.72,0,0,1,0,1355,45.2,0,2,0,0,5.47,0,13.76,5.49,68,2,61.97,100.0,6.66,7.22,77,24183,4750,4.19,14.78
0,80.68,19,5,9.45,19.68,0,0,1,0,1476,49.2,0,0,0,0,5.46,0,95.86,0.84,73,1,20.1,77.15,1.47,2.13,24,10642,2594,4.45,15.04
0,5.83,17,3,10.39,48.48,0,1,0,0,3613,120.4,1,0,0,0,9.01,0,34.11,0.17,8,2,77.94,44.3,0.92,3.68,67,35802,1769,1.26,23.28
0,206.88,1,4,33.37,56.79,0,0,1,0,436,14.5,0,1,0,0,6.42,0,64.49,3.21,23,4,27.55,58.44,4.59,2.55,74,37664,4560,1.49,89.83
0,35.92,23,1,4.52,79.42,0,1,0,0,3188,106.3,0,1,0,0,7.13,0,38.51,0.93,6,4,25.3,26.24,4.99,3.04,63,19161,2073,5.39,32.16
0,18.14,15,2,18.21,67.78,0,1,0,0,2865,95.5,0,0,0,0,6.81,0,45.91,0.4,59,1,6.28,24.73,2.87,6.73,52,26046,3158,2.12,10.97
0,10.27,0,7,5.58,18.83,1,1,0,0,3400,113.3,0,1,0,0,4.96,1,29.41,0.35,58,1,93.96,92.4,6.29,3.86,50,15088,558,9.97,31.04
0,44.43,9,6,10.37,25.37,1,0,1,1,1012,33.7,0,0,1,0,7.99,0,31.48,1.41,45,3,57.75,88.78,9.9,2.96,76,41511,975,8.75,2.31
0,42.27,9,3,9.99,16.9,0,1,0,1,2890,96.3,0,0,0,0,8.27,0,28.5,1.48,54,2,63.36,42.68,5.48,2.13,37,41128,3280,3.36,13.63
0,100.27,10,1,47.69,58.61,0,0,1,0,3456,115.2,0,2,0,0,8.07,0,14.3,7.01,80,2,60.26,23.0,4.32,3.14,58,9089,78,6.76,57.15
0,76.31,9,4,26.45,79.99,0,0,1,1,458,15.3,1,2,0,0,1.33,0,40.69,1.88,37,2,5.86,68.34,4.18,5.58,31,46009,430,8.46,37.62
0,35.54,15,4,0.63,14.09,0,1,0,0,2957,98.6,0,4,1,0,5.45,0,24.83,1.43,44,1,24.0,66.19,1.61,5.33,18,25201,1892,5.05,51.51
0,17.08,20,3,3.7,3.26,0,1,0,0,836,27.9,0,0,0,0,3.73,0,21.04,0.81,31,2,51.63,59.68,8.47,9.24,71,11308,2041,1.21,26.0
0,22.71,12,1,50.31,77.88,0,0,1,0,744,24.8,0,1,1,0,9.46,0,18.53,1.23,42,2,14.55,11.45,8.05,8.97,46,28550,1457,3.2,6.29
0,64.87,21,3,29.41,69.78,0,1,0,0,2725,90.8,0,2,0,0,5.72,0,43.1,1.51,23,2,67.46,65.68,0.31,3.22,77,38371,3685,2.17,64.54
0,24.32,4,5,11.39,22.34,1,0,1,1,2968,98.9,1,0,0,0,2.13,0,58.94,0.41,22,1,83.21,72.04,7.78,7.21,73,18067,4879,3.48,89.26
1,165.72,10,2,0.51,28.84,1,1,0,0,1543,51.4,1,0,0,0,2.2,0,56.14,2.95,26,1,80.82,28.16,3.56,9.74,30,10400,1175,4.9,86.06
1,44.44,15,2,50.71,32.39,1,1,0,1,990,33.0,0,0,0,0,1.49,0,30.09,1.48,27,1,18.31,22.43,7.12,9.22,63,14835,3298,7.51,49.32
0,7.21,14,3,27.86,24.03,0,1,0,1,1448,48.3,0,1,0,0,9.53,0,38.09,0.19,31,1,47.56,48.78,7.3,5.82,45,27641,4998,7.14,65.56
0,7.2,12,2,6.52,92.54,1,0,1,0,2567,85.6,0,0,0,0,1.16,0,26.85,0.27,63,2,58.76,29.96,0.28,1.2,76,25197,3047,8.62,48.21
0,97.97,1,2,0.75,20.48,0,1,0,0,817,27.2,0,1,0,0,6.96,0,65.66,1.49,78,2,33.54,28.89,0.81,0.19,32,7137,1582,1.03,57.39
0,127.96,3,2,15.96,23.52,0,0,1,0,984,32.8,0,2,1,0,7.19,0,37.45,3.42,89,1,43.71,19.29,4.41,5.37,72,22432,1547,4.99,19.11
0,79.81,17,4,45.66,88.85,1,1,0,0,998,33.3,1,1,1,1,1.11,0,78.7,1.01,25,1,33.36,58.24,1.74,5.11,40,9927,4813,7.4,36.7
0,8.92,22,4,28.43,23.95,1,1,0,0,1561,52.0,1,1,0,0,6.63,1,41.65,0.21,26,1,81.38,53.08,8.15,7.6,65,21301,4100,8.43,98.66
0,26.24,18,4,39.74,68.29,0,1,0,1,2364,78.8,0,1,0,1,4.67,1,24.4,1.08,13,2,35.54,59.14,3.38,6.84,59,45467,845,5.79,9.71
0,112.11,9,5,1.86,60.38,0,1,0,0,1634,54.5,0,0,0,0,9.51,1,15.59,7.19,74,1,88.57,70.81,0.1,5.44,52,13030,1890,2.34,26.84
0,40.78,10,2,3.59,84.83,0,1,0,0,613,20.4,0,1,0,0,5.87,1,20.93,1.95,7,1,81.75,9.49,4.62,9.4,64,29897,4859,4.91,30.83
0,37.65,21,2,12.08,88.87,1,1,0,0,3077,102.6,1,1,0,0,4.76,0,21.7,1.74,3,2,0.44,40.21,6.13,7.9,69,32730,4297,8.26,41.12
0,152.49,19,7,14.28,48.05,0,1,0,0,3524,117.5,0,0,0,0,4.68,0,18.25,8.36,51,1,86.84,100.0,6.88,8.78,41,28084,4059,2.56,24.39
0,9.98,1,1,14.2,99.21,0,1,0,0,1764,58.8,0,0,0,0,8.44,0,29.79,0.34,85,2,23.41,30.15,6.14,3.07,35,33561,4974,6.17,98.17
0,32.77,5,5,5.27,10.49,1,0,1,0,2946,98.2,0,1,1,0,3.97,1,24.74,1.32,8,2,46.92,80.43,4.19,2.04,34,15723,2444,5.75,39.97
0,6.35,7,7,6.35,43.02,0,1,0,0,3119,104.0,0,0,0,0,3.2,0,49.08,0.13,68,2,78.14,99.17,9.64,2.84,28,17372,4817,7.41,25.43
0,5.53,6,2,21.54,59.76,0,1,0,1,2584,86.1,0,0,0,0,6.44,0,28.93,0.19,24,2,16.77,28.14,7.96,6.43,37,35153,179,4.04,94.29
0,56.87,9,2,30.36,28.35,0,1,0,0,1380,46.0,0,0,0,0,8.98,1,11.22,5.07,12,1,1.4,39.26,4.96,5.75,74,48206,3439,2.94,65.35
0,6.61,17,5,53.01,84.2,1,0,1,1,3351,111.7,0,0,0,1,4.0,0,19.57,0.34,9,2,93.11,68.14,3.94,0.81,55,42450,4101,6.3,75.15
0,30.55,22,2,10.98,79.93,0,0,1,0,3306,110.2,0,1,0,0,4.52,0,24.59,1.24,25,1,14.98,20.09,0.17,5.5,42,15195,2328,8.12,55.29
0,50.87,6,1,41.19,71.0,0,1,0,0,932,31.1,1,1,0,0,3.09,1,14.21,3.58,37,3,79.4,5.59,3.97,6.81,49,48049,723,5.91,67.78
1,10.86,4,2,7.65,43.59,0,1,0,1,1044,34.8,0,1,1,0,1.61,0,44.37,0.24,5,1,78.8,26.74,3.44,6.13,47,1991,3840,9.53,97.72
0,67.26,11,3,4.89,69.38,0,1,0,0,1981,66.0,0,0,0,0,7.23,1,36.64,1.84,56,2,16.71,33.41,2.76,4.98,59,11509,3434,5.89,61.72
1,122.47,22,2,77.66,19.0,0,0,1,1,1120,37.3,0,1,0,0,3.54,1,24.51,5.0,80,2,99.96,28.57,2.16,9.74,32,25803,3094,5.73,0.23
0,183.46,10,1,18.92,97.51,0,1,0,0,2174,72.5,0,0,0,0,9.88,0,34.09,5.38,10,1,15.57,16.93,5.39,2.4,18,10048,4132,1.96,33.64
0,54.78,6,3,21.37,8.28,0,0,1,0,3003,100.1,0,0,1,1,9.31,1,20.55,2.67,47,1,5.15,47.34,6.51,3.45,37,16202,4019,4.0,68.05
0,102.38,23,4,24.4,67.16,0,1,0,1,2666,88.9,0,0,0,0,5.29,0,32.87,3.11,36,2,60.19,72.22,4.66,4.35,37,16617,1078,3.7,3.78
0,73.98,14,2,16.66,10.53,0,1,0,0,1001,33.4,0,1,0,0,9.25,1,19.94,3.71,59,1,12.79,36.15,1.31,0.67,59,10739,3921,4.37,95.38
0,25.08,16,6,36.19,25.96,1,1,0,0,775,25.8,0,2,0,0,6.41,0,53.22,0.47,85,1,76.87,89.37,8.93,5.97,54,1708,600,6.47,8.3
0,16.92,18,2,46.13,13.55,0,1,0,0,1634,54.5,0,0,1,0,2.15,0,34.76,0.49,37,4,82.97,32.33,2.97,0.78,62,45070,2469,4.87,1.35
0,119.35,10,2,15.34,85.74,0,1,0,0,1750,58.3,0,0,1,0,4.08,0,52.58,2.27,50,2,24.0,43.02,4.71,9.69,77,37105,4751,8.06,36.61
0,19.72,0,2,4.1,9.87,0,0,1,0,3029,101.0,0,1,0,0,8.89,0,34.87,0.57,61,4,47.32,23.04,7.98,5.41,61,652,4774,4.54,66.26
0,243.59,21,6,47.2,0.32,0,0,1,1,1486,49.5,0,1,0,1,9.8,0,42.84,5.69,46,1,69.35,100.0,0.31,7.5,34,20659,930,8.27,60.78
0,19.95,1,4,37.49,71.09,0,1,0,0,2547,84.9,0,2,0,0,8.37,1,12.77,1.56,53,3,20.63,71.61,2.57,4.37,42,49656,3921,7.05,23.55
0,140.9,6,3,23.55,96.57,0,0,1,0,2644,88.1,0,1,0,0,9.34,0,47.5,2.97,32,4,42.52,48.22,1.78,4.63,39,16104,3914,1.56,93.44
0,164.05,0,1,6.51,93.86,0,1,0,0,1051,35.0,0,0,1,0,7.27,0,23.64,6.94,24,2,80.39,11.47,8.34,1.88,25,22284,1760,8.12,23.72
0,10.42,13,6,2.78,76.75,0,1,0,0,1021,34.0,0,1,0,0,3.61,1,36.47,0.29,24,2,49.34,90.79,3.62,8.65,39,10418,3675,6.06,86.93
0,16.54,8,4,8.94,64.85,0,0,1,0,724,24.1,0,1,1,0,6.79,0,24.18,0.68,52,2,90.87,58.37,7.42,1.93,69,44508,2923,9.26,58.45
0,34.82,12,1,4.38,81.96,0,1,0,0,2491,83.0,0,0,0,0,4.23,1,48.99,0.71,75,1,95.89,13.21,4.53,8.25,62,47207,1688,8.6,49.99
0,147.42,6,3,53.07,62.73,0,1,0,0,79,2.6,0,1,0,0,9.03,0,92.74,1.59,7,1,10.67,44.26,0.15,2.11,73,42819,1313,9.14,10.2
0,79.23,11,1,13.66,99.3,0,0,1,0,2963,98.8,0,0,1,0,3.73,0,17.22,4.6,67,1,16.17,17.88,2.7,3.48,59,4327,2434,5.54,15.22
0,26.13,14,2,26.12,85.12,0,0,1,1,2487,82.9,1,0,0,0,3.67,0,23.5,1.11,43,1,17.1,35.26,9.89,2.89,64,15262,3743,7.83,7.23
0,97.39,16,2,24.49,35.36,0,0,1,0,1381,46.0,0,0,0,0,6.68,0,50.22,1.94,7,2,18.45,23.74,2.65,4.99,45,19192,534,3.78,86.73
0,68.92,20,7,4.98,41.17,0,1,0,0,1641,54.7,0,1,0,0,7.46,1,38.58,1.79,31,2,86.23,100.0,0.91,8.7,22,16021,3360,5.83,83.94
0,7.56,5,3,25.73,83.95,0,1,0,0,1658,55.3,1,1,0,0,1.57,0,51.32,0.15,69,1,96.05,48.86,6.12,3.79,68,34119,3042,6.16,71.78
0,36.49,6,8,12.37,70.55,1,1,0,0,2749,91.6,0,0,0,0,7.98,0,77.88,0.47,57,1,62.29,100.0,5.49,9.69,23,38899,3860,5.98,77.54
0,164.97,18,1,0.24,17.91,0,0,1,0,704,23.5,0,2,0,0,5.21,1,13.85,11.91,87,1,55.66,17.45,5.81,7.35,78,12440,4342,8.52,76.94
0,31.71,1,3,9.35,97.8,0,1,0,0,153,5.1,0,1,0,0,1.56,0,26.21,1.21,36,1,24.78,33.01,0.5,7.39,56,36574,2332,1.06,54.1
0,38.51,12,2,39.04,33.85,0,1,0,1,3509,117.0,0,0,1,0,2.43,0,28.0,1.38,42,1,7.09,31.61,7.92,0.48,42,32775,598,6.48,34.18
0,24.15,6,3,2.0,22.48,0,1,0,0,2946,98.2,0,0,0,0,4.5,0,40.99,0.59,75,4,1.37,53.49,0.21,6.13,50,34343,1858,3.28,39.11
0,15.81,4,6,2.05,69.47,0,1,0,0,1215,40.5,0,0,1,0,4.05,0,69.91,0.23,20,3,65.9,94.89,6.8,5.88,47,26092,468,3.17,46.67
0,42.04,8,3,7.18,18.66,1,1,0,1,2295,76.5,0,1,0,0,8.42,0,100.35,0.42,42,2,57.99,35.85,6.45,5.57,69,11008,3338,2.81,13.03
0,30.55,22,5,11.54,59.22,0,1,0,0,1097,36.6,1,0,0,0,3.21,0,92.19,0.33,50,1,73.79,86.02,0.83,5.98,25,41131,695,5.36,38.66
0,12.66,15,3,2.03,28.04,0,1,0,0,1123,37.4,0,0,0,0,9.92,0,29.73,0.43,32,1,1.87,49.48,6.58,5.8,52,40124,474,5.77,29.16
0,90.88,2,0,26.0,47.02,0,1,0,0,189,6.3,0,2,0,0,8.35,0,60.18,1.51,82,2,85.21,0.01,5.92,7.39,44,39496,1632,4.55,5.95
0,62.59,8,5,18.6,82.72,0,1,0,0,347,11.6,0,3,0,0,1.36,0,48.55,1.29,41,2,33.78,81.53,0.23,6.5,60,49939,2103,9.46,39.39
0,35.71,16,2,13.19,29.28,0,1,0,1,3015,100.5,0,1,0,0,6.32,0,39.04,0.91,75,2,65.52,14.61,1.73,6.58,61,47488,4160,7.82,5.61
0,7.89,15,6,25.2,6.55,0,1,0,0,2849,95.0,0,0,0,0,5.22,0,42.05,0.19,72,3,82.73,97.06,6.49,8.44,19,3682,1527,1.55,32.37
0,10.78,14,1,18.82,78.49,0,0,1,0,1991,66.4,0,0,0,0,4.28,1,40.51,0.27,70,1,28.99,16.29,1.24,7.24,62,10807,1438,5.75,92.47
0,112.93,0,4,8.07,53.9,0,1,0,0,930,31.0,1,0,0,0,9.5,0,86.35,1.31,21,1,76.13,66.95,9.31,0.62,21,26354,953,6.05,11.81
0,77.52,11,7,8.8,83.22,0,1,0,1,2296,76.5,0,0,1,0,5.28,1,41.83,1.85,79,1,58.6,100.0,5.8,6.41,50,2990,1386,7.81,17.19
0,51.71,21,4,13.17,80.71,0,1,0,1,1506,50.2,0,1,1,0,1.3,0,23.62,2.19,52,2,90.77,55.43,6.88,2.73,68,4930,758,6.4,74.36
0,66.69,13,5,10.18,85.3,0,1,0,0,3476,115.9,0,0,0,1,1.5,1,56.19,1.19,39,2,9.63,66.87,0.94,7.6,68,33554,2946,4.38,24.86
0,46.55,6,5,83.99,55.7,0,1,0,0,3310,110.3,1,2,0,1,2.35,0,40.94,1.14,41,1,47.47,87.8,5.58,9.5,75,45026,4233,6.24,36.4
0,27.02,21,2,8.56,53.02,0,0,1,0,2040,68.0,0,2,0,0,4.72,0,34.07,0.79,26,1,61.63,36.98,1.52,3.42,75,28730,3923,9.08,55.88
0,19.81,8,4,1.52,44.99,1,1,0,1,1365,45.5,0,0,0,0,5.11,0,57.56,0.34,2,1,95.17,56.96,9.6,3.84,56,2719,2705,4.08,60.88
0,30.38,10,0,1.76,65.12,0,1,0,0,3263,108.8,0,1,1,0,3.6,0,67.41,0.45,16,1,94.79,4.47,5.26,4.11,73,238,3222,4.95,95.22
0,29.93,8,1,130.61,54.18,0,1,0,1,380,12.7,0,2,0,0,5.19,0,67.98,0.44,11,2,82.66,0.0,2.06,7.65,71,47888,1292,4.39,43.45
0,146.36,6,1,11.05,4.36,0,0,1,0,3462,115.4,0,0,1,1,1.08,1,24.07,6.08,10,1,0.31,21.6,3.57,3.91,62,14811,965,2.73,14.03
0,28.29,17,6,7.6,35.92,0,1,0,0,2517,83.9,0,0,0,0,2.31,0,61.95,0.46,58,1,2.87,90.43,8.55,4.33,75,38227,1340,1.28,22.55
0,21.31,10,3,7.92,73.49,0,1,0,0,962,32.1,0,2,1,0,8.26,1,35.21,0.61,31,1,20.02,51.07,6.78,7.15,73,26217,4308,7.39,30.56
0,55.52,8,2,46.17,77.81,0,1,0,0,1811,60.4,0,0,0,0,1.19,1,11.44,4.85,62,2,48.13,32.18,6.89,4.01,34,32441,1814,7.27,76.14
0,494.55,5,4,85.27,77.81,0,1,0,0,733,24.4,0,0,0,0,2.41,0,31.4,15.75,27,1,39.1,61.73,3.32,0.78,51,43745,161,5.84,35.75
0,214.21,10,0,16.78,2.1,1,1,0,1,1519,50.6,0,2,0,0,1.31,1,28.02,7.64,70,1,61.42,8.53,0.23,1.37,55,33603,1811,3.65,12.02
0,48.48,12,2,84.41,45.25,0,0,1,0,1743,58.1,0,0,0,0,6.36,1,21.28,2.28,55,2,2.23,16.0,5.78,0.66,72,36169,1088,2.66,39.58
1,52.52,4,7,29.08,62.82,0,1,0,0,1371,45.7,0,0,0,0,3.49,0,46.52,1.13,79,2,12.97,100.0,5.5,6.94,30,15846,1141,8.29,87.61
0,43.7,9,1,15.77,92.99,0,0,1,0,2075,69.2,0,0,0,1,9.5,0,38.69,1.13,50,1,83.9,16.91,0.49,9.08,39,41972,3502,3.18,71.81
0,157.36,10,0,1.59,22.7,1,1,0,0,189,6.3,0,0,0,0,4.9,1,42.96,3.66,34,1,67.6,3.37,9.01,8.67,28,25017,3553,5.44,9.76
0,34.6,14,6,21.49,91.44,0,0,1,0,621,20.7,0,0,1,0,3.51,1,33.53,1.03,38,1,29.18,93.64,0.19,3.47,28,11354,4194,9.37,54.12
0,35.5,21,1,29.32,91.14,1,0,1,0,2617,87.2,0,0,0,0,4.5,0,28.22,1.26,88,3,67.63,23.15,2.9,0.33,63,27226,2143,2.65,21.24
0,48.43,17,2,24.89,98.68,0,1,0,1,2133,71.1,0,0,0,0,1.78,0,20.38,2.38,37,1,34.98,33.8,6.0,4.74,73,5146,4012,2.88,74.68
1,72.04,19,2,45.05,14.53,1,0,1,0,3396,113.2,1,1,0,0,7.11,0,27.34,2.63,48,4,67.67,31.04,8.26,3.88,58,43753,3344,1.62,30.62
0,165.18,7,4,37.97,17.16,1,1,0,0,2118,70.6,0,0,0,0,3.03,0,45.22,3.65,21,1,88.63,64.9,9.49,4.84,71,10626,2619,5.08,81.48
0,129.61,9,1,39.78,36.22,0,1,0,1,627,20.9,0,1,0,0,1.42,0,12.01,10.79,88,1,85.64,32.58,4.84,3.14,50,23418,1168,3.03,44.04
0,60.9,22,3,3.44,10.73,0,1,0,0,2233,74.4,0,3,0,1,3.03,0,58.83,1.04,19,1,85.62,40.11,9.89,7.24,41,3100,2573,8.99,48.98
0,40.28,12,1,39.05,34.72,0,1,0,0,1494,49.8,0,1,0,0,7.85,0,101.77,0.4,42,1,60.67,22.75,2.88,2.93,64,19692,2341,9.65,4.4
0,71.35,16,3,33.4,49.12,0,1,0,1,3023,100.8,1,1,0,1,5.98,0,12.22,5.84,30,1,36.83,34.04,5.3,9.61,62,28795,1186,1.92,96.71
0,56.71,16,3,6.87,79.16,0,0,1,0,545,18.2,0,3,0,0,6.21,1,63.57,0.89,31,1,0.67,60.45,6.05,7.67,31,26330,3581,2.6,58.61
0,38.17,16,2,8.17,85.16,0,1,0,0,2076,69.2,0,0,0,0,8.32,0,54.35,0.7,58,1,90.35,28.59,4.52,5.05,30,14579,1192,2.13,93.15
0,268.43,7,6,17.45,2.96,0,1,0,0,801,26.7,1,3,0,0,2.27,0,85.19,3.15,27,3,42.29,98.0,6.24,4.55,35,23372,380,1.48,10.0
0,35.1,6,0,39.42,11.85,1,1,0,0,867,28.9,0,1,1,0,8.23,0,37.96,0.92,46,2,29.13,9.19,1.21,5.89,30,26300,3810,4.95,53.15
0,17.2,3,5,30.85,31.2,0,1,0,0,2128,70.9,0,1,0,0,5.46,1,22.48,0.77,43,1,15.79,69.51,0.56,8.43,62,2304,3959,1.52,85.87
0,123.0,19,2,6.72,7.78,0,1,0,0,2846,94.9,0,2,1,0,4.27,0,29.05,4.23,25,1,95.42,44.52,0.39,6.77,34,298,1497,9.49,27.67
0,76.59,9,2,21.02,3.23,0,1,0,0,191,6.4,0,1,0,0,7.78,1,50.79,1.51,81,1,53.88,39.68,5.01,8.37,74,4340,193,9.54,58.45
1,74.59,7,2,86.51,21.33,0,1,0,0,1629,54.3,0,2,0,0,5.41,1,7.81,9.55,13,2,17.72,37.69,5.9,7.55,23,49847,58,1.35,10.63
0,3.41,16,0,13.71,16.18,1,0,1,0,1218,40.6,0,1,0,0,3.16,0,30.83,0.11,32,1,96.73,2.45,8.03,7.09,59,35688,33,5.95,26.71
0,23.29,11,6,16.09,66.86,0,0,1,0,3582,119.4,0,1,0,0,6.59,1,31.48,0.74,35,1,90.39,92.89,2.12,5.15,57,6490,995,3.09,38.22
0,55.07,16,3,44.69,21.18,0,1,0,1,466,15.5,0,0,0,1,2.7,0,100.21,0.55,19,1,79.36,41.28,0.11,3.72,74,32768,2578,1.64,24.13
0,20.35,2,3,37.01,44.52,0,1,0,1,940,31.3,1,0,0,0,8.9,1,58.96,0.35,63,1,53.03,62.79,5.84,0.61,23,37211,4314,2.97,71.15
